H;penstroke-edit;2;caveat_edit_subset fixing.cdr;464;564;0
G;0;0000;hash
S;0;3;69.15;328.36
S;0;3;72.12;328.78
S;0;3;75.09;329.10
S;0;3;78.08;329.37
S;0;3;81.07;329.59
S;0;3;84.06;329.79
S;0;3;87.05;329.97
S;0;3;90.04;330.13
S;0;3;93.03;330.27
S;0;3;96.02;330.40
S;0;3;99.02;330.52
S;0;3;102.01;330.63
S;0;3;105.00;330.73
S;0;3;108.00;330.83
S;0;3;110.99;330.91
S;0;3;113.99;330.99
S;0;3;116.98;331.07
S;0;3;119.98;331.13
S;0;3;122.97;331.20
S;0;3;125.97;331.25
S;0;3;128.97;331.30
S;0;3;131.96;331.35
S;0;3;134.96;331.39
S;0;3;137.95;331.43
S;0;3;140.95;331.46
S;0;3;143.94;331.49
S;0;3;146.94;331.52
S;0;3;149.94;331.54
S;0;3;152.93;331.55
S;0;3;155.93;331.56
S;0;3;158.92;331.57
S;0;3;161.92;331.57
S;0;3;164.91;331.57
S;0;3;167.91;331.56
S;0;3;170.91;331.55
S;0;3;173.90;331.53
S;0;3;176.90;331.51
S;0;3;179.89;331.48
S;0;3;182.89;331.44
S;0;3;185.89;331.40
S;0;3;188.88;331.34
S;0;3;191.88;331.28
S;0;3;194.87;331.20
S;0;3;197.86;331.10
S;0;3;200.86;330.98
S;0;3;203.85;330.83
S;0;3;206.84;330.66
S;0;3;209.83;330.52
S;0;3;212.83;330.39
S;0;3;215.82;330.27
S;0;3;218.82;330.17
S;0;3;221.81;330.07
S;0;3;224.80;329.98
S;0;3;227.80;329.90
S;0;3;230.79;329.81
S;0;3;233.79;329.73
S;0;3;236.78;329.64
S;0;3;239.78;329.54
S;0;3;242.77;329.43
S;0;3;245.76;329.32
S;0;3;248.76;329.19
S;0;3;251.75;329.04
S;0;3;254.74;328.87
S;0;3;257.73;328.68
S;0;3;260.72;328.47
S;0;3;263.71;328.23
S;0;3;266.69;327.96
S;0;3;269.67;327.66
S;0;2;99.73;254.07
S;0;2;102.70;254.36
S;0;2;105.67;254.52
S;0;2;108.65;254.64
S;0;2;111.63;254.73
S;0;2;114.61;254.79
S;0;2;117.59;254.85
S;0;2;120.57;254.89
S;0;2;123.55;254.93
S;0;2;126.53;254.95
S;0;2;129.51;254.97
S;0;2;132.49;254.99
S;0;2;135.47;255.00
S;0;2;138.45;255.01
S;0;2;141.43;255.01
S;0;2;144.41;255.01
S;0;2;147.39;255.00
S;0;2;150.37;254.99
S;0;2;153.35;254.98
S;0;2;156.33;254.96
S;0;2;159.31;254.94
S;0;2;162.29;254.92
S;0;2;165.27;254.90
S;0;2;168.25;254.87
S;0;2;171.23;254.85
S;0;2;174.21;254.81
S;0;2;177.20;254.78
S;0;2;180.18;254.74
S;0;2;183.16;254.71
S;0;2;186.14;254.66
S;0;2;189.12;254.62
S;0;2;192.10;254.57
S;0;2;195.08;254.52
S;0;2;198.06;254.47
S;0;2;201.04;254.41
S;0;2;204.02;254.35
S;0;2;206.99;254.29
S;0;2;209.97;254.22
S;0;2;212.95;254.15
S;0;2;215.93;254.07
S;0;2;218.91;253.98
S;0;2;221.89;253.89
S;0;2;224.87;253.78
S;0;2;227.85;253.65
S;0;2;230.82;253.50
S;0;2;233.80;253.30
S;0;2;236.77;253.10
S;0;2;239.74;252.89
S;0;2;242.72;252.69
S;0;2;245.69;252.48
S;0;2;248.67;252.28
S;0;2;251.64;252.09
S;0;2;254.61;251.90
S;0;2;257.59;251.72
S;0;2;260.56;251.54
S;0;2;263.54;251.38
S;0;2;266.52;251.22
S;0;2;269.49;251.08
S;0;2;272.47;250.95
S;0;2;275.45;250.83
S;0;2;278.43;250.73
S;0;2;281.41;250.64
S;0;2;284.39;250.58
S;0;2;287.37;250.52
S;0;2;290.35;250.49
S;0;2;293.33;250.48
S;0;2;296.31;250.48
S;0;2;299.29;250.51
S;0;2;302.27;250.55
S;0;1;290.19;127.43
S;0;1;289.38;130.32
S;0;1;288.53;133.20
S;0;1;287.64;136.07
S;0;1;286.71;138.93
S;0;1;285.76;141.77
S;0;1;284.77;144.61
S;0;1;283.75;147.43
S;0;1;282.71;150.25
S;0;1;281.64;153.05
S;0;1;280.55;155.85
S;0;1;279.44;158.64
S;0;1;278.31;161.42
S;0;1;277.16;164.20
S;0;1;276.00;166.97
S;0;1;274.83;169.73
S;0;1;273.64;172.49
S;0;1;272.45;175.25
S;0;1;271.25;178.00
S;0;1;270.05;180.75
S;0;1;268.85;183.50
S;0;1;267.64;186.25
S;0;1;266.44;189.00
S;0;1;265.24;191.76
S;0;1;264.05;194.51
S;0;1;262.86;197.27
S;0;1;261.69;200.03
S;0;1;260.58;202.82
S;0;1;259.52;205.64
S;0;1;258.52;208.46
S;0;1;257.55;211.30
S;0;1;256.60;214.16
S;0;1;255.68;217.01
S;0;1;254.77;219.87
S;0;1;253.85;222.73
S;0;1;252.93;225.59
S;0;1;251.98;228.44
S;0;1;251.01;231.28
S;0;1;249.99;234.11
S;0;1;248.93;236.92
S;0;1;247.82;239.70
S;0;1;246.64;242.47
S;0;1;245.42;245.21
S;0;1;244.15;247.93
S;0;1;242.85;250.64
S;0;1;241.53;253.33
S;0;1;240.20;256.02
S;0;1;238.86;258.71
S;0;1;237.53;261.40
S;0;1;236.21;264.10
S;0;1;234.91;266.81
S;0;1;233.64;269.53
S;0;1;232.41;272.27
S;0;1;231.23;275.03
S;0;1;230.11;277.81
S;0;1;229.03;280.62
S;0;1;228.00;283.44
S;0;1;227.01;286.27
S;0;1;226.05;289.11
S;0;1;225.12;291.97
S;0;1;224.22;294.83
S;0;1;223.34;297.71
S;0;1;222.48;300.58
S;0;1;221.63;303.46
S;0;1;220.80;306.35
S;0;1;219.96;309.23
S;0;1;219.14;312.12
S;0;1;218.30;315.00
S;0;1;217.46;317.89
S;0;1;216.61;320.77
S;0;1;215.75;323.64
S;0;1;214.87;326.51
S;0;1;213.96;329.37
S;0;1;213.02;332.23
S;0;1;212.06;335.07
S;0;1;211.06;337.90
S;0;1;210.03;340.72
S;0;1;209.01;343.55
S;0;1;207.98;346.37
S;0;1;206.96;349.19
S;0;1;205.93;352.01
S;0;1;204.91;354.84
S;0;1;203.90;357.66
S;0;1;202.89;360.49
S;0;1;201.90;363.32
S;0;1;200.91;366.16
S;0;1;199.93;369.00
S;0;1;198.96;371.84
S;0;1;198.01;374.69
S;0;1;197.07;377.54
S;0;1;196.15;380.40
S;0;1;195.25;383.26
S;0;1;194.37;386.13
S;0;1;193.51;389.01
S;0;1;192.67;391.89
S;0;1;191.85;394.78
S;0;1;191.06;397.68
S;0;1;190.30;400.58
S;0;1;189.57;403.50
S;0;1;188.87;406.42
S;0;1;188.20;409.34
S;0;1;187.56;412.28
S;0;1;186.96;415.22
S;0;1;186.40;418.17
S;0;1;185.87;421.13
S;0;1;185.39;424.09
S;0;1;184.95;427.06
S;0;1;184.56;430.04
S;0;1;184.21;433.02
S;0;1;183.91;436.01
S;0;1;183.67;439.00
S;0;1;183.47;441.99
S;0;1;183.33;444.99
S;0;1;183.24;448.00
S;0;1;183.22;451.00
S;0;1;183.25;454.00
S;0;0;207.42;116.39
S;0;0;206.67;119.29
S;0;0;205.88;122.18
S;0;0;205.07;125.07
S;0;0;204.25;127.94
S;0;0;203.39;130.82
S;0;0;202.52;133.68
S;0;0;201.63;136.54
S;0;0;200.72;139.40
S;0;0;199.80;142.25
S;0;0;198.86;145.09
S;0;0;197.90;147.93
S;0;0;196.93;150.76
S;0;0;195.95;153.59
S;0;0;194.95;156.42
S;0;0;193.94;159.24
S;0;0;192.92;162.05
S;0;0;191.89;164.87
S;0;0;190.85;167.68
S;0;0;189.81;170.48
S;0;0;188.75;173.29
S;0;0;187.69;176.09
S;0;0;186.63;178.89
S;0;0;185.56;181.69
S;0;0;184.48;184.48
S;0;0;183.41;187.28
S;0;0;182.33;190.07
S;0;0;181.26;192.87
S;0;0;180.18;195.67
S;0;0;179.11;198.46
S;0;0;178.05;201.26
S;0;0;177.00;204.07
S;0;0;175.95;206.88
S;0;0;174.91;209.68
S;0;0;173.83;212.48
S;0;0;172.73;215.26
S;0;0;171.60;218.04
S;0;0;170.45;220.80
S;0;0;169.28;223.56
S;0;0;168.10;226.31
S;0;0;166.90;229.06
S;0;0;165.70;231.80
S;0;0;164.49;234.54
S;0;0;163.28;237.29
S;0;0;162.07;240.03
S;0;0;160.87;242.77
S;0;0;159.67;245.51
S;0;0;158.49;248.27
S;0;0;157.31;251.02
S;0;0;156.16;253.79
S;0;0;155.03;256.56
S;0;0;153.92;259.34
S;0;0;152.83;262.13
S;0;0;151.78;264.94
S;0;0;150.76;267.75
S;0;0;149.75;270.57
S;0;0;148.75;273.40
S;0;0;147.77;276.23
S;0;0;146.79;279.06
S;0;0;145.83;281.90
S;0;0;144.89;284.74
S;0;0;143.95;287.59
S;0;0;143.02;290.43
S;0;0;142.09;293.28
S;0;0;141.18;296.13
S;0;0;140.27;298.99
S;0;0;139.36;301.84
S;0;0;138.46;304.70
S;0;0;137.56;307.56
S;0;0;136.67;310.42
S;0;0;135.78;313.28
S;0;0;134.88;316.14
S;0;0;133.99;319.00
S;0;0;133.10;321.85
S;0;0;132.20;324.71
S;0;0;131.30;327.57
S;0;0;130.40;330.43
S;0;0;129.49;333.28
S;0;0;128.58;336.13
S;0;0;127.66;338.98
S;0;0;126.73;341.83
S;0;0;125.79;344.68
S;0;0;124.85;347.52
S;0;0;123.89;350.36
S;0;0;122.92;353.19
S;0;0;121.94;356.02
S;0;0;120.95;358.85
S;0;0;119.95;361.67
S;0;0;118.94;364.49
S;0;0;117.92;367.31
S;0;0;116.90;370.13
S;0;0;115.88;372.94
S;0;0;114.86;375.76
S;0;0;113.85;378.58
S;0;0;112.85;381.40
S;0;0;111.85;384.23
S;0;0;110.87;387.06
S;0;0;109.90;389.89
S;0;0;108.95;392.73
S;0;0;108.02;395.58
S;0;0;107.11;398.43
S;0;0;106.23;401.30
S;0;0;105.38;404.17
S;0;0;104.56;407.05
S;0;0;103.77;409.94
S;0;0;103.02;412.84
S;0;0;102.30;415.75
S;0;0;101.63;418.67
S;0;0;101.01;421.60
S;0;0;100.43;424.54
S;0;0;99.91;427.49
S;0;0;99.44;430.44
S;0;0;99.03;433.41
S;0;0;98.67;436.39
S;0;0;98.38;439.37
S;0;0;98.16;442.35
S;0;0;98.01;445.35
S;0;0;97.92;448.34
S;0;0;97.91;451.34
S;0;0;97.97;454.33
G;1;0000;dollar
S;1;0;246.98;201.52
S;1;0;244.40;200.01
S;1;0;241.71;198.69
S;1;0;238.95;197.53
S;1;0;236.13;196.55
S;1;0;233.25;195.72
S;1;0;230.33;195.05
S;1;0;227.39;194.53
S;1;0;224.42;194.15
S;1;0;221.44;193.90
S;1;0;218.45;193.78
S;1;0;215.46;193.78
S;1;0;212.47;193.90
S;1;0;209.48;194.13
S;1;0;206.51;194.47
S;1;0;203.55;194.92
S;1;0;200.61;195.47
S;1;0;197.69;196.12
S;1;0;194.79;196.87
S;1;0;191.93;197.73
S;1;0;189.09;198.68
S;1;0;186.29;199.73
S;1;0;183.52;200.88
S;1;0;180.81;202.13
S;1;0;178.14;203.49
S;1;0;175.52;204.94
S;1;0;172.97;206.50
S;1;0;170.49;208.17
S;1;0;168.07;209.93
S;1;0;165.70;211.76
S;1;0;163.38;213.65
S;1;0;161.08;215.57
S;1;0;158.80;217.51
S;1;0;156.53;219.46
S;1;0;154.25;221.40
S;1;0;152.00;223.37
S;1;0;149.87;225.47
S;1;0;147.89;227.71
S;1;0;146.09;230.10
S;1;0;144.53;232.65
S;1;0;143.25;235.36
S;1;0;142.32;238.20
S;1;0;141.78;241.14
S;1;0;141.64;244.13
S;1;0;141.90;247.11
S;1;0;142.50;250.04
S;1;0;143.41;252.89
S;1;0;144.55;255.65
S;1;0;145.90;258.33
S;1;0;147.40;260.92
S;1;0;149.02;263.43
S;1;0;150.75;265.87
S;1;0;152.55;268.26
S;1;0;154.42;270.60
S;1;0;156.34;272.89
S;1;0;158.30;275.15
S;1;0;160.29;277.39
S;1;0;162.30;279.61
S;1;0;164.33;281.81
S;1;0;166.37;284.00
S;1;0;168.41;286.19
S;1;0;170.45;288.38
S;1;0;172.48;290.58
S;1;0;174.49;292.79
S;1;0;176.49;295.02
S;1;0;178.46;297.27
S;1;0;180.40;299.55
S;1;0;182.29;301.87
S;1;0;184.14;304.22
S;1;0;185.92;306.62
S;1;0;187.63;309.08
S;1;0;189.26;311.59
S;1;0;190.78;314.17
S;1;0;192.17;316.82
S;1;0;193.41;319.54
S;1;0;194.48;322.34
S;1;0;195.34;325.20
S;1;0;195.97;328.13
S;1;0;196.33;331.10
S;1;0;196.40;334.09
S;1;0;196.17;337.07
S;1;0;195.65;340.01
S;1;0;194.83;342.89
S;1;0;193.75;345.68
S;1;0;192.44;348.37
S;1;0;190.92;350.95
S;1;0;189.22;353.41
S;1;0;187.30;355.70
S;1;0;185.21;357.84
S;1;0;182.97;359.83
S;1;0;180.63;361.69
S;1;0;178.18;363.42
S;1;0;175.66;365.03
S;1;0;173.08;366.54
S;1;0;170.44;367.95
S;1;0;167.75;369.27
S;1;0;165.03;370.51
S;1;0;162.27;371.67
S;1;0;159.48;372.75
S;1;0;156.67;373.77
S;1;0;153.83;374.73
S;1;0;150.97;375.62
S;1;0;148.10;376.45
S;1;0;145.21;377.22
S;1;0;142.30;377.94
S;1;0;139.38;378.60
S;1;0;136.45;379.20
S;1;0;133.51;379.75
S;1;0;130.56;380.24
S;1;0;127.60;380.67
S;1;0;124.63;381.05
S;1;0;121.65;381.37
S;1;0;118.67;381.62
S;1;0;115.68;381.80
S;1;0;112.69;381.90
S;1;0;109.70;381.92
S;1;0;106.71;381.85
S;1;0;103.72;381.66
S;1;0;100.75;381.36
S;1;0;97.78;380.99
S;1;0;94.82;380.52
S;1;0;91.89;379.93
S;1;0;88.99;379.20
S;1;0;86.13;378.29
S;1;0;83.36;377.18
S;1;0;80.70;375.81
S;1;0;78.21;374.15
S;1;0;76.00;372.14
S;1;0;74.16;369.79
S;1;0;72.79;367.13
S;1;0;71.95;364.26
S;1;0;71.62;361.29
S;1;0;71.72;358.30
S;1;1;242.44;134.19
S;1;1;241.73;137.10
S;1;1;240.94;140.00
S;1;1;240.06;142.86
S;1;1;239.10;145.71
S;1;1;238.07;148.52
S;1;1;236.97;151.31
S;1;1;235.80;154.07
S;1;1;234.57;156.81
S;1;1;233.28;159.52
S;1;1;231.94;162.20
S;1;1;230.56;164.86
S;1;1;229.15;167.51
S;1;1;227.69;170.13
S;1;1;226.21;172.74
S;1;1;224.71;175.34
S;1;1;223.19;177.92
S;1;1;221.67;180.50
S;1;1;220.13;183.08
S;1;1;218.60;185.66
S;1;1;217.07;188.24
S;1;1;215.55;190.82
S;1;1;214.04;193.41
S;1;1;212.55;196.02
S;1;1;211.10;198.64
S;1;1;209.67;201.28
S;1;1;208.27;203.93
S;1;1;206.92;206.61
S;1;1;205.60;209.30
S;1;1;204.29;212.00
S;1;1;202.97;214.69
S;1;1;201.65;217.39
S;1;1;200.33;220.08
S;1;1;199.00;222.77
S;1;1;197.67;225.46
S;1;1;196.34;228.15
S;1;1;195.01;230.83
S;1;1;193.68;233.52
S;1;1;192.35;236.21
S;1;1;191.02;238.89
S;1;1;189.68;241.58
S;1;1;188.35;244.27
S;1;1;187.01;246.95
S;1;1;185.68;249.64
S;1;1;184.34;252.32
S;1;1;183.01;255.01
S;1;1;181.67;257.70
S;1;1;180.34;260.38
S;1;1;179.01;263.07
S;1;1;177.68;265.76
S;1;1;176.35;268.45
S;1;1;175.02;271.13
S;1;1;173.69;273.82
S;1;1;172.37;276.52
S;1;1;171.05;279.21
S;1;1;169.73;281.90
S;1;1;168.41;284.59
S;1;1;167.10;287.29
S;1;1;165.78;289.99
S;1;1;164.48;292.69
S;1;1;163.17;295.39
S;1;1;161.87;298.09
S;1;1;160.57;300.79
S;1;1;159.28;303.50
S;1;1;157.99;306.21
S;1;1;156.70;308.92
S;1;1;155.42;311.63
S;1;1;154.15;314.34
S;1;1;152.88;317.06
S;1;1;151.61;319.78
S;1;1;150.35;322.50
S;1;1;149.10;325.23
S;1;1;147.85;327.95
S;1;1;146.61;330.68
S;1;1;145.41;333.43
S;1;1;144.29;336.21
S;1;1;143.23;339.02
S;1;1;142.21;341.84
S;1;1;141.22;344.67
S;1;1;140.24;347.50
S;1;1;139.25;350.33
S;1;1;138.23;353.16
S;1;1;137.17;355.96
S;1;1;136.05;358.74
S;1;1;134.86;361.50
S;1;1;133.62;364.23
S;1;1;132.35;366.94
S;1;1;131.05;369.65
S;1;1;129.73;372.34
S;1;1;128.39;375.03
S;1;1;127.05;377.71
S;1;1;125.70;380.38
S;1;1;124.35;383.06
S;1;1;123.00;385.74
S;1;1;121.66;388.42
S;1;1;120.33;391.11
S;1;1;119.02;393.81
S;1;1;117.73;396.52
S;1;1;116.47;399.24
S;1;1;115.24;401.97
S;1;1;114.04;404.72
S;1;1;112.88;407.49
S;1;1;111.77;410.28
S;1;1;110.71;413.08
S;1;1;109.71;415.91
S;1;1;108.77;418.76
S;1;1;107.91;421.63
S;1;1;107.12;424.52
S;1;1;106.41;427.44
S;1;1;105.79;430.37
S;1;1;105.28;433.32
S;1;1;104.87;436.30
S;1;1;104.57;439.28
S;1;1;104.39;442.27
S;1;1;104.34;445.27
S;1;1;104.42;448.27
G;2;0000;percent
S;2;2;232.26;330.00
S;2;2;235.23;330.45
S;2;2;238.15;331.14
S;2;2;241.00;332.09
S;2;2;243.72;333.36
S;2;2;246.24;334.98
S;2;2;248.47;336.98
S;2;2;250.33;339.34
S;2;2;251.74;341.99
S;2;2;252.70;344.83
S;2;2;253.25;347.78
S;2;2;253.44;350.78
S;2;2;253.33;353.78
S;2;2;252.97;356.76
S;2;2;252.40;359.71
S;2;2;251.66;362.62
S;2;2;250.77;365.49
S;2;2;249.75;368.31
S;2;2;248.62;371.09
S;2;2;247.39;373.83
S;2;2;246.08;376.53
S;2;2;244.68;379.19
S;2;2;243.21;381.81
S;2;2;241.67;384.39
S;2;2;240.06;386.93
S;2;2;238.40;389.43
S;2;2;236.67;391.88
S;2;2;234.89;394.30
S;2;2;233.05;396.67
S;2;2;231.15;399.00
S;2;2;229.20;401.28
S;2;2;227.19;403.51
S;2;2;225.11;405.68
S;2;2;222.98;407.80
S;2;2;220.77;409.83
S;2;2;218.49;411.79
S;2;2;216.13;413.64
S;2;2;213.67;415.37
S;2;2;211.10;416.92
S;2;2;208.40;418.24
S;2;2;205.59;419.27
S;2;2;202.67;419.98
S;2;2;199.69;420.29
S;2;2;196.69;420.10
S;2;2;193.79;419.35
S;2;2;191.09;418.03
S;2;2;188.71;416.22
S;2;2;186.69;414.00
S;2;2;185.03;411.50
S;2;2;183.71;408.80
S;2;2;182.71;405.97
S;2;2;182.00;403.05
S;2;2;181.56;400.08
S;2;2;181.38;397.09
S;2;2;181.44;394.09
S;2;2;181.75;391.10
S;2;2;182.32;388.15
S;2;2;183.13;385.26
S;2;2;184.09;382.41
S;2;2;185.15;379.61
S;2;2;186.31;376.84
S;2;2;187.56;374.10
S;2;2;188.89;371.41
S;2;2;190.30;368.76
S;2;2;191.77;366.14
S;2;2;193.32;363.57
S;2;2;194.94;361.04
S;2;2;196.62;358.55
S;2;2;198.36;356.10
S;2;2;200.17;353.71
S;2;2;202.05;351.36
S;2;2;203.99;349.07
S;2;2;206.00;346.84
S;2;2;208.08;344.67
S;2;2;210.23;342.57
S;2;2;212.45;340.56
S;2;2;214.75;338.63
S;2;2;217.14;336.80
S;2;2;219.61;335.10
S;2;2;222.28;333.73
S;2;2;225.08;332.64
S;2;2;227.91;331.63
S;2;2;230.68;330.49
S;2;2;233.29;329.00
S;2;0;296.24;194.58
S;2;0;294.11;196.69
S;2;0;291.98;198.81
S;2;0;289.86;200.93
S;2;0;287.74;203.06
S;2;0;285.62;205.18
S;2;0;283.51;207.32
S;2;0;281.40;209.45
S;2;0;279.29;211.59
S;2;0;277.19;213.73
S;2;0;275.09;215.87
S;2;0;272.99;218.02
S;2;0;270.90;220.17
S;2;0;268.81;222.32
S;2;0;266.72;224.48
S;2;0;264.63;226.63
S;2;0;262.54;228.79
S;2;0;260.46;230.95
S;2;0;258.38;233.11
S;2;0;256.30;235.27
S;2;0;254.22;237.44
S;2;0;252.14;239.60
S;2;0;250.06;241.77
S;2;0;247.99;243.94
S;2;0;245.91;246.11
S;2;0;243.84;248.27
S;2;0;241.76;250.44
S;2;0;239.69;252.61
S;2;0;237.62;254.78
S;2;0;235.54;256.95
S;2;0;233.47;259.12
S;2;0;231.39;261.29
S;2;0;229.32;263.46
S;2;0;227.25;265.63
S;2;0;225.17;267.80
S;2;0;223.09;269.96
S;2;0;221.02;272.13
S;2;0;218.94;274.29
S;2;0;216.86;276.46
S;2;0;214.78;278.62
S;2;0;212.69;280.78
S;2;0;210.61;282.94
S;2;0;208.52;285.10
S;2;0;206.44;287.26
S;2;0;204.35;289.41
S;2;0;202.27;291.58
S;2;0;200.19;293.74
S;2;0;198.11;295.90
S;2;0;196.03;298.06
S;2;0;193.95;300.23
S;2;0;191.87;302.40
S;2;0;189.80;304.57
S;2;0;187.73;306.74
S;2;0;185.66;308.91
S;2;0;183.59;311.09
S;2;0;181.53;313.27
S;2;0;179.47;315.45
S;2;0;177.41;317.64
S;2;0;175.36;319.82
S;2;0;173.31;322.02
S;2;0;171.26;324.21
S;2;0;169.22;326.41
S;2;0;167.18;328.61
S;2;0;165.14;330.82
S;2;0;163.11;333.03
S;2;0;161.09;335.24
S;2;0;159.07;337.46
S;2;0;157.05;339.68
S;2;0;155.04;341.91
S;2;0;153.04;344.15
S;2;0;151.04;346.38
S;2;0;149.04;348.63
S;2;0;147.06;350.88
S;2;0;145.07;353.13
S;2;0;143.10;355.39
S;2;0;141.13;357.66
S;2;0;139.17;359.93
S;2;0;137.22;362.20
S;2;0;135.27;364.49
S;2;0;133.33;366.78
S;2;0;131.40;369.08
S;2;0;129.47;371.38
S;2;0;127.56;373.69
S;2;0;125.65;376.01
S;2;0;123.75;378.33
S;2;0;121.86;380.66
S;2;0;119.98;383.00
S;2;0;118.11;385.35
S;2;0;116.24;387.70
S;2;0;114.39;390.06
S;2;0;112.55;392.43
S;2;0;110.71;394.80
S;2;0;108.89;397.19
S;2;0;107.08;399.58
S;2;0;105.28;401.98
S;2;0;103.49;404.39
S;2;0;101.71;406.81
S;2;0;99.94;409.23
S;2;0;98.18;411.66
S;2;0;96.44;414.11
S;2;0;94.70;416.56
S;2;0;92.98;419.01
S;2;0;91.27;421.48
S;2;0;89.58;423.96
S;2;0;87.90;426.44
S;2;0;86.23;428.94
S;2;0;84.57;431.44
S;2;1;184.25;186.95
S;2;1;181.28;187.43
S;2;1;178.34;188.12
S;2;1;175.46;189.01
S;2;1;172.65;190.09
S;2;1;169.91;191.35
S;2;1;167.26;192.77
S;2;1;164.69;194.35
S;2;1;162.21;196.06
S;2;1;159.82;197.90
S;2;1;157.52;199.85
S;2;1;155.32;201.90
S;2;1;153.19;204.04
S;2;1;151.16;206.26
S;2;1;149.21;208.56
S;2;1;147.33;210.92
S;2;1;145.54;213.34
S;2;1;143.82;215.82
S;2;1;142.18;218.34
S;2;1;140.61;220.92
S;2;1;139.11;223.53
S;2;1;137.68;226.18
S;2;1;136.31;228.87
S;2;1;135.02;231.59
S;2;1;133.79;234.34
S;2;1;132.63;237.13
S;2;1;131.55;239.94
S;2;1;130.54;242.77
S;2;1;129.67;245.66
S;2;1;128.96;248.59
S;2;1;128.42;251.55
S;2;1;128.07;254.55
S;2;1;127.95;257.56
S;2;1;128.10;260.57
S;2;1;128.56;263.54
S;2;1;129.41;266.43
S;2;1;130.72;269.14
S;2;1;132.53;271.54
S;2;1;134.83;273.48
S;2;1;137.49;274.88
S;2;1;140.38;275.74
S;2;1;143.36;276.15
S;2;1;146.37;276.20
S;2;1;149.37;275.91
S;2;1;152.29;275.19
S;2;1;155.11;274.13
S;2;1;157.82;272.80
S;2;1;160.42;271.28
S;2;1;162.92;269.59
S;2;1;165.33;267.79
S;2;1;167.66;265.88
S;2;1;169.91;263.88
S;2;1;172.10;261.80
S;2;1;174.21;259.65
S;2;1;176.26;257.44
S;2;1;178.25;255.18
S;2;1;180.18;252.87
S;2;1;182.05;250.50
S;2;1;183.85;248.09
S;2;1;185.60;245.63
S;2;1;187.28;243.13
S;2;1;188.88;240.58
S;2;1;190.42;237.98
S;2;1;191.87;235.34
S;2;1;193.22;232.65
S;2;1;194.47;229.91
S;2;1;195.58;227.11
S;2;1;196.53;224.25
S;2;1;197.25;221.32
S;2;1;197.67;218.34
S;2;1;197.98;215.34
S;2;1;198.22;212.34
S;2;1;198.37;209.33
S;2;1;198.39;206.31
S;2;1;198.23;203.30
S;2;1;197.85;200.32
S;2;1;197.17;197.38
S;2;1;196.11;194.57
S;2;1;194.55;191.99
S;2;1;192.47;189.83
S;2;1;189.92;188.23
S;2;1;187.08;187.24
S;2;1;184.10;186.79
G;3;0000;amp
S;3;0;286.88;430.14
S;3;0;284.44;428.40
S;3;0;281.99;426.68
S;3;0;279.52;424.97
S;3;0;277.04;423.28
S;3;0;274.55;421.61
S;3;0;272.05;419.96
S;3;0;269.54;418.33
S;3;0;267.01;416.72
S;3;0;264.47;415.13
S;3;0;261.92;413.55
S;3;0;259.36;411.99
S;3;0;256.80;410.42
S;3;0;254.25;408.85
S;3;0;251.71;407.26
S;3;0;249.19;405.64
S;3;0;246.70;403.96
S;3;0;244.25;402.24
S;3;0;241.85;400.45
S;3;0;239.49;398.60
S;3;0;237.17;396.70
S;3;0;234.89;394.76
S;3;0;232.65;392.76
S;3;0;230.44;390.74
S;3;0;228.26;388.68
S;3;0;226.11;386.59
S;3;0;223.98;384.48
S;3;0;221.87;382.35
S;3;0;219.78;380.21
S;3;0;217.70;378.04
S;3;0;215.64;375.87
S;3;0;213.58;373.69
S;3;0;211.54;371.49
S;3;0;209.51;369.29
S;3;0;207.46;367.10
S;3;0;205.41;364.91
S;3;0;203.35;362.73
S;3;0;201.29;360.55
S;3;0;199.23;358.38
S;3;0;197.16;356.21
S;3;0;195.09;354.04
S;3;0;193.02;351.87
S;3;0;190.95;349.70
S;3;0;188.89;347.53
S;3;0;186.83;345.35
S;3;0;184.77;343.17
S;3;0;182.73;340.98
S;3;0;180.69;338.78
S;3;0;178.66;336.57
S;3;0;176.64;334.36
S;3;0;174.63;332.13
S;3;0;172.64;329.89
S;3;0;170.66;327.64
S;3;0;168.70;325.38
S;3;0;166.75;323.09
S;3;0;164.83;320.80
S;3;0;162.92;318.48
S;3;0;161.04;316.15
S;3;0;159.18;313.80
S;3;0;157.34;311.43
S;3;0;155.54;309.04
S;3;0;153.76;306.62
S;3;0;152.01;304.19
S;3;0;150.30;301.73
S;3;0;148.62;299.24
S;3;0;146.98;296.73
S;3;0;145.38;294.20
S;3;0;143.82;291.64
S;3;0;142.31;289.05
S;3;0;140.85;286.43
S;3;0;139.43;283.79
S;3;0;138.07;281.12
S;3;0;136.76;278.42
S;3;0;135.51;275.70
S;3;0;134.32;272.95
S;3;0;133.20;270.17
S;3;0;132.14;267.36
S;3;0;131.16;264.53
S;3;0;130.24;261.68
S;3;0;129.40;258.80
S;3;0;128.73;255.88
S;3;0;128.25;252.92
S;3;0;127.95;249.94
S;3;0;127.83;246.94
S;3;0;127.87;243.95
S;3;0;128.08;240.96
S;3;0;128.43;237.98
S;3;0;128.92;235.02
S;3;0;129.54;232.09
S;3;0;130.29;229.19
S;3;0;131.15;226.32
S;3;0;132.13;223.48
S;3;0;133.22;220.69
S;3;0;134.40;217.94
S;3;0;135.69;215.23
S;3;0;137.07;212.57
S;3;0;138.54;209.96
S;3;0;140.10;207.40
S;3;0;141.75;204.89
S;3;0;143.48;202.45
S;3;0;145.30;200.06
S;3;0;147.20;197.74
S;3;0;149.18;195.49
S;3;0;151.23;193.31
S;3;0;153.37;191.21
S;3;0;155.59;189.19
S;3;0;157.88;187.26
S;3;0;160.25;185.43
S;3;0;162.70;183.70
S;3;0;165.23;182.08
S;3;0;167.82;180.59
S;3;0;170.49;179.22
S;3;0;173.22;177.99
S;3;0;176.02;176.92
S;3;0;178.88;176.01
S;3;0;181.79;175.28
S;3;0;184.73;174.74
S;3;0;187.71;174.40
S;3;0;190.71;174.27
S;3;0;193.70;174.35
S;3;0;196.68;174.65
S;3;0;199.64;175.17
S;3;0;202.54;175.90
S;3;0;205.39;176.85
S;3;0;208.16;177.99
S;3;0;210.85;179.31
S;3;0;213.45;180.80
S;3;0;215.95;182.45
S;3;0;218.35;184.25
S;3;0;220.57;186.26
S;3;0;222.55;188.50
S;3;0;224.20;191.00
S;3;0;225.42;193.74
S;3;0;226.13;196.65
S;3;0;226.30;199.64
S;3;0;225.99;202.62
S;3;0;225.26;205.52
S;3;0;224.21;208.33
S;3;0;222.90;211.02
S;3;0;221.40;213.62
S;3;0;219.74;216.11
S;3;0;217.96;218.53
S;3;0;216.09;220.87
S;3;0;214.14;223.14
S;3;0;212.12;225.36
S;3;0;210.05;227.53
S;3;0;207.94;229.66
S;3;0;205.80;231.76
S;3;0;203.64;233.83
S;3;0;201.46;235.89
S;3;0;199.29;237.96
S;3;0;197.12;240.03
S;3;0;194.95;242.10
S;3;0;192.78;244.16
S;3;0;190.59;246.22
S;3;0;188.41;248.27
S;3;0;186.21;250.31
S;3;0;184.02;252.35
S;3;0;181.82;254.38
S;3;0;179.61;256.42
S;3;0;177.40;258.44
S;3;0;175.20;260.47
S;3;0;172.99;262.50
S;3;0;170.78;264.52
S;3;0;168.57;266.55
S;3;0;166.36;268.58
S;3;0;164.15;270.60
S;3;0;161.94;272.63
S;3;0;159.74;274.66
S;3;0;157.54;276.70
S;3;0;155.34;278.74
S;3;0;153.15;280.78
S;3;0;150.96;282.83
S;3;0;148.78;284.89
S;3;0;146.60;286.95
S;3;0;144.43;289.01
S;3;0;142.27;291.09
S;3;0;140.11;293.17
S;3;0;137.97;295.27
S;3;0;135.83;297.37
S;3;0;133.70;299.48
S;3;0;131.59;301.61
S;3;0;129.48;303.74
S;3;0;127.39;305.89
S;3;0;125.31;308.05
S;3;0;123.25;310.22
S;3;0;121.19;312.41
S;3;0;119.16;314.61
S;3;0;117.14;316.82
S;3;0;115.13;319.05
S;3;0;113.15;321.29
S;3;0;111.18;323.55
S;3;0;109.23;325.83
S;3;0;107.30;328.12
S;3;0;105.39;330.44
S;3;0;103.50;332.76
S;3;0;101.62;335.10
S;3;0;99.70;337.40
S;3;0;97.78;339.70
S;3;0;95.87;342.01
S;3;0;93.99;344.35
S;3;0;92.16;346.72
S;3;0;90.41;349.16
S;3;0;88.76;351.66
S;3;0;87.25;354.25
S;3;0;85.90;356.92
S;3;0;84.77;359.70
S;3;0;83.90;362.57
S;3;0;83.37;365.51
S;3;0;83.20;368.51
S;3;0;83.44;371.49
S;3;0;84.08;374.42
S;3;0;85.09;377.24
S;3;0;86.41;379.93
S;3;0;87.99;382.47
S;3;0;89.84;384.83
S;3;0;91.93;386.98
S;3;0;94.24;388.88
S;3;0;96.75;390.53
S;3;0;99.40;391.93
S;3;0;102.16;393.08
S;3;0;105.02;394.00
S;3;0;107.93;394.71
S;3;0;110.88;395.23
S;3;0;113.86;395.58
S;3;0;116.85;395.77
S;3;0;119.85;395.81
S;3;0;122.84;395.73
S;3;0;125.83;395.54
S;3;0;128.82;395.23
S;3;0;131.78;394.83
S;3;0;134.74;394.33
S;3;0;137.68;393.74
S;3;0;140.60;393.07
S;3;0;143.50;392.31
S;3;0;146.38;391.48
S;3;0;149.23;390.56
S;3;0;152.06;389.55
S;3;0;154.87;388.50
S;3;0;157.65;387.40
S;3;0;160.43;386.26
S;3;0;163.18;385.07
S;3;0;165.91;383.85
S;3;0;168.63;382.58
S;3;0;171.33;381.27
S;3;0;174.01;379.93
S;3;0;176.67;378.54
S;3;0;179.31;377.13
S;3;0;181.93;375.67
S;3;0;184.53;374.19
S;3;0;187.12;372.67
S;3;0;189.69;371.12
S;3;0;192.23;369.54
S;3;0;194.76;367.93
S;3;0;197.27;366.30
S;3;0;199.77;364.63
S;3;0;202.24;362.94
S;3;0;204.70;361.22
S;3;0;207.14;359.48
S;3;0;209.56;357.71
S;3;0;211.96;355.92
S;3;0;214.35;354.11
S;3;0;216.72;352.27
S;3;0;219.07;350.41
S;3;0;221.40;348.53
S;3;0;223.72;346.63
S;3;0;226.03;344.71
S;3;0;228.31;342.77
S;3;0;230.58;340.81
S;3;0;232.84;338.84
S;3;0;235.07;336.84
S;3;0;237.30;334.83
S;3;0;239.50;332.80
S;3;0;241.70;330.76
S;3;0;243.87;328.70
S;3;0;246.04;326.62
S;3;0;248.18;324.53
S;3;0;250.32;322.43
S;3;0;252.44;320.31
S;3;0;254.54;318.17
S;3;0;256.63;316.02
S;3;0;258.71;313.86
S;3;0;260.77;311.69
S;3;0;262.82;309.50
S;3;0;264.86;307.30
S;3;0;266.88;305.09
S;3;0;268.89;302.86
S;3;0;270.89;300.63
S;3;0;272.87;298.38
S;3;0;274.84;296.12
S;3;0;276.80;293.85
G;4;0000;star
S;4;3;112.99;249.26
S;4;3;115.21;247.30
S;4;3;117.41;245.32
S;4;3;119.59;243.32
S;4;3;121.77;241.32
S;4;3;123.94;239.31
S;4;3;126.11;237.30
S;4;3;128.27;235.28
S;4;3;130.43;233.25
S;4;3;132.59;231.23
S;4;3;134.74;229.20
S;4;3;136.89;227.16
S;4;3;139.04;225.13
S;4;3;141.18;223.09
S;4;3;143.32;221.05
S;4;3;145.46;219.00
S;4;3;147.60;216.96
S;4;3;149.74;214.91
S;4;3;151.87;212.86
S;4;3;154.00;210.80
S;4;3;156.13;208.75
S;4;3;158.25;206.69
S;4;3;160.37;204.62
S;4;3;162.49;202.56
S;4;3;164.60;200.49
S;4;3;166.71;198.41
S;4;3;168.82;196.33
S;4;3;170.91;194.24
S;4;3;173.00;192.14
S;4;3;175.08;190.04
S;4;3;177.14;187.92
S;4;3;179.18;185.77
S;4;3;181.17;183.58
S;4;4;150.36;158.74
S;4;4;151.51;161.45
S;4;4;152.80;164.10
S;4;4;154.24;166.67
S;4;4;155.82;169.16
S;4;4;157.55;171.54
S;4;4;159.44;173.80
S;4;4;161.48;175.93
S;4;4;163.68;177.89
S;4;4;166.02;179.68
S;4;4;168.50;181.27
S;4;4;171.11;182.64
S;4;4;173.82;183.79
S;4;4;176.62;184.72
S;4;4;179.48;185.41
S;4;1;180.40;184.49
S;4;1;183.29;184.93
S;4;1;186.21;185.14
S;4;1;189.14;185.14
S;4;1;192.06;184.97
S;4;1;194.97;184.65
S;4;1;197.86;184.20
S;4;1;200.73;183.65
S;4;1;203.59;183.00
S;4;1;206.42;182.28
S;4;1;209.24;181.49
S;4;1;212.04;180.65
S;4;1;214.83;179.77
S;4;1;217.61;178.85
S;4;1;220.38;177.91
S;4;1;223.15;176.95
S;4;1;225.91;175.99
S;4;1;228.68;175.03
S;4;1;231.45;174.09
S;4;1;234.23;173.19
S;4;1;237.03;172.34
S;4;0;207.12;129.27
S;4;0;205.34;131.66
S;4;0;203.57;134.05
S;4;0;201.81;136.45
S;4;0;200.06;138.86
S;4;0;198.34;141.28
S;4;0;196.65;143.73
S;4;0;194.99;146.20
S;4;0;193.39;148.71
S;4;0;191.85;151.26
S;4;0;190.38;153.85
S;4;0;189.00;156.48
S;4;0;187.71;159.16
S;4;0;186.52;161.89
S;4;0;185.45;164.66
S;4;0;184.49;167.48
S;4;0;183.58;170.31
S;4;0;182.66;173.14
S;4;0;181.73;175.97
S;4;0;180.82;178.80
S;4;0;179.92;181.64
S;4;0;179.03;184.48
S;4;2;179.72;185.06
S;4;2;179.74;188.06
S;4;2;179.91;191.06
S;4;2;180.20;194.05
S;4;2;180.58;197.04
S;4;2;181.02;200.01
S;4;2;181.52;202.97
S;4;2;182.07;205.93
S;4;2;182.67;208.88
S;4;2;183.30;211.81
S;4;2;183.98;214.74
S;4;2;184.70;217.66
S;4;2;185.46;220.57
S;4;2;186.26;223.47
S;4;2;187.11;226.35
S;4;2;188.01;229.22
S;4;2;188.96;232.07
S;4;2;189.97;234.90
S;4;2;191.06;237.70
S;4;2;192.26;240.46
S;4;2;193.60;243.15
S;4;2;195.18;245.70
S;4;2;197.28;247.83
S;4;2;199.97;247.40
S;4;2;201.33;244.74
S;4;2;202.10;241.80
S;4;2;202.59;238.89
G;5;0000;1
S;5;0;114.82;275.50
S;5;0;117.61;274.36
S;5;0;120.37;273.15
S;5;0;123.09;271.87
S;5;0;125.79;270.53
S;5;0;128.46;269.14
S;5;0;131.10;267.69
S;5;0;133.72;266.21
S;5;0;136.32;264.68
S;5;0;138.89;263.12
S;5;0;141.45;261.53
S;5;0;143.99;259.91
S;5;0;146.51;258.27
S;5;0;149.02;256.60
S;5;0;151.52;254.91
S;5;0;154.00;253.21
S;5;0;156.47;251.49
S;5;0;158.93;249.75
S;5;0;161.39;248.01
S;5;0;163.83;246.25
S;5;0;166.27;244.49
S;5;0;168.71;242.72
S;5;0;171.14;240.94
S;5;0;173.57;239.16
S;5;0;176.00;237.38
S;5;0;178.43;235.60
S;5;0;180.86;233.82
S;5;0;183.30;232.05
S;5;0;185.74;230.28
S;5;0;188.18;228.52
S;5;0;190.63;226.77
S;5;0;193.09;225.03
S;5;0;195.56;223.31
S;5;0;198.04;221.61
S;5;0;200.54;219.93
S;5;0;203.06;218.27
S;5;0;205.59;216.64
S;5;0;208.15;215.05
S;5;0;210.73;213.50
S;5;0;212.42;213.24
S;5;0;211.77;216.18
S;5;0;211.09;219.11
S;5;0;210.39;222.04
S;5;0;209.68;224.97
S;5;0;208.96;227.89
S;5;0;208.22;230.81
S;5;0;207.47;233.73
S;5;0;206.71;236.64
S;5;0;205.94;239.55
S;5;0;205.16;242.46
S;5;0;204.37;245.37
S;5;0;203.57;248.27
S;5;0;202.76;251.17
S;5;0;201.95;254.07
S;5;0;201.12;256.97
S;5;0;200.30;259.86
S;5;0;199.46;262.76
S;5;0;198.62;265.65
S;5;0;197.78;268.54
S;5;0;196.93;271.43
S;5;0;196.08;274.32
S;5;0;195.22;277.21
S;5;0;194.36;280.09
S;5;0;193.50;282.98
S;5;0;192.63;285.86
S;5;0;191.77;288.75
S;5;0;190.90;291.63
S;5;0;190.03;294.52
S;5;0;189.16;297.40
S;5;0;188.29;300.28
S;5;0;187.42;303.17
S;5;0;186.56;306.05
S;5;0;185.69;308.94
S;5;0;184.82;311.82
S;5;0;183.96;314.71
S;5;0;183.10;317.59
S;5;0;182.25;320.48
S;5;0;181.40;323.37
S;5;0;180.55;326.26
S;5;0;179.71;329.15
S;5;0;178.86;332.04
S;5;0;177.97;334.92
S;5;0;177.04;337.78
S;5;0;176.10;340.64
S;5;0;175.13;343.49
S;5;0;174.14;346.34
S;5;0;173.15;349.18
S;5;0;172.14;352.02
S;5;0;171.12;354.86
S;5;0;170.11;357.69
S;5;0;169.09;360.53
S;5;0;168.09;363.36
S;5;0;167.09;366.21
S;5;0;166.10;369.05
S;5;0;165.14;371.91
S;5;0;164.19;374.77
S;5;0;163.28;377.63
S;5;0;162.39;380.51
S;5;0;161.53;383.40
S;5;0;160.72;386.30
S;5;0;159.94;389.21
S;5;0;159.21;392.13
S;5;0;158.54;395.06
S;5;0;157.91;398.01
S;5;0;157.35;400.97
G;6;0000;5
S;6;0;215.58;207.56
S;6;0;212.65;206.88
S;6;0;209.68;206.37
S;6;0;206.69;206.01
S;6;0;203.69;205.81
S;6;0;200.68;205.76
S;6;0;197.67;205.87
S;6;0;194.67;206.13
S;6;0;191.69;206.53
S;6;0;188.73;207.08
S;6;0;185.79;207.75
S;6;0;182.89;208.56
S;6;0;180.03;209.49
S;6;0;177.21;210.53
S;6;0;174.43;211.69
S;6;0;171.70;212.96
S;6;0;169.01;214.32
S;6;0;166.38;215.79
S;6;0;163.81;217.34
S;6;0;161.29;218.99
S;6;0;158.82;220.72
S;6;0;156.42;222.53
S;6;0;154.08;224.43
S;6;0;151.80;226.40
S;6;0;149.59;228.44
S;6;0;147.45;230.56
S;6;0;145.38;232.75
S;6;0;143.39;235.00
S;6;0;141.47;237.32
S;6;0;139.62;239.69
S;6;0;137.85;242.13
S;6;0;136.17;244.63
S;6;0;134.62;247.21
S;6;0;133.22;249.87
S;6;0;132.03;252.64
S;6;0;131.15;255.51
S;6;0;130.72;258.49
S;6;0;130.99;261.48
S;6;0;132.22;264.21
S;6;0;134.19;266.47
S;6;0;136.62;268.23
S;6;0;139.34;269.53
S;6;0;142.20;270.47
S;6;0;145.13;271.13
S;6;0;148.10;271.62
S;6;0;151.09;271.98
S;6;0;154.09;272.26
S;6;0;157.09;272.53
S;6;0;160.08;272.83
S;6;0;163.06;273.25
S;6;0;166.00;273.89
S;6;0;168.88;274.78
S;6;0;171.69;275.87
S;6;0;174.41;277.14
S;6;0;177.05;278.60
S;6;0;179.58;280.23
S;6;0;181.99;282.03
S;6;0;184.29;283.97
S;6;0;186.46;286.06
S;6;0;188.49;288.28
S;6;0;190.39;290.61
S;6;0;192.15;293.06
S;6;0;193.76;295.60
S;6;0;195.22;298.23
S;6;0;196.52;300.95
S;6;0;197.68;303.73
S;6;0;198.67;306.57
S;6;0;199.50;309.46
S;6;0;200.16;312.40
S;6;0;200.66;315.37
S;6;0;200.98;318.36
S;6;0;201.13;321.37
S;6;0;201.11;324.38
S;6;0;200.92;327.38
S;6;0;200.57;330.37
S;6;0;200.06;333.34
S;6;0;199.41;336.28
S;6;0;198.60;339.18
S;6;0;197.66;342.04
S;6;0;196.59;344.85
S;6;0;195.39;347.61
S;6;0;194.08;350.32
S;6;0;192.65;352.97
S;6;0;191.12;355.56
S;6;0;189.49;358.09
S;6;0;187.75;360.55
S;6;0;185.93;362.95
S;6;0;184.02;365.28
S;6;0;182.03;367.53
S;6;0;179.95;369.71
S;6;0;177.80;371.82
S;6;0;175.58;373.85
S;6;0;173.29;375.80
S;6;0;170.92;377.66
S;6;0;168.50;379.44
S;6;0;166.01;381.14
S;6;0;163.46;382.74
S;6;0;160.85;384.24
S;6;0;158.19;385.65
S;6;0;155.47;386.95
S;6;0;152.71;388.14
S;6;0;149.90;389.22
S;6;0;147.04;390.18
S;6;0;144.15;391.01
S;6;0;141.22;391.72
S;6;0;138.27;392.29
S;6;0;135.29;392.71
S;6;0;132.29;392.98
S;6;0;129.28;393.10
S;6;0;126.27;393.06
S;6;0;123.27;392.85
S;6;0;120.28;392.48
S;6;0;117.32;391.93
S;6;0;114.40;391.20
S;6;0;111.53;390.31
S;6;0;108.71;389.24
S;6;0;105.97;388.01
S;6;0;103.30;386.61
S;6;0;100.72;385.06
S;6;0;98.23;383.37
G;7;0000;6
S;7;0;113.45;302.10
S;7;0;116.13;300.74
S;7;0;118.81;299.39
S;7;0;121.51;298.07
S;7;0;124.22;296.77
S;7;0;126.94;295.50
S;7;0;129.68;294.27
S;7;0;132.43;293.06
S;7;0;135.19;291.89
S;7;0;137.98;290.75
S;7;0;140.77;289.66
S;7;0;143.59;288.61
S;7;0;146.42;287.60
S;7;0;149.26;286.65
S;7;0;152.13;285.75
S;7;0;155.01;284.91
S;7;0;157.92;284.13
S;7;0;160.84;283.43
S;7;0;163.78;282.81
S;7;0;166.73;282.27
S;7;0;169.70;281.83
S;7;0;172.69;281.50
S;7;0;175.68;281.29
S;7;0;178.69;281.21
S;7;0;181.69;281.28
S;7;0;184.68;281.52
S;7;0;187.65;281.96
S;7;0;190.59;282.60
S;7;0;193.46;283.47
S;7;0;196.25;284.59
S;7;0;198.92;285.96
S;7;0;201.44;287.59
S;7;0;203.78;289.47
S;7;0;205.94;291.56
S;7;0;207.90;293.83
S;7;0;209.61;296.30
S;7;0;211.02;298.95
S;7;0;212.12;301.74
S;7;0;212.88;304.65
S;7;0;213.32;307.62
S;7;0;213.43;310.62
S;7;0;213.25;313.62
S;7;0;212.81;316.59
S;7;0;212.15;319.51
S;7;0;211.28;322.39
S;7;0;210.23;325.21
S;7;0;209.04;327.96
S;7;0;207.70;330.65
S;7;0;206.25;333.28
S;7;0;204.70;335.85
S;7;0;203.05;338.36
S;7;0;201.31;340.81
S;7;0;199.50;343.21
S;7;0;197.62;345.55
S;7;0;195.67;347.84
S;7;0;193.66;350.07
S;7;0;191.60;352.25
S;7;0;189.49;354.39
S;7;0;187.32;356.47
S;7;0;185.11;358.50
S;7;0;182.86;360.49
S;7;0;180.56;362.43
S;7;0;178.23;364.31
S;7;0;175.85;366.15
S;7;0;173.44;367.94
S;7;0;170.99;369.68
S;7;0;168.50;371.36
S;7;0;165.98;373.00
S;7;0;163.42;374.57
S;7;0;160.83;376.09
S;7;0;158.21;377.55
S;7;0;155.55;378.95
S;7;0;152.86;380.29
S;7;0;150.13;381.55
S;7;0;147.37;382.74
S;7;0;144.58;383.85
S;7;0;141.76;384.88
S;7;0;138.90;385.81
S;7;0;136.02;386.64
S;7;0;133.10;387.35
S;7;0;130.16;387.95
S;7;0;127.19;388.40
S;7;0;124.20;388.70
S;7;0;121.20;388.83
S;7;0;118.20;388.75
S;7;0;115.21;388.46
S;7;0;112.26;387.91
S;7;0;109.37;387.09
S;7;0;106.58;385.98
S;7;0;103.92;384.58
S;7;0;101.45;382.87
S;7;0;99.23;380.85
S;7;0;97.30;378.55
S;7;0;95.70;376.02
S;7;0;94.42;373.30
S;7;0;93.47;370.45
S;7;0;92.79;367.53
S;7;0;92.36;364.55
S;7;0;92.15;361.56
S;7;0;92.12;358.56
S;7;0;92.25;355.55
S;7;0;92.51;352.56
S;7;0;92.88;349.58
S;7;0;93.36;346.62
S;7;0;93.92;343.67
S;7;0;94.55;340.73
S;7;0;95.24;337.81
S;7;0;95.98;334.90
S;7;0;96.77;332.00
S;7;0;97.60;329.11
S;7;0;98.44;326.23
S;7;0;99.30;323.35
S;7;0;100.23;320.49
S;7;0;101.25;317.66
S;7;0;102.35;314.87
S;7;0;103.53;312.11
S;7;0;104.81;309.39
S;7;0;106.16;306.71
S;7;0;107.58;304.06
S;7;0;109.07;301.45
S;7;0;110.60;298.87
S;7;0;112.19;296.32
S;7;0;113.80;293.79
S;7;0;115.44;291.27
S;7;0;117.09;288.76
S;7;0;118.75;286.25
S;7;0;120.40;283.75
S;7;0;122.06;281.24
S;7;0;123.70;278.73
S;7;0;125.35;276.21
S;7;0;126.98;273.69
S;7;0;128.60;271.16
S;7;0;130.20;268.62
S;7;0;131.79;266.07
S;7;0;133.46;263.58
S;7;0;135.20;261.13
S;7;0;137.00;258.72
S;7;0;138.85;256.36
S;7;0;140.75;254.03
S;7;0;142.69;251.74
S;7;0;144.68;249.49
S;7;0;146.71;247.27
S;7;0;148.78;245.09
S;7;0;150.88;242.95
S;7;0;153.03;240.85
S;7;0;155.21;238.79
S;7;0;157.43;236.76
S;7;0;159.69;234.79
S;7;0;161.99;232.86
S;7;0;164.34;230.97
S;7;0;166.72;229.15
S;7;0;169.15;227.38
S;7;0;171.63;225.68
S;7;0;174.15;224.06
S;7;0;176.73;222.51
S;7;0;179.36;221.06
S;7;0;182.05;219.72
S;7;0;184.80;218.51
S;7;0;187.60;217.44
S;7;0;190.47;216.55
S;7;0;193.40;215.88
S;7;0;196.37;215.45
S;7;0;199.37;215.33
S;7;0;202.36;215.57
S;7;0;205.29;216.21
S;7;0;208.10;217.28
S;7;0;210.70;218.77
G;8;0000;7
S;8;1;121.04;301.29
S;8;1;124.01;301.85
S;8;1;127.01;302.26
S;8;1;130.02;302.55
S;8;1;133.03;302.78
S;8;1;136.05;302.96
S;8;1;139.08;303.11
S;8;1;142.10;303.24
S;8;1;145.12;303.36
S;8;1;148.14;303.49
S;8;1;151.17;303.63
S;8;1;154.19;303.79
S;8;1;157.21;303.99
S;8;1;160.22;304.23
S;8;1;163.23;304.51
S;8;1;166.24;304.86
S;8;1;169.23;305.28
S;8;1;172.22;305.79
S;8;1;175.18;306.41
S;8;1;178.11;307.16
S;8;1;181.00;308.06
S;8;1;183.82;309.15
S;8;1;186.54;310.46
S;8;1;189.13;312.03
S;8;1;191.50;313.90
S;8;1;193.59;316.09
S;8;1;195.30;318.58
S;8;0;137.78;217.49
S;8;0;140.65;216.62
S;8;0;143.48;215.65
S;8;0;146.29;214.61
S;8;0;149.08;213.53
S;8;0;151.87;212.42
S;8;0;154.64;211.30
S;8;0;157.42;210.17
S;8;0;160.20;209.06
S;8;0;162.99;207.96
S;8;0;165.79;206.89
S;8;0;168.60;205.85
S;8;0;171.42;204.86
S;8;0;174.27;203.92
S;8;0;177.14;203.05
S;8;0;180.02;202.26
S;8;0;182.94;201.57
S;8;0;185.88;200.99
S;8;0;188.84;200.54
S;8;0;191.82;200.25
S;8;0;194.81;200.16
S;8;0;197.81;200.28
S;8;0;200.78;200.67
S;8;0;203.69;201.35
S;8;0;206.51;202.35
S;8;0;209.19;203.69
S;8;0;211.68;205.36
S;8;0;213.93;207.33
S;8;0;215.85;209.62
S;8;0;217.32;212.23
S;8;0;218.24;215.07
S;8;0;218.59;218.04
S;8;0;218.43;221.03
S;8;0;217.86;223.97
S;8;0;216.98;226.83
S;8;0;215.87;229.61
S;8;0;214.58;232.32
S;8;0;213.16;234.95
S;8;0;211.64;237.54
S;8;0;210.06;240.08
S;8;0;208.43;242.60
S;8;0;206.79;245.10
S;8;0;205.15;247.61
S;8;0;203.51;250.11
S;8;0;201.86;252.62
S;8;0;200.22;255.12
S;8;0;198.57;257.62
S;8;0;196.92;260.12
S;8;0;195.27;262.62
S;8;0;193.61;265.12
S;8;0;191.96;267.62
S;8;0;190.31;270.12
S;8;0;188.65;272.61
S;8;0;187.00;275.11
S;8;0;185.35;277.61
S;8;0;183.70;280.11
S;8;0;182.05;282.61
S;8;0;180.40;285.11
S;8;0;178.75;287.62
S;8;0;177.11;290.12
S;8;0;175.47;292.63
S;8;0;173.83;295.14
S;8;0;172.20;297.65
S;8;0;170.56;300.16
S;8;0;168.93;302.67
S;8;0;167.31;305.19
S;8;0;165.69;307.71
S;8;0;164.08;310.23
S;8;0;162.47;312.76
S;8;0;160.86;315.29
S;8;0;159.26;317.82
S;8;0;157.67;320.36
S;8;0;156.08;322.90
S;8;0;154.50;325.44
S;8;0;152.92;327.99
S;8;0;151.36;330.54
S;8;0;149.80;333.10
S;8;0;148.25;335.66
S;8;0;146.70;338.23
S;8;0;145.17;340.80
S;8;0;143.62;343.37
S;8;0;142.08;345.94
S;8;0;140.54;348.51
S;8;0;139.02;351.09
S;8;0;137.53;353.69
S;8;0;136.07;356.30
S;8;0;134.63;358.93
S;8;0;133.24;361.59
S;8;0;131.89;364.26
S;8;0;130.58;366.95
S;8;0;129.33;369.68
S;8;0;128.14;372.43
S;8;0;127.03;375.21
S;8;0;126.01;378.03
S;8;0;125.10;380.88
S;8;0;124.32;383.77
S;8;0;123.71;386.70
S;8;0;123.33;389.67
S;8;0;123.25;392.67
S;8;0;123.59;395.64
S;8;0;124.51;398.49
S;8;0;126.11;401.01
S;8;0;128.36;402.96
S;8;0;131.05;404.28
S;8;0;133.94;405.04
G;9;0000;8
S;9;0;159.12;205.61
S;9;0;156.39;206.84
S;9;0;153.75;208.26
S;9;0;151.22;209.86
S;9;0;148.80;211.63
S;9;0;146.50;213.54
S;9;0;144.32;215.60
S;9;0;142.28;217.79
S;9;0;140.37;220.10
S;9;0;138.62;222.53
S;9;0;137.04;225.07
S;9;0;135.63;227.72
S;9;0;134.40;230.44
S;9;0;133.35;233.25
S;9;0;132.51;236.13
S;9;0;131.91;239.06
S;9;0;131.54;242.03
S;9;0;131.42;245.02
S;9;0;131.55;248.02
S;9;0;131.91;250.99
S;9;0;132.49;253.93
S;9;0;133.27;256.82
S;9;0;134.23;259.66
S;9;0;135.34;262.44
S;9;0;136.59;265.16
S;9;0;137.96;267.82
S;9;0;139.42;270.44
S;9;0;140.97;273.00
S;9;0;142.59;275.52
S;9;0;144.27;278.00
S;9;0;146.00;280.45
S;9;0;147.77;282.87
S;9;0;149.57;285.26
S;9;0;151.40;287.64
S;9;0;153.24;290.00
S;9;0;155.09;292.35
S;9;0;156.95;294.70
S;9;0;158.81;297.05
S;9;0;160.67;299.40
S;9;0;162.51;301.76
S;9;0;164.33;304.14
S;9;0;166.13;306.53
S;9;0;167.91;308.95
S;9;0;169.64;311.39
S;9;0;171.32;313.87
S;9;0;172.96;316.38
S;9;0;174.53;318.93
S;9;0;176.02;321.52
S;9;0;177.43;324.17
S;9;0;178.74;326.86
S;9;0;179.94;329.61
S;9;0;181.01;332.41
S;9;0;181.93;335.25
S;9;0;182.69;338.15
S;9;0;183.28;341.09
S;9;0;183.68;344.06
S;9;0;183.87;347.05
S;9;0;183.86;350.04
S;9;0;183.63;353.03
S;9;0;183.20;355.99
S;9;0;182.57;358.92
S;9;0;181.71;361.79
S;9;0;180.56;364.55
S;9;0;179.17;367.20
S;9;0;177.61;369.76
S;9;0;175.91;372.23
S;9;0;174.10;374.61
S;9;0;172.20;376.93
S;9;0;170.22;379.17
S;9;0;168.16;381.35
S;9;0;166.05;383.47
S;9;0;163.87;385.54
S;9;0;161.65;387.54
S;9;0;159.37;389.49
S;9;0;157.05;391.38
S;9;0;154.68;393.21
S;9;0;152.27;394.99
S;9;0;149.81;396.70
S;9;0;147.31;398.36
S;9;0;144.77;399.94
S;9;0;142.19;401.46
S;9;0;139.56;402.89
S;9;0;136.88;404.24
S;9;0;134.16;405.49
S;9;0;131.39;406.63
S;9;0;128.57;407.64
S;9;0;125.70;408.50
S;9;0;122.78;409.17
S;9;0;119.82;409.61
S;9;0;116.83;409.75
S;9;0;113.84;409.53
S;9;0;110.94;408.82
S;9;0;108.23;407.56
S;9;0;105.88;405.71
S;9;0;104.02;403.37
S;9;0;102.67;400.70
S;9;0;101.76;397.85
S;9;0;101.22;394.90
S;9;0;100.96;391.92
S;9;0;100.93;388.92
S;9;0;101.10;385.93
S;9;0;101.46;382.96
S;9;0;101.98;380.01
S;9;0;102.65;377.09
S;9;0;103.42;374.20
S;9;0;104.31;371.33
S;9;0;105.28;368.50
S;9;0;106.33;365.70
S;9;0;107.45;362.92
S;9;0;108.64;360.17
S;9;0;109.89;357.45
S;9;0;111.19;354.75
S;9;0;112.54;352.08
S;9;0;113.95;349.43
S;9;0;115.39;346.81
S;9;0;116.88;344.21
S;9;0;118.42;341.63
S;9;0;119.99;339.08
S;9;0;121.60;336.56
S;9;0;123.24;334.06
S;9;0;124.93;331.58
S;9;0;126.65;329.13
S;9;0;128.40;326.70
S;9;0;130.20;324.30
S;9;0;132.02;321.92
S;9;0;133.89;319.58
S;9;0;135.79;317.26
S;9;0;137.72;314.98
S;9;0;139.70;312.72
S;9;0;141.71;310.51
S;9;0;143.76;308.33
S;9;0;145.86;306.19
S;9;0;148.00;304.09
S;9;0;150.19;302.05
S;9;0;152.43;300.06
S;9;0;154.73;298.13
S;9;0;157.08;296.28
S;9;0;159.50;294.52
S;9;0;162.00;292.86
S;9;0;164.57;291.32
S;9;0;167.22;289.93
S;9;0;169.93;288.66
S;9;0;172.68;287.48
S;9;0;175.47;286.37
S;9;0;178.28;285.33
S;9;0;181.10;284.33
S;9;0;183.94;283.37
S;9;0;186.78;282.42
S;9;0;189.62;281.48
S;9;0;192.46;280.53
S;9;0;195.30;279.56
S;9;0;198.12;278.55
S;9;0;200.92;277.49
S;9;0;203.70;276.36
S;9;0;206.44;275.16
S;9;0;209.14;273.87
S;9;0;211.79;272.47
S;9;0;214.37;270.95
S;9;0;216.87;269.29
S;9;0;219.26;267.49
S;9;0;221.53;265.54
S;9;0;223.66;263.43
S;9;0;225.60;261.15
S;9;0;227.26;258.66
S;9;0;228.62;255.99
S;9;0;229.69;253.19
S;9;0;230.45;250.30
S;9;0;230.91;247.34
S;9;0;231.07;244.35
S;9;0;230.95;241.36
S;9;0;230.53;238.39
S;9;0;229.87;235.47
S;9;0;228.95;232.62
S;9;0;227.76;229.87
S;9;0;226.30;227.26
S;9;0;224.59;224.80
S;9;0;222.63;222.54
S;9;0;220.46;220.47
S;9;0;218.11;218.61
S;9;0;215.63;216.95
S;9;0;213.02;215.47
S;9;0;210.33;214.16
S;9;0;207.56;213.01
S;9;0;204.75;211.99
S;9;0;201.89;211.09
S;9;0;199.00;210.30
S;9;0;196.08;209.61
S;9;0;193.15;208.99
S;9;0;190.21;208.45
S;9;0;187.25;207.97
S;9;0;184.29;207.53
S;9;0;181.32;207.14
S;9;0;178.34;206.77
S;9;0;175.37;206.44
S;9;0;172.39;206.11
S;9;0;169.41;205.79
S;9;0;166.43;205.45
S;9;0;163.46;205.10
S;9;0;160.49;204.70
G;10;0000;9
S;10;0;186.41;280.51
S;10;0;183.45;281.03
S;10;0;180.51;281.68
S;10;0;177.59;282.41
S;10;0;174.68;283.18
S;10;0;171.77;283.96
S;10;0;168.85;284.71
S;10;0;165.92;285.40
S;10;0;162.97;285.98
S;10;0;159.99;286.42
S;10;0;156.99;286.66
S;10;0;153.98;286.65
S;10;0;150.99;286.34
S;10;0;148.05;285.69
S;10;0;145.21;284.68
S;10;0;142.52;283.35
S;10;0;139.98;281.73
S;10;0;137.63;279.85
S;10;0;135.52;277.71
S;10;0;133.72;275.30
S;10;0;132.27;272.66
S;10;0;131.22;269.84
S;10;0;130.57;266.91
S;10;0;130.29;263.91
S;10;0;130.34;260.90
S;10;0;130.69;257.91
S;10;0;131.29;254.96
S;10;0;132.11;252.07
S;10;0;133.12;249.23
S;10;0;134.29;246.46
S;10;0;135.60;243.75
S;10;0;137.03;241.10
S;10;0;138.58;238.51
S;10;0;140.22;235.99
S;10;0;141.95;233.53
S;10;0;143.77;231.13
S;10;0;145.66;228.79
S;10;0;147.63;226.51
S;10;0;149.66;224.29
S;10;0;151.76;222.13
S;10;0;153.92;220.03
S;10;0;156.14;217.99
S;10;0;158.41;216.02
S;10;0;160.74;214.11
S;10;0;163.12;212.28
S;10;0;165.56;210.51
S;10;0;168.05;208.82
S;10;0;170.60;207.21
S;10;0;173.19;205.69
S;10;0;175.84;204.26
S;10;0;178.54;202.93
S;10;0;181.30;201.71
S;10;0;184.10;200.61
S;10;0;186.95;199.65
S;10;0;189.85;198.84
S;10;0;192.80;198.21
S;10;0;195.77;197.77
S;10;0;198.77;197.54
S;10;0;201.78;197.57
S;10;0;204.78;197.87
S;10;0;207.73;198.47
S;10;0;210.59;199.39
S;10;0;213.33;200.64
S;10;0;215.90;202.20
S;10;0;218.27;204.06
S;10;0;220.41;206.17
S;10;0;222.32;208.50
S;10;0;223.93;211.04
S;10;0;225.19;213.77
S;10;0;226.03;216.66
S;10;0;226.43;219.64
S;10;0;226.41;222.65
S;10;0;225.99;225.63
S;10;0;225.25;228.54
S;10;0;224.25;231.38
S;10;0;223.03;234.13
S;10;0;221.64;236.80
S;10;0;220.11;239.39
S;10;0;218.46;241.92
S;10;0;216.73;244.38
S;10;0;214.92;246.79
S;10;0;213.06;249.15
S;10;0;211.14;251.47
S;10;0;209.19;253.76
S;10;0;207.21;256.03
S;10;0;205.21;258.28
S;10;0;203.19;260.52
S;10;0;201.18;262.75
S;10;0;199.18;265.00
S;10;0;197.20;267.27
S;10;0;195.27;269.58
S;10;0;193.42;271.96
S;10;0;191.72;274.44
S;10;0;190.19;277.03
S;10;0;188.82;279.71
S;10;0;187.60;282.47
S;10;0;186.51;285.27
S;10;0;185.53;288.12
S;10;0;184.64;291.00
S;10;0;183.83;293.89
S;10;0;183.06;296.81
S;10;0;182.33;299.72
S;10;0;181.60;302.65
S;10;0;180.85;305.56
S;10;0;180.07;308.47
S;10;0;179.24;311.36
S;10;0;178.33;314.23
S;10;0;177.38;317.09
S;10;0;176.43;319.95
S;10;0;175.47;322.80
S;10;0;174.50;325.65
S;10;0;173.53;328.50
S;10;0;172.57;331.36
S;10;0;171.62;334.21
S;10;0;170.67;337.07
S;10;0;169.74;339.93
S;10;0;168.82;342.80
S;10;0;167.93;345.68
S;10;0;167.06;348.56
S;10;0;166.23;351.45
S;10;0;165.42;354.35
S;10;0;164.65;357.26
S;10;0;163.92;360.18
S;10;0;163.24;363.12
S;10;0;162.61;366.06
S;10;0;162.03;369.01
S;10;0;161.51;371.98
S;10;0;161.04;374.95
S;10;0;160.65;377.94
S;10;0;160.32;380.93
S;10;0;160.06;383.93
S;10;0;159.87;386.93
S;10;0;159.76;389.94
S;10;0;159.72;392.95
S;10;0;159.77;395.96
S;10;0;159.90;398.97
S;10;0;160.10;401.97
S;10;0;160.39;404.97
G;11;0000;at
S;11;1;217.29;353.62
S;11;1;215.78;356.21
S;11;1;214.19;358.76
S;11;1;212.52;361.25
S;11;1;210.77;363.69
S;11;1;208.93;366.07
S;11;1;207.01;368.38
S;11;1;205.01;370.61
S;11;1;202.91;372.76
S;11;1;200.72;374.81
S;11;1;198.43;376.76
S;11;1;196.05;378.58
S;11;1;193.56;380.26
S;11;1;190.97;381.78
S;11;1;188.28;383.11
S;11;1;185.49;384.23
S;11;1;182.62;385.11
S;11;1;179.68;385.68
S;11;1;176.68;385.90
S;11;1;173.69;385.74
S;11;1;170.74;385.16
S;11;1;167.91;384.18
S;11;1;165.25;382.80
S;11;1;162.80;381.06
S;11;1;160.62;379.00
S;11;1;158.71;376.68
S;11;1;157.11;374.14
S;11;1;155.82;371.43
S;11;1;154.85;368.60
S;11;1;154.19;365.67
S;11;1;153.85;362.69
S;11;1;153.82;359.69
S;11;1;154.10;356.70
S;11;1;154.68;353.75
S;11;1;155.45;350.85
S;11;1;156.31;347.97
S;11;1;157.25;345.12
S;11;1;158.27;342.30
S;11;1;159.38;339.51
S;11;1;160.57;336.75
S;11;1;161.84;334.03
S;11;1;163.20;331.35
S;11;1;164.63;328.72
S;11;1;166.15;326.13
S;11;1;167.75;323.59
S;11;1;169.44;321.10
S;11;1;171.21;318.67
S;11;1;173.06;316.31
S;11;1;175.00;314.02
S;11;1;177.02;311.80
S;11;1;179.12;309.66
S;11;1;181.31;307.61
S;11;1;183.59;305.65
S;11;1;185.95;303.79
S;11;1;188.39;302.04
S;11;1;190.90;300.40
S;11;1;193.50;298.89
S;11;1;196.16;297.51
S;11;1;198.89;296.26
S;11;1;201.69;295.16
S;11;1;204.65;294.72
S;11;1;207.65;294.55
S;11;1;210.65;294.63
S;11;1;213.62;295.04
S;11;1;216.52;295.82
S;11;1;219.26;297.03
S;11;1;221.75;298.70
S;11;1;223.89;300.80
S;11;1;225.61;303.26
S;11;1;226.92;305.96
S;11;1;227.84;308.81
S;11;1;228.42;311.76
S;11;1;228.71;314.74
S;11;1;228.77;317.75
S;11;1;228.61;320.74
S;11;1;228.28;323.73
S;11;1;227.79;326.69
S;11;1;227.17;329.63
S;11;1;226.42;332.53
S;11;1;225.56;335.41
S;11;1;224.59;338.25
S;11;1;223.53;341.06
S;11;1;222.38;343.83
S;11;1;221.14;346.57
S;11;1;219.81;349.26
S;11;1;218.41;351.92
S;11;1;218.96;354.38
S;11;1;220.88;356.69
S;11;1;222.87;358.93
S;11;1;224.95;361.10
S;11;1;227.13;363.17
S;11;1;229.40;365.14
S;11;1;231.77;366.98
S;11;1;234.25;368.66
S;11;1;236.85;370.17
S;11;1;239.55;371.48
S;11;1;242.36;372.53
S;11;1;245.26;373.31
S;11;1;248.22;373.78
S;11;1;251.22;373.91
S;11;1;254.21;373.69
S;11;1;257.16;373.12
S;11;1;260.03;372.23
S;11;1;262.78;371.04
S;11;1;265.41;369.59
S;11;1;267.91;367.92
S;11;1;270.26;366.06
S;11;1;272.47;364.03
S;11;1;274.55;361.87
S;11;1;276.51;359.59
S;11;1;278.34;357.21
S;11;1;280.05;354.74
S;11;1;281.66;352.21
S;11;1;283.16;349.61
S;11;1;284.56;346.95
S;11;1;285.87;344.25
S;11;1;287.08;341.50
S;11;1;288.20;338.71
S;11;1;289.24;335.90
S;11;1;290.19;333.05
S;11;1;291.07;330.18
S;11;1;291.86;327.28
S;11;1;292.57;324.36
S;11;1;293.20;321.43
S;11;1;293.75;318.48
S;11;1;294.22;315.51
S;11;1;294.62;312.53
S;11;1;294.93;309.55
S;11;1;295.17;306.56
S;11;1;295.32;303.56
S;11;1;295.39;300.56
S;11;1;295.38;297.55
S;11;1;295.28;294.55
S;11;1;295.10;291.55
S;11;1;294.82;288.57
S;11;1;294.45;285.59
S;11;1;293.99;282.62
S;11;1;293.43;279.67
S;11;1;292.76;276.74
S;11;1;291.99;273.84
S;11;1;291.12;270.97
S;11;1;290.13;268.13
S;11;1;289.03;265.34
S;11;1;287.81;262.59
S;11;1;286.47;259.91
S;11;1;285.01;257.28
S;11;1;283.43;254.73
S;11;1;281.72;252.26
S;11;1;279.89;249.88
S;11;1;277.94;247.60
S;11;1;275.87;245.43
S;11;1;273.68;243.38
S;11;1;271.38;241.44
S;11;1;268.98;239.64
S;11;1;266.49;237.97
S;11;1;263.91;236.44
S;11;1;261.25;235.04
S;11;1;258.52;233.79
S;11;1;255.73;232.68
S;11;1;252.89;231.70
S;11;1;250.01;230.86
S;11;1;247.09;230.15
S;11;1;244.15;229.56
S;11;1;241.18;229.09
S;11;1;238.20;228.73
S;11;1;235.21;228.49
S;11;1;232.21;228.34
S;11;1;229.21;228.30
S;11;1;226.20;228.34
S;11;1;223.20;228.47
S;11;1;220.21;228.69
S;11;1;217.22;228.98
S;11;1;214.24;229.37
S;11;1;211.29;229.92
S;11;1;208.37;230.60
S;11;1;205.47;231.39
S;11;1;202.60;232.27
S;11;1;199.76;233.26
S;11;1;196.96;234.32
S;11;1;194.18;235.47
S;11;1;191.44;236.69
S;11;1;188.73;237.98
S;11;1;186.05;239.34
S;11;1;183.40;240.75
S;11;1;180.78;242.22
S;11;1;178.20;243.74
S;11;1;175.64;245.32
S;11;1;173.11;246.94
S;11;1;170.61;248.61
S;11;1;168.14;250.31
S;11;1;165.70;252.06
S;11;1;163.29;253.85
S;11;1;160.91;255.68
S;11;1;158.56;257.54
S;11;1;156.23;259.44
S;11;1;153.93;261.37
S;11;1;151.66;263.34
S;11;1;149.42;265.33
S;11;1;147.20;267.36
S;11;1;145.01;269.41
S;11;1;142.85;271.50
S;11;1;140.72;273.61
S;11;1;138.61;275.75
S;11;1;136.53;277.92
S;11;1;134.48;280.12
S;11;1;132.46;282.34
S;11;1;130.47;284.58
S;11;1;128.51;286.86
S;11;1;126.58;289.15
S;11;1;124.68;291.48
S;11;1;122.80;293.82
S;11;1;120.96;296.20
S;11;1;119.15;298.59
S;11;1;117.38;301.01
S;11;1;115.63;303.46
S;11;1;113.92;305.93
S;11;1;112.25;308.42
S;11;1;110.61;310.94
S;11;1;109.01;313.48
S;11;1;107.45;316.04
S;11;1;105.93;318.63
S;11;1;104.45;321.24
S;11;1;103.01;323.88
S;11;1;101.62;326.54
S;11;1;100.27;329.22
S;11;1;98.97;331.93
S;11;1;97.73;334.66
S;11;1;96.53;337.41
S;11;1;95.39;340.19
S;11;1;94.31;342.99
S;11;1;93.29;345.82
S;11;1;92.34;348.67
S;11;1;91.45;351.54
S;11;1;90.64;354.43
S;11;1;89.91;357.34
S;11;1;89.25;360.27
S;11;1;88.68;363.22
S;11;1;88.21;366.18
S;11;1;87.83;369.16
S;11;1;87.55;372.15
S;11;1;87.39;375.15
S;11;1;87.34;378.15
S;11;1;87.41;381.15
S;11;1;87.61;384.15
S;11;1;87.95;387.13
S;11;1;88.43;390.09
S;11;1;89.06;393.03
S;11;1;89.85;395.92
S;11;1;90.84;398.76
S;11;1;92.02;401.52
S;11;1;93.37;404.20
S;11;1;94.86;406.81
S;11;1;96.48;409.34
S;11;1;98.21;411.79
S;11;1;100.05;414.16
S;11;1;101.99;416.45
S;11;1;104.02;418.67
S;11;1;106.12;420.81
S;11;1;108.31;422.87
S;11;1;110.56;424.85
S;11;1;112.88;426.76
S;11;1;115.26;428.59
S;11;1;117.70;430.33
S;11;1;120.20;432.00
S;11;1;122.75;433.58
S;11;1;125.36;435.08
S;11;1;128.01;436.49
S;11;1;130.71;437.80
S;11;1;133.45;439.02
S;11;1;136.23;440.14
S;11;1;139.06;441.16
S;11;1;141.92;442.07
S;11;1;144.82;442.85
S;11;1;147.75;443.52
S;11;1;150.70;444.06
S;11;1;153.68;444.46
S;11;1;156.67;444.71
S;11;1;159.67;444.81
S;11;1;162.67;444.75
S;11;1;165.66;444.52
S;11;1;168.64;444.12
S;11;1;171.58;443.53
S;11;1;174.48;442.75
S;11;1;177.32;441.78
G;12;0000;cap_H
S;12;2;123.71;284.53
S;12;2;126.63;285.07
S;12;2;129.60;285.36
S;12;2;132.57;285.58
S;12;2;135.54;285.77
S;12;2;138.52;285.93
S;12;2;141.49;286.07
S;12;2;144.47;286.19
S;12;2;147.45;286.30
S;12;2;150.42;286.41
S;12;2;153.40;286.50
S;12;2;156.38;286.59
S;12;2;159.36;286.67
S;12;2;162.34;286.74
S;12;2;165.31;286.81
S;12;2;168.29;286.87
S;12;2;171.27;286.93
S;12;2;174.25;286.99
S;12;2;177.23;287.03
S;12;2;180.21;287.08
S;12;2;183.18;287.12
S;12;2;186.16;287.15
S;12;2;189.14;287.18
S;12;2;192.12;287.21
S;12;2;195.10;287.23
S;12;2;198.08;287.25
S;12;2;201.06;287.26
S;12;2;204.04;287.27
S;12;2;207.02;287.27
S;12;2;209.99;287.27
S;12;2;212.97;287.27
S;12;2;215.95;287.26
S;12;2;218.93;287.24
S;12;2;221.91;287.21
S;12;2;224.89;287.18
S;12;2;227.87;287.14
S;12;2;230.85;287.09
S;12;2;233.83;287.03
S;12;2;236.80;286.95
S;12;2;239.78;286.86
S;12;2;242.76;286.75
S;12;2;245.73;286.61
S;12;2;248.71;286.41
S;12;2;251.67;286.12
S;12;1;299.83;168.32
S;12;1;298.40;170.95
S;12;1;297.02;173.60
S;12;1;295.69;176.28
S;12;1;294.40;178.98
S;12;1;293.15;181.69
S;12;1;291.94;184.43
S;12;1;290.77;187.18
S;12;1;289.64;189.95
S;12;1;288.54;192.73
S;12;1;287.47;195.52
S;12;1;286.43;198.33
S;12;1;285.41;201.14
S;12;1;284.42;203.96
S;12;1;283.45;206.79
S;12;1;282.50;209.62
S;12;1;281.56;212.46
S;12;1;280.64;215.31
S;12;1;279.72;218.16
S;12;1;278.82;221.01
S;12;1;277.91;223.86
S;12;1;277.02;226.71
S;12;1;276.12;229.56
S;12;1;275.22;232.41
S;12;1;274.31;235.26
S;12;1;273.40;238.11
S;12;1;272.47;240.96
S;12;1;271.54;243.80
S;12;1;270.58;246.63
S;12;1;269.60;249.46
S;12;1;268.57;252.26
S;12;1;267.49;255.05
S;12;1;266.37;257.82
S;12;1;265.22;260.59
S;12;1;264.06;263.34
S;12;1;262.88;266.09
S;12;1;261.70;268.84
S;12;1;260.54;271.59
S;12;1;259.39;274.35
S;12;1;258.27;277.13
S;12;1;257.19;279.92
S;12;1;256.16;282.72
S;12;1;255.19;285.55
S;12;1;254.29;288.40
S;12;1;253.47;291.28
S;12;1;252.69;294.17
S;12;1;251.94;297.06
S;12;1;251.21;299.96
S;12;1;250.51;302.87
S;12;1;249.83;305.78
S;12;1;249.16;308.70
S;12;1;248.49;311.61
S;12;1;247.84;314.53
S;12;1;247.18;317.45
S;12;1;246.51;320.36
S;12;1;245.84;323.28
S;12;1;245.15;326.19
S;12;1;244.44;329.09
S;12;1;243.71;331.99
S;12;1;242.95;334.88
S;12;1;242.15;337.77
S;12;1;241.33;340.64
S;12;1;240.45;343.50
S;12;1;239.54;346.35
S;12;1;238.57;349.18
S;12;1;237.59;352.00
S;12;1;236.64;354.84
S;12;1;235.72;357.69
S;12;1;234.84;360.54
S;12;1;233.98;363.41
S;12;1;233.16;366.28
S;12;1;232.36;369.17
S;12;1;231.60;372.06
S;12;1;230.85;374.95
S;12;1;230.13;377.86
S;12;1;229.43;380.76
S;12;1;228.76;383.68
S;12;1;228.10;386.59
S;12;1;227.45;389.51
S;12;1;226.82;392.44
S;12;1;226.20;395.36
S;12;1;225.59;398.29
S;12;1;224.99;401.22
S;12;1;224.39;404.15
S;12;1;223.80;407.08
S;12;1;223.21;410.01
S;12;1;222.63;412.95
S;12;1;222.04;415.88
S;12;1;221.46;418.81
S;12;1;220.87;421.74
S;12;0;175.39;151.65
S;12;0;173.94;154.26
S;12;0;172.51;156.88
S;12;0;171.09;159.51
S;12;0;169.69;162.15
S;12;0;168.30;164.79
S;12;0;166.93;167.45
S;12;0;165.57;170.11
S;12;0;164.23;172.77
S;12;0;162.90;175.45
S;12;0;161.59;178.13
S;12;0;160.29;180.82
S;12;0;159.01;183.52
S;12;0;157.74;186.22
S;12;0;156.48;188.93
S;12;0;155.24;191.64
S;12;0;154.01;194.37
S;12;0;152.79;197.09
S;12;0;151.59;199.83
S;12;0;150.40;202.57
S;12;0;149.22;205.31
S;12;0;148.06;208.06
S;12;0;146.91;210.82
S;12;0;145.77;213.58
S;12;0;144.65;216.35
S;12;0;143.53;219.12
S;12;0;142.43;221.89
S;12;0;141.34;224.67
S;12;0;140.26;227.46
S;12;0;139.19;230.25
S;12;0;138.14;233.04
S;12;0;137.09;235.84
S;12;0;136.06;238.64
S;12;0;135.03;241.45
S;12;0;134.02;244.25
S;12;0;133.02;247.07
S;12;0;132.02;249.88
S;12;0;131.04;252.70
S;12;0;130.07;255.53
S;12;0;129.10;258.35
S;12;0;128.15;261.18
S;12;0;127.20;264.02
S;12;0;126.26;266.85
S;12;0;125.34;269.69
S;12;0;124.42;272.53
S;12;0;123.51;275.38
S;12;0;122.60;278.22
S;12;0;121.71;281.07
S;12;0;120.82;283.92
S;12;0;119.94;286.78
S;12;0;119.07;289.64
S;12;0;118.20;292.49
S;12;0;117.35;295.35
S;12;0;116.50;298.22
S;12;0;115.65;301.08
S;12;0;114.81;303.95
S;12;0;113.98;306.82
S;12;0;113.16;309.69
S;12;0;112.34;312.56
S;12;0;111.52;315.43
S;12;0;110.71;318.31
S;12;0;109.91;321.18
S;12;0;109.11;324.06
S;12;0;108.32;326.94
S;12;0;107.53;329.82
S;12;0;106.75;332.70
S;12;0;105.97;335.59
S;12;0;105.19;338.47
S;12;0;104.42;341.36
S;12;0;103.65;344.24
S;12;0;102.89;347.13
S;12;0;102.13;350.02
S;12;0;101.37;352.91
S;12;0;100.61;355.80
S;12;0;99.86;358.68
S;12;0;99.10;361.57
S;12;0;98.34;364.46
S;12;0;97.58;367.35
S;12;0;96.82;370.24
S;12;0;96.05;373.12
S;12;0;95.30;376.01
S;12;0;94.54;378.90
S;12;0;93.79;381.79
S;12;0;93.05;384.69
S;12;0;92.31;387.58
S;12;0;91.59;390.48
S;12;0;90.87;393.38
S;12;0;90.16;396.28
S;12;0;89.47;399.18
S;12;0;88.79;402.09
S;12;0;88.12;405.00
S;12;0;87.46;407.92
S;12;0;86.82;410.83
S;12;0;86.20;413.75
S;12;0;85.59;416.68
S;12;0;84.99;419.60
S;12;0;84.41;422.53
S;12;0;83.84;425.46
S;12;0;83.29;428.40
S;12;0;82.75;431.34
S;12;0;82.23;434.28
S;12;0;81.72;437.22
G;13;0000;cap_N
S;13;0;82.58;425.75
S;13;0;83.35;422.85
S;13;0;84.13;419.95
S;13;0;84.94;417.06
S;13;0;85.77;414.17
S;13;0;86.61;411.29
S;13;0;87.46;408.41
S;13;0;88.33;405.53
S;13;0;89.20;402.66
S;13;0;90.08;399.79
S;13;0;90.98;396.92
S;13;0;91.88;394.06
S;13;0;92.79;391.19
S;13;0;93.70;388.33
S;13;0;94.62;385.48
S;13;0;95.55;382.62
S;13;0;96.49;379.77
S;13;0;97.43;376.91
S;13;0;98.38;374.07
S;13;0;99.33;371.22
S;13;0;100.29;368.37
S;13;0;101.25;365.53
S;13;0;102.22;362.69
S;13;0;103.19;359.84
S;13;0;104.17;357.01
S;13;0;105.16;354.17
S;13;0;106.15;351.33
S;13;0;107.14;348.50
S;13;0;108.14;345.67
S;13;0;109.15;342.84
S;13;0;110.16;340.01
S;13;0;111.17;337.18
S;13;0;112.19;334.36
S;13;0;113.22;331.54
S;13;0;114.25;328.72
S;13;0;115.28;325.90
S;13;0;116.32;323.08
S;13;0;117.37;320.27
S;13;0;118.42;317.45
S;13;0;119.47;314.64
S;13;0;120.53;311.83
S;13;0;121.60;309.02
S;13;0;122.67;306.22
S;13;0;123.75;303.41
S;13;0;124.83;300.61
S;13;0;125.92;297.81
S;13;0;127.01;295.02
S;13;0;128.11;292.22
S;13;0;129.22;289.43
S;13;0;130.33;286.64
S;13;0;131.45;283.85
S;13;0;132.57;281.07
S;13;0;133.70;278.29
S;13;0;134.84;275.51
S;13;0;135.99;272.73
S;13;0;137.14;269.96
S;13;0;138.30;267.19
S;13;0;139.47;264.42
S;13;0;140.65;261.66
S;13;0;141.83;258.90
S;13;0;143.02;256.15
S;13;0;144.22;253.39
S;13;0;145.44;250.65
S;13;0;146.66;247.90
S;13;0;147.89;245.16
S;13;0;149.13;242.43
S;13;0;150.38;239.70
S;13;0;151.65;236.98
S;13;0;152.93;234.26
S;13;0;154.22;231.55
S;13;0;155.52;228.84
S;13;0;156.84;226.15
S;13;0;158.18;223.46
S;13;0;159.53;220.78
S;13;0;160.90;218.11
S;13;0;162.29;215.44
S;13;0;163.71;212.79
S;13;0;165.14;210.16
S;13;0;166.60;207.53
S;13;0;168.09;204.93
S;13;0;169.62;202.34
S;13;0;171.17;199.77
S;13;0;172.77;197.23
S;13;0;174.41;194.71
S;13;0;176.11;192.23
S;13;0;177.86;189.80
S;13;0;179.70;187.42
S;13;0;181.62;185.11
S;13;0;183.69;186.79
S;13;0;185.12;189.42
S;13;0;186.19;192.23
S;13;0;187.04;195.11
S;13;0;187.74;198.03
S;13;0;188.32;200.97
S;13;0;188.82;203.93
S;13;0;189.24;206.91
S;13;0;189.61;209.89
S;13;0;189.92;212.88
S;13;0;190.18;215.87
S;13;0;190.40;218.86
S;13;0;190.59;221.86
S;13;0;190.74;224.86
S;13;0;190.86;227.86
S;13;0;190.95;230.86
S;13;0;191.01;233.86
S;13;0;191.05;236.87
S;13;0;191.07;239.87
S;13;0;191.06;242.87
S;13;0;191.04;245.87
S;13;0;190.99;248.88
S;13;0;190.93;251.88
S;13;0;190.85;254.88
S;13;0;190.76;257.88
S;13;0;190.70;260.88
S;13;0;190.66;263.89
S;13;0;190.63;266.89
S;13;0;190.63;269.89
S;13;0;190.64;272.90
S;13;0;190.67;275.90
S;13;0;190.73;278.90
S;13;0;190.80;281.90
S;13;0;190.89;284.91
S;13;0;191.01;287.91
S;13;0;191.14;290.91
S;13;0;191.30;293.91
S;13;0;191.47;296.90
S;13;0;191.66;299.90
S;13;0;191.88;302.90
S;13;0;192.11;305.89
S;13;0;192.37;308.88
S;13;0;192.64;311.87
S;13;0;192.94;314.86
S;13;0;193.25;317.85
S;13;0;193.58;320.83
S;13;0;193.94;323.81
S;13;0;194.31;326.79
S;13;0;194.71;329.77
S;13;0;195.12;332.74
S;13;0;195.55;335.72
S;13;0;196.01;338.68
S;13;0;196.48;341.65
S;13;0;196.97;344.61
S;13;0;197.49;347.57
S;13;0;198.02;350.53
S;13;0;198.57;353.48
S;13;0;199.14;356.43
S;13;0;199.73;359.37
S;13;0;200.35;362.31
S;13;0;201.02;365.24
S;13;0;201.74;368.15
S;13;0;202.50;371.06
S;13;0;203.31;373.95
S;13;0;204.17;376.82
S;13;0;205.09;379.69
S;13;0;206.05;382.53
S;13;0;207.08;385.35
S;13;0;208.17;388.15
S;13;0;209.34;390.92
S;13;0;210.58;393.65
S;13;0;211.91;396.34
S;13;0;213.33;398.99
S;13;0;214.86;401.57
S;13;0;216.52;404.07
S;13;0;218.33;406.47
S;13;0;220.30;408.74
S;13;0;222.46;410.82
S;13;0;224.83;412.66
S;13;0;227.69;412.12
S;13;0;230.37;410.77
S;13;0;232.77;408.97
S;13;0;234.93;406.89
S;13;0;236.89;404.62
S;13;0;238.69;402.21
S;13;0;240.35;399.71
S;13;0;241.91;397.14
S;13;0;243.36;394.51
S;13;0;244.74;391.84
S;13;0;246.04;389.14
S;13;0;247.28;386.40
S;13;0;248.47;383.65
S;13;0;249.60;380.87
S;13;0;250.70;378.07
S;13;0;251.75;375.26
S;13;0;252.77;372.43
S;13;0;253.75;369.60
S;13;0;254.71;366.75
S;13;0;255.64;363.89
S;13;0;256.54;361.03
S;13;0;257.42;358.16
S;13;0;258.28;355.28
S;13;0;259.12;352.40
S;13;0;259.96;349.51
S;13;0;260.80;346.63
S;13;0;261.65;343.75
S;13;0;262.48;340.86
S;13;0;263.30;337.98
S;13;0;264.12;335.09
S;13;0;264.93;332.20
S;13;0;265.73;329.30
S;13;0;266.53;326.41
S;13;0;267.31;323.51
S;13;0;268.09;320.61
S;13;0;268.87;317.71
S;13;0;269.63;314.80
S;13;0;270.40;311.90
S;13;0;271.15;308.99
S;13;0;271.90;306.08
S;13;0;272.64;303.17
S;13;0;273.38;300.26
S;13;0;274.11;297.35
S;13;0;274.83;294.44
S;13;0;275.56;291.52
S;13;0;276.27;288.60
S;13;0;276.98;285.69
S;13;0;277.69;282.77
S;13;0;278.39;279.85
S;13;0;279.09;276.93
S;13;0;279.78;274.00
S;13;0;280.47;271.08
S;13;0;281.16;268.16
S;13;0;281.84;265.23
S;13;0;282.52;262.31
S;13;0;283.19;259.38
S;13;0;283.87;256.46
S;13;0;284.54;253.53
S;13;0;285.21;250.60
S;13;0;285.87;247.67
S;13;0;286.53;244.74
S;13;0;287.19;241.81
S;13;0;287.85;238.88
S;13;0;288.51;235.95
S;13;0;289.16;233.02
S;13;0;289.82;230.09
S;13;0;290.47;227.16
S;13;0;291.12;224.23
S;13;0;291.77;221.30
S;13;0;292.43;218.37
S;13;0;293.08;215.44
S;13;0;293.73;212.50
S;13;0;294.38;209.57
S;13;0;295.03;206.64
S;13;0;295.68;203.71
S;13;0;296.33;200.78
S;13;0;296.98;197.84
S;13;0;297.63;194.91
S;13;0;298.28;191.98
S;13;0;298.94;189.05
S;13;0;299.59;186.12
S;13;0;300.25;183.19
S;13;0;300.91;180.26
S;13;0;301.57;177.33
S;13;0;302.23;174.40
S;13;0;302.90;171.47
S;13;0;303.57;168.55
S;13;0;304.24;165.62
S;13;0;304.91;162.69
S;13;0;305.59;159.77
S;13;0;306.27;156.84
S;13;0;306.95;153.92
S;13;0;307.64;150.99
S;13;0;308.33;148.07
S;13;0;309.02;145.15
S;13;0;309.72;142.23
G;14;0000;cap_T
S;14;0;196.52;183.08
S;14;0;195.46;185.89
S;14;0;194.40;188.71
S;14;0;193.35;191.52
S;14;0;192.30;194.34
S;14;0;191.26;197.16
S;14;0;190.23;199.98
S;14;0;189.20;202.81
S;14;0;188.17;205.63
S;14;0;187.15;208.46
S;14;0;186.14;211.29
S;14;0;185.13;214.12
S;14;0;184.12;216.96
S;14;0;183.12;219.79
S;14;0;182.13;222.63
S;14;0;181.13;225.46
S;14;0;180.14;228.30
S;14;0;179.16;231.14
S;14;0;178.18;233.99
S;14;0;177.20;236.83
S;14;0;176.23;239.67
S;14;0;175.26;242.52
S;14;0;174.29;245.36
S;14;0;173.33;248.21
S;14;0;172.37;251.06
S;14;0;171.41;253.91
S;14;0;170.46;256.76
S;14;0;169.51;259.61
S;14;0;168.56;262.47
S;14;0;167.61;265.32
S;14;0;166.67;268.17
S;14;0;165.73;271.03
S;14;0;164.79;273.89
S;14;0;163.85;276.74
S;14;0;162.92;279.60
S;14;0;161.99;282.46
S;14;0;161.05;285.31
S;14;0;160.13;288.17
S;14;0;159.20;291.03
S;14;0;158.27;293.89
S;14;0;157.35;296.75
S;14;0;156.42;299.61
S;14;0;155.50;302.47
S;14;0;154.58;305.34
S;14;0;153.66;308.20
S;14;0;152.73;311.06
S;14;0;151.81;313.92
S;14;0;150.89;316.78
S;14;0;149.98;319.65
S;14;0;149.06;322.51
S;14;0;148.14;325.37
S;14;0;147.22;328.23
S;14;0;146.30;331.09
S;14;0;145.38;333.96
S;14;0;144.46;336.82
S;14;0;143.54;339.68
S;14;0;142.62;342.54
S;14;0;141.70;345.40
S;14;0;140.77;348.26
S;14;0;139.85;351.13
S;14;0;138.93;353.99
S;14;0;138.00;356.85
S;14;0;137.07;359.70
S;14;0;136.14;362.56
S;14;0;135.21;365.42
S;14;0;134.28;368.28
S;14;0;133.35;371.14
S;14;0;132.41;373.99
S;14;0;131.47;376.85
S;14;0;130.53;379.71
S;14;0;129.59;382.56
S;14;0;128.65;385.41
S;14;0;127.70;388.27
S;14;0;126.75;391.12
S;14;0;125.80;393.97
S;14;0;124.84;396.82
S;14;0;123.88;399.67
S;14;0;122.92;402.52
S;14;0;121.96;405.37
S;14;0;120.99;408.21
S;14;0;120.02;411.06
S;14;0;119.04;413.90
S;14;1;115.28;187.30
S;14;1;118.30;187.20
S;14;1;121.33;187.06
S;14;1;124.35;186.89
S;14;1;127.36;186.70
S;14;1;130.38;186.47
S;14;1;133.39;186.21
S;14;1;136.41;185.94
S;14;1;139.42;185.63
S;14;1;142.42;185.31
S;14;1;145.43;184.97
S;14;1;148.43;184.62
S;14;1;151.44;184.25
S;14;1;154.44;183.87
S;14;1;157.44;183.47
S;14;1;160.44;183.08
S;14;1;163.43;182.67
S;14;1;166.43;182.27
S;14;1;169.43;181.86
S;14;1;172.43;181.45
S;14;1;175.42;181.05
S;14;1;178.42;180.66
S;14;1;181.42;180.27
S;14;1;184.43;179.89
S;14;1;187.43;179.53
S;14;1;190.43;179.19
S;14;1;193.44;178.86
S;14;1;196.45;178.56
S;14;1;199.46;178.28
S;14;1;202.48;178.02
S;14;1;205.49;177.80
S;14;1;208.51;177.60
S;14;1;211.53;177.44
S;14;1;214.56;177.32
S;14;1;217.58;177.23
S;14;1;220.60;177.19
S;14;1;223.63;177.19
S;14;1;226.65;177.24
S;14;1;229.68;177.34
S;14;1;232.70;177.49
S;14;1;235.72;177.70
S;14;1;238.73;177.96
S;14;1;241.74;178.28
S;14;1;244.74;178.66
S;14;1;247.73;179.10
S;14;1;250.72;179.60
S;14;1;253.69;180.16
S;14;1;256.65;180.79
S;14;1;259.59;181.49
S;14;1;262.52;182.25
S;14;1;265.43;183.08
S;14;1;268.32;183.97
S;14;1;271.19;184.93
S;14;1;274.03;185.95
S;14;1;276.86;187.04
S;14;1;279.65;188.19
S;14;1;282.43;189.40
S;14;1;285.17;190.67
G;15;0000;cap_V
S;15;1;281.11;162.49
S;15;1;279.30;164.88
S;15;1;277.50;167.29
S;15;1;275.71;169.71
S;15;1;273.95;172.14
S;15;1;272.20;174.58
S;15;1;270.46;177.04
S;15;1;268.74;179.50
S;15;1;267.04;181.98
S;15;1;265.35;184.46
S;15;1;263.68;186.95
S;15;1;262.01;189.46
S;15;1;260.37;191.97
S;15;1;258.74;194.49
S;15;1;257.12;197.02
S;15;1;255.51;199.56
S;15;1;253.92;202.11
S;15;1;252.34;204.67
S;15;1;250.77;207.23
S;15;1;249.22;209.80
S;15;1;247.67;212.38
S;15;1;246.14;214.97
S;15;1;244.62;217.56
S;15;1;243.11;220.16
S;15;1;241.62;222.76
S;15;1;240.13;225.37
S;15;1;238.66;227.99
S;15;1;237.19;230.61
S;15;1;235.73;233.24
S;15;1;234.29;235.88
S;15;1;232.85;238.52
S;15;1;231.43;241.16
S;15;1;230.01;243.81
S;15;1;228.60;246.46
S;15;1;227.20;249.12
S;15;1;225.81;251.78
S;15;1;224.42;254.45
S;15;1;223.05;257.12
S;15;1;221.68;259.80
S;15;1;220.32;262.47
S;15;1;218.96;265.16
S;15;1;217.61;267.84
S;15;1;216.27;270.53
S;15;1;214.94;273.22
S;15;1;213.61;275.92
S;15;1;212.29;278.62
S;15;1;210.97;281.32
S;15;1;209.66;284.02
S;15;1;208.35;286.73
S;15;1;207.05;289.43
S;15;1;205.75;292.14
S;15;1;204.46;294.86
S;15;1;203.17;297.57
S;15;1;201.89;300.29
S;15;1;200.61;303.00
S;15;1;199.33;305.72
S;15;1;198.06;308.45
S;15;1;196.79;311.17
S;15;1;195.52;313.89
S;15;1;194.25;316.62
S;15;1;192.99;319.34
S;15;1;191.73;322.07
S;15;1;190.47;324.80
S;15;1;189.21;327.53
S;15;1;187.95;330.26
S;15;1;186.70;332.99
S;15;1;185.44;335.72
S;15;1;184.19;338.45
S;15;1;182.93;341.18
S;15;1;181.68;343.91
S;15;1;180.43;346.64
S;15;1;179.17;349.37
S;15;1;177.92;352.10
S;15;1;176.66;354.83
S;15;1;175.40;357.56
S;15;1;174.14;360.28
S;15;1;172.88;363.01
S;15;1;171.62;365.74
S;15;1;170.36;368.46
S;15;1;169.09;371.19
S;15;1;167.82;373.91
S;15;1;166.55;376.63
S;15;1;165.27;379.35
S;15;1;163.99;382.07
S;15;1;162.71;384.79
S;15;1;161.42;387.51
S;15;1;160.13;390.22
S;15;1;158.84;392.93
S;15;1;157.54;395.64
S;15;1;156.23;398.34
S;15;1;154.92;401.05
S;15;1;153.60;403.75
S;15;1;152.28;406.44
S;15;1;150.95;409.14
S;15;1;149.61;411.83
S;15;1;148.27;414.52
S;15;1;146.92;417.20
S;15;0;142.48;159.84
S;15;0;142.48;162.83
S;15;0;142.43;165.82
S;15;0;142.34;168.80
S;15;0;142.20;171.79
S;15;0;142.02;174.77
S;15;0;141.80;177.75
S;15;0;141.55;180.73
S;15;0;141.27;183.70
S;15;0;140.96;186.67
S;15;0;140.63;189.64
S;15;0;140.27;192.61
S;15;0;139.91;195.58
S;15;0;139.52;198.54
S;15;0;139.13;201.50
S;15;0;138.73;204.46
S;15;0;138.33;207.42
S;15;0;137.93;210.38
S;15;0;137.54;213.35
S;15;0;137.14;216.31
S;15;0;136.76;219.27
S;15;0;136.40;222.24
S;15;0;136.05;225.21
S;15;0;135.72;228.18
S;15;0;135.39;231.15
S;15;0;135.08;234.12
S;15;0;134.76;237.09
S;15;0;134.45;240.06
S;15;0;134.14;243.03
S;15;0;133.83;246.00
S;15;0;133.53;248.98
S;15;0;133.24;251.95
S;15;0;132.95;254.92
S;15;0;132.66;257.90
S;15;0;132.38;260.87
S;15;0;132.10;263.85
S;15;0;131.83;266.82
S;15;0;131.56;269.80
S;15;0;131.30;272.78
S;15;0;131.04;275.75
S;15;0;130.79;278.73
S;15;0;130.55;281.71
S;15;0;130.31;284.69
S;15;0;130.08;287.67
S;15;0;129.85;290.65
S;15;0;129.63;293.63
S;15;0;129.42;296.61
S;15;0;129.22;299.59
S;15;0;129.02;302.57
S;15;0;128.83;305.55
S;15;0;128.65;308.53
S;15;0;128.47;311.52
S;15;0;128.30;314.50
S;15;0;128.14;317.48
S;15;0;127.99;320.47
S;15;0;127.84;323.45
S;15;0;127.71;326.44
S;15;0;127.58;329.42
S;15;0;127.46;332.41
S;15;0;127.35;335.39
S;15;0;127.25;338.38
S;15;0;127.16;341.37
S;15;0;127.08;344.35
S;15;0;127.00;347.34
S;15;0;126.94;350.33
S;15;0;126.91;353.32
S;15;0;126.90;356.30
S;15;0;126.94;359.29
S;15;0;127.02;362.28
S;15;0;127.15;365.26
S;15;0;127.35;368.25
S;15;0;127.61;371.22
S;15;0;127.96;374.19
S;15;0;128.38;377.15
S;15;0;128.89;380.09
S;15;0;129.49;383.02
S;15;0;130.19;385.92
S;15;0;130.98;388.80
S;15;0;131.87;391.66
S;15;0;132.86;394.48
S;15;0;133.94;397.26
S;15;0;135.11;400.01
S;15;0;136.37;402.72
S;15;0;137.72;405.38
S;15;0;139.16;408.01
G;16;0000;cap_W
S;16;1;257.26;183.45
S;16;1;256.56;186.36
S;16;1;255.84;189.27
S;16;1;255.10;192.17
S;16;1;254.35;195.07
S;16;1;253.59;197.96
S;16;1;252.81;200.85
S;16;1;252.03;203.74
S;16;1;251.24;206.63
S;16;1;250.44;209.51
S;16;1;249.64;212.39
S;16;1;248.83;215.28
S;16;1;248.02;218.16
S;16;1;247.21;221.04
S;16;1;246.39;223.92
S;16;1;245.58;226.80
S;16;1;244.77;229.68
S;16;1;243.95;232.56
S;16;1;243.15;235.44
S;16;1;242.34;238.33
S;16;1;241.54;241.21
S;16;1;240.75;244.10
S;16;1;239.96;246.99
S;16;1;239.18;249.88
S;16;1;238.42;252.77
S;16;1;237.66;255.66
S;16;1;236.92;258.56
S;16;1;236.19;261.47
S;16;1;235.48;264.38
S;16;1;234.79;267.29
S;16;1;234.10;270.20
S;16;1;233.40;273.11
S;16;1;232.69;276.02
S;16;1;231.97;278.92
S;16;1;231.25;281.83
S;16;1;230.52;284.73
S;16;1;229.79;287.64
S;16;1;229.06;290.54
S;16;1;228.34;293.44
S;16;1;227.61;296.35
S;16;1;226.90;299.25
S;16;1;226.19;302.16
S;16;1;225.49;305.07
S;16;1;224.80;307.99
S;16;1;224.13;310.90
S;16;1;223.47;313.82
S;16;1;222.83;316.75
S;16;1;222.21;319.67
S;16;1;221.61;322.61
S;16;1;221.03;325.54
S;16;1;220.48;328.48
S;16;1;219.95;331.43
S;16;1;219.46;334.38
S;16;1;218.99;337.34
S;16;1;218.55;340.30
S;16;1;218.15;343.27
S;16;1;217.79;346.24
S;16;1;217.46;349.21
S;16;1;217.17;352.19
S;16;1;216.92;355.18
S;16;1;216.72;358.16
S;16;1;216.58;361.15
S;16;1;216.53;364.14
S;16;1;216.55;367.14
S;16;1;216.62;370.13
S;16;1;216.76;373.12
S;16;1;216.95;376.11
S;16;1;217.20;379.09
S;16;1;217.50;382.07
S;16;1;217.87;385.04
S;16;1;218.30;388.00
S;16;1;218.81;390.95
S;16;1;219.39;393.89
S;16;1;220.05;396.80
S;16;1;220.81;399.70
S;16;1;221.68;402.56
S;16;1;222.67;405.39
S;16;1;223.80;408.16
S;16;1;225.10;410.86
S;16;1;226.59;413.45
S;16;1;228.32;415.89
S;16;1;230.33;418.10
S;16;1;233.20;417.29
S;16;1;235.96;416.12
S;16;1;238.58;414.67
S;16;1;241.07;413.02
S;16;1;243.45;411.21
S;16;1;245.74;409.28
S;16;1;247.94;407.25
S;16;1;250.06;405.14
S;16;1;252.12;402.97
S;16;1;254.12;400.74
S;16;1;256.06;398.46
S;16;1;257.95;396.14
S;16;1;259.80;393.79
S;16;1;261.61;391.41
S;16;1;263.39;388.99
S;16;1;265.13;386.56
S;16;1;266.84;384.10
S;16;1;268.52;381.62
S;16;1;270.17;379.13
S;16;1;271.80;376.62
S;16;1;273.41;374.09
S;16;1;275.00;371.56
S;16;1;276.57;369.01
S;16;1;278.13;366.45
S;16;1;279.68;363.89
S;16;1;281.23;361.33
S;16;1;282.76;358.76
S;16;1;284.28;356.19
S;16;1;285.79;353.60
S;16;1;287.29;351.01
S;16;1;288.77;348.40
S;16;1;290.23;345.80
S;16;1;291.69;343.18
S;16;1;293.13;340.56
S;16;1;294.56;337.93
S;16;1;295.97;335.29
S;16;1;297.38;332.65
S;16;1;298.77;330.00
S;16;1;300.15;327.34
S;16;1;301.52;324.68
S;16;1;302.87;322.01
S;16;1;304.22;319.34
S;16;1;305.55;316.66
S;16;1;306.88;313.97
S;16;1;308.19;311.28
S;16;1;309.49;308.59
S;16;1;310.78;305.89
S;16;1;312.07;303.18
S;16;1;313.34;300.47
S;16;1;314.60;297.76
S;16;1;315.86;295.04
S;16;1;317.10;292.32
S;16;1;318.34;289.59
S;16;1;319.57;286.86
S;16;1;320.79;284.13
S;16;1;322.00;281.39
S;16;1;323.20;278.65
S;16;1;324.40;275.91
S;16;1;325.58;273.16
S;16;1;326.77;270.41
S;16;1;327.94;267.66
S;16;1;329.11;264.90
S;16;1;330.27;262.14
S;16;1;331.42;259.38
S;16;1;332.57;256.62
S;16;1;333.72;253.85
S;16;1;334.85;251.08
S;16;1;335.99;248.31
S;16;1;337.11;245.54
S;16;1;338.24;242.77
S;16;1;339.36;239.99
S;16;1;340.47;237.21
S;16;1;341.58;234.43
S;16;1;342.69;231.65
S;16;1;343.79;228.87
S;16;1;344.89;226.08
S;16;1;345.99;223.30
S;16;1;347.08;220.51
S;16;1;348.17;217.73
S;16;1;349.26;214.94
S;16;1;350.35;212.15
S;16;1;351.44;209.36
S;16;1;352.52;206.57
S;16;1;353.60;203.78
S;16;1;354.69;200.99
S;16;1;355.77;198.20
S;16;1;356.85;195.41
S;16;1;357.93;192.62
S;16;1;359.01;189.82
S;16;1;360.09;187.03
S;16;1;361.17;184.24
S;16;1;362.25;181.45
S;16;1;363.34;178.66
S;16;1;364.42;175.87
S;16;0;146.40;175.39
S;16;0;145.59;178.29
S;16;0;144.79;181.18
S;16;0;143.98;184.08
S;16;0;143.18;186.98
S;16;0;142.38;189.88
S;16;0;141.59;192.78
S;16;0;140.80;195.68
S;16;0;140.01;198.58
S;16;0;139.23;201.49
S;16;0;138.45;204.39
S;16;0;137.68;207.30
S;16;0;136.92;210.21
S;16;0;136.17;213.12
S;16;0;135.43;216.03
S;16;0;134.70;218.95
S;16;0;133.98;221.87
S;16;0;133.27;224.79
S;16;0;132.58;227.72
S;16;0;131.90;230.65
S;16;0;131.24;233.58
S;16;0;130.60;236.52
S;16;0;129.97;239.46
S;16;0;129.36;242.41
S;16;0;128.77;245.36
S;16;0;128.20;248.31
S;16;0;127.65;251.26
S;16;0;127.10;254.22
S;16;0;126.56;257.18
S;16;0;126.02;260.14
S;16;0;125.50;263.10
S;16;0;124.97;266.06
S;16;0;124.45;269.02
S;16;0;123.94;271.99
S;16;0;123.43;274.95
S;16;0;122.93;277.91
S;16;0;122.42;280.88
S;16;0;121.92;283.84
S;16;0;121.43;286.81
S;16;0;120.93;289.78
S;16;0;120.44;292.74
S;16;0;119.95;295.71
S;16;0;119.46;298.68
S;16;0;118.97;301.64
S;16;0;118.49;304.61
S;16;0;118.00;307.58
S;16;0;117.51;310.54
S;16;0;117.02;313.51
S;16;0;116.53;316.48
S;16;0;116.04;319.45
S;16;0;115.54;322.41
S;16;0;115.05;325.38
S;16;0;114.55;328.34
S;16;0;114.04;331.31
S;16;0;113.54;334.27
S;16;0;113.03;337.24
S;16;0;112.52;340.20
S;16;0;112.00;343.16
S;16;0;111.47;346.12
S;16;0;110.94;349.08
S;16;0;110.41;352.04
S;16;0;109.87;355.00
S;16;0;109.36;357.96
S;16;0;108.88;360.93
S;16;0;108.44;363.91
S;16;0;108.04;366.89
S;16;0;107.69;369.87
S;16;0;107.39;372.87
S;16;0;107.15;375.86
S;16;0;106.98;378.87
S;16;0;106.88;381.87
S;16;0;106.87;384.88
S;16;0;106.95;387.88
S;16;0;107.14;390.88
S;16;0;107.46;393.87
S;16;0;107.94;396.84
S;16;0;108.61;399.77
S;16;0;109.51;402.64
S;16;0;110.69;405.41
S;16;0;112.21;408.00
S;16;0;114.12;410.31
S;16;0;116.92;409.22
S;16;0;119.55;407.78
S;16;0;122.04;406.08
S;16;0;124.38;404.21
S;16;0;126.61;402.19
S;16;0;128.74;400.06
S;16;0;130.78;397.85
S;16;0;132.74;395.57
S;16;0;134.63;393.23
S;16;0;136.46;390.85
S;16;0;138.23;388.42
S;16;0;139.96;385.95
S;16;0;141.63;383.46
S;16;0;143.27;380.93
S;16;0;144.86;378.39
S;16;0;146.42;375.81
S;16;0;147.95;373.22
S;16;0;149.44;370.61
S;16;0;150.91;367.99
S;16;0;152.34;365.34
S;16;0;153.75;362.69
S;16;0;155.13;360.02
S;16;0;156.49;357.34
S;16;0;157.86;354.65
S;16;0;159.22;351.98
S;16;0;160.59;349.30
S;16;0;161.95;346.62
S;16;0;163.32;343.94
S;16;0;164.70;341.27
S;16;0;166.07;338.59
S;16;0;167.45;335.92
S;16;0;168.83;333.24
S;16;0;170.21;330.57
S;16;0;171.59;327.90
S;16;0;172.98;325.24
S;16;0;174.37;322.57
S;16;0;175.76;319.90
S;16;0;177.16;317.24
S;16;0;178.56;314.58
S;16;0;179.96;311.92
S;16;0;181.36;309.26
S;16;0;182.77;306.60
S;16;0;184.18;303.95
S;16;0;185.60;301.29
S;16;0;187.02;298.64
S;16;0;188.44;295.99
S;16;0;189.87;293.35
S;16;0;191.30;290.70
S;16;0;192.74;288.06
S;16;0;194.18;285.42
S;16;0;195.62;282.78
S;16;0;197.07;280.15
S;16;0;198.52;277.52
S;16;0;199.98;274.89
S;16;0;201.44;272.26
S;16;0;202.91;269.63
S;16;0;204.38;267.01
S;16;0;205.86;264.39
S;16;0;207.34;261.78
S;16;0;208.83;259.16
S;16;0;210.32;256.55
S;16;0;211.82;253.94
S;16;0;213.33;251.34
S;16;0;214.84;248.74
S;16;0;216.35;246.14
S;16;0;217.87;243.55
S;16;0;219.40;240.96
S;16;0;220.93;238.37
S;16;0;222.47;235.79
S;16;0;224.02;233.21
S;16;0;225.57;230.63
S;16;0;227.13;228.06
S;16;0;228.69;225.49
S;16;0;230.27;222.93
S;16;0;231.84;220.37
S;16;0;233.43;217.81
S;16;0;235.02;215.26
S;16;0;236.62;212.72
S;16;0;238.23;210.17
S;16;0;239.84;207.64
S;16;0;241.46;205.10
S;16;0;243.09;202.58
S;16;0;244.72;200.05
S;16;0;246.37;197.53
S;16;0;248.02;195.02
S;16;0;249.68;192.51
S;16;0;251.34;190.01
S;16;0;253.02;187.51
S;16;0;254.70;185.02
S;16;0;256.39;182.53
S;16;0;258.09;180.05
G;17;0000;a
S;17;1;178.28;325.01
S;17;1;179.39;327.84
S;17;1;180.49;330.68
S;17;1;181.57;333.52
S;17;1;182.66;336.36
S;17;1;183.76;339.19
S;17;1;184.88;342.02
S;17;1;186.04;344.83
S;17;1;187.23;347.63
S;17;1;188.49;350.40
S;17;1;189.80;353.14
S;17;1;191.19;355.84
S;17;1;192.67;358.50
S;17;1;194.24;361.10
S;17;1;195.92;363.64
S;17;1;197.72;366.09
S;17;1;199.65;368.43
S;17;1;201.72;370.66
S;17;1;203.93;372.75
S;17;1;206.28;374.68
S;17;1;208.77;376.43
S;17;1;211.38;377.97
S;17;1;214.11;379.31
S;17;1;216.94;380.42
S;17;1;219.85;381.32
S;17;1;222.81;382.00
S;17;0;158.67;271.17
S;17;0;161.42;272.34
S;17;0;164.11;273.65
S;17;0;166.75;275.03
S;17;0;169.36;276.49
S;17;0;171.94;278.00
S;17;0;174.48;279.57
S;17;0;176.99;281.19
S;17;0;179.46;282.88
S;17;0;181.87;284.63
S;17;0;184.23;286.47
S;17;0;186.52;288.39
S;17;0;188.71;290.43
S;17;0;190.74;292.61
S;17;0;192.54;295.00
S;17;0;193.89;297.65
S;17;0;194.28;300.59
S;17;0;193.73;303.52
S;17;0;192.67;306.32
S;17;0;191.33;308.98
S;17;0;189.80;311.55
S;17;0;188.14;314.03
S;17;0;186.38;316.45
S;17;0;184.55;318.81
S;17;0;182.66;321.12
S;17;0;180.72;323.40
S;17;0;178.74;325.64
S;17;0;176.72;327.84
S;17;0;174.68;330.02
S;17;0;172.61;332.17
S;17;0;170.51;334.30
S;17;0;168.39;336.41
S;17;0;166.25;338.50
S;17;0;164.10;340.57
S;17;0;161.93;342.62
S;17;0;159.74;344.65
S;17;0;157.54;346.67
S;17;0;155.32;348.68
S;17;0;153.10;350.67
S;17;0;150.86;352.65
S;17;0;148.60;354.61
S;17;0;146.34;356.56
S;17;0;144.06;358.50
S;17;0;141.77;360.41
S;17;0;139.47;362.32
S;17;0;137.15;364.20
S;17;0;134.83;366.08
S;17;0;132.52;367.98
S;17;0;130.20;369.87
S;17;0;127.87;371.73
S;17;0;125.51;373.56
S;17;0;123.12;375.35
S;17;0;120.69;377.09
S;17;0;118.21;378.76
S;17;0;115.68;380.35
S;17;0;113.09;381.85
S;17;0;110.44;383.22
S;17;0;107.71;384.43
S;17;0;104.90;385.45
S;17;0;102.01;386.22
S;17;0;99.06;386.67
S;17;0;96.08;386.69
S;17;0;93.13;386.21
S;17;0;90.34;385.17
S;17;0;87.87;383.50
S;17;0;86.00;381.18
S;17;0;84.85;378.44
S;17;0;84.33;375.50
S;17;0;84.27;372.51
S;17;0;84.56;369.54
S;17;0;85.10;366.60
S;17;0;85.82;363.70
S;17;0;86.70;360.85
S;17;0;87.68;358.03
S;17;0;88.77;355.24
S;17;0;89.93;352.49
S;17;0;91.16;349.77
S;17;0;92.45;347.07
S;17;0;93.80;344.40
S;17;0;95.19;341.76
S;17;0;96.62;339.13
S;17;0;98.08;336.53
S;17;0;99.56;333.93
S;17;0;101.07;331.35
S;17;0;102.60;328.79
S;17;0;104.17;326.25
S;17;0;105.76;323.72
S;17;0;107.39;321.21
S;17;0;109.05;318.73
S;17;0;110.74;316.27
S;17;0;112.47;313.83
S;17;0;114.23;311.42
S;17;0;116.04;309.03
S;17;0;117.88;306.68
S;17;0;119.76;304.36
S;17;0;121.68;302.07
S;17;0;123.65;299.83
S;17;0;125.66;297.62
S;17;0;127.72;295.45
S;17;0;129.83;293.33
S;17;0;131.97;291.25
S;17;0;134.17;289.23
S;17;0;136.41;287.25
S;17;0;138.69;285.32
S;17;0;141.02;283.45
S;17;0;143.40;281.64
S;17;0;145.82;279.88
S;17;0;148.28;278.19
S;17;0;150.78;276.56
S;17;0;153.32;274.99
S;17;0;155.91;273.49
S;17;0;158.53;272.06
G;18;0000;grave
S;18;0;153.11;192.25
S;18;0;153.65;195.27
S;18;0;154.45;198.23
S;18;0;155.50;201.10
S;18;0;156.78;203.89
S;18;0;158.24;206.58
S;18;0;159.83;209.21
S;18;0;161.48;211.78
S;18;0;163.16;214.35
S;18;0;164.82;216.93
S;18;0;166.41;219.55
S;18;0;167.90;222.23
S;18;0;169.27;224.97
S;18;0;170.49;227.78
S;18;0;171.56;230.65
S;18;0;172.47;233.58
S;18;0;173.22;236.55
G;19;0000;b
S;19;1;104.94;341.78
S;19;1;107.22;339.83
S;19;1;109.49;337.87
S;19;1;111.75;335.90
S;19;1;114.00;333.92
S;19;1;116.24;331.93
S;19;1;118.48;329.94
S;19;1;120.72;327.95
S;19;1;122.96;325.96
S;19;1;125.21;323.97
S;19;1;127.46;322.00
S;19;1;129.73;320.03
S;19;1;132.00;318.08
S;19;1;134.29;316.14
S;19;1;136.60;314.22
S;19;1;138.92;312.33
S;19;1;141.26;310.46
S;19;1;143.63;308.62
S;19;1;146.06;306.86
S;19;1;148.53;305.16
S;19;1;151.04;303.53
S;19;1;153.59;301.95
S;19;1;156.17;300.42
S;19;1;158.78;298.95
S;19;1;161.42;297.53
S;19;1;164.09;296.17
S;19;1;166.80;294.87
S;19;1;169.53;293.64
S;19;1;172.29;292.47
S;19;1;175.09;291.39
S;19;1;177.92;290.40
S;19;1;180.78;289.51
S;19;1;183.68;288.75
S;19;1;186.61;288.14
S;19;1;189.58;287.71
S;19;1;192.57;287.50
S;19;1;195.56;287.58
S;19;1;198.53;288.02
S;19;1;201.39;288.91
S;19;1;204.03;290.32
S;19;1;206.30;292.26
S;19;1;208.10;294.65
S;19;1;209.42;297.34
S;19;1;210.30;300.21
S;19;1;210.83;303.16
S;19;1;211.07;306.14
S;19;1;211.09;309.14
S;19;1;210.92;312.13
S;19;1;210.55;315.11
S;19;1;209.94;318.04
S;19;1;209.14;320.93
S;19;1;208.16;323.76
S;19;1;207.03;326.54
S;19;1;205.78;329.26
S;19;1;204.40;331.93
S;19;1;202.92;334.54
S;19;1;201.35;337.09
S;19;1;199.70;339.59
S;19;1;197.97;342.04
S;19;1;196.17;344.44
S;19;1;194.31;346.78
S;19;1;192.38;349.08
S;19;1;190.40;351.33
S;19;1;188.37;353.54
S;19;1;186.29;355.69
S;19;1;184.16;357.80
S;19;1;181.98;359.87
S;19;1;179.76;361.88
S;19;1;177.50;363.85
S;19;1;175.20;365.77
S;19;1;172.86;367.65
S;19;1;170.48;369.47
S;19;1;168.06;371.24
S;19;1;165.61;372.96
S;19;1;163.12;374.63
S;19;1;160.59;376.24
S;19;1;158.03;377.80
S;19;1;155.43;379.29
S;19;1;152.79;380.72
S;19;1;150.12;382.09
S;19;1;147.42;383.38
S;19;1;144.68;384.59
S;19;1;141.90;385.72
S;19;1;139.09;386.77
S;19;1;136.25;387.72
S;19;1;133.37;388.56
S;19;1;130.46;389.29
S;19;1;127.53;389.90
S;19;1;124.57;390.37
S;19;1;121.58;390.68
S;19;1;118.59;390.83
S;19;1;115.59;390.79
S;19;1;112.61;390.55
S;19;1;109.64;390.09
S;19;1;106.73;389.38
S;19;1;103.89;388.43
S;19;0;170.67;160.05
S;19;0;169.37;162.77
S;19;0;168.07;165.49
S;19;0;166.78;168.22
S;19;0;165.50;170.95
S;19;0;164.23;173.69
S;19;0;162.96;176.43
S;19;0;161.70;179.17
S;19;0;160.46;181.92
S;19;0;159.22;184.67
S;19;0;157.98;187.42
S;19;0;156.76;190.18
S;19;0;155.55;192.94
S;19;0;154.34;195.71
S;19;0;153.14;198.48
S;19;0;151.95;201.25
S;19;0;150.77;204.03
S;19;0;149.60;206.81
S;19;0;148.44;209.59
S;19;0;147.28;212.38
S;19;0;146.14;215.17
S;19;0;145.00;217.96
S;19;0;143.87;220.76
S;19;0;142.75;223.56
S;19;0;141.64;226.37
S;19;0;140.54;229.18
S;19;0;139.45;231.99
S;19;0;138.37;234.81
S;19;0;137.30;237.63
S;19;0;136.23;240.45
S;19;0;135.18;243.28
S;19;0;134.14;246.11
S;19;0;133.10;248.94
S;19;0;132.07;251.78
S;19;0;131.06;254.62
S;19;0;130.05;257.46
S;19;0;129.05;260.31
S;19;0;128.07;263.16
S;19;0;127.09;266.02
S;19;0;126.12;268.87
S;19;0;125.16;271.73
S;19;0;124.21;274.60
S;19;0;123.27;277.46
S;19;0;122.34;280.33
S;19;0;121.42;283.21
S;19;0;120.51;286.09
S;19;0;119.61;288.96
S;19;0;118.73;291.85
S;19;0;117.85;294.73
S;19;0;116.98;297.62
S;19;0;116.12;300.52
S;19;0;115.27;303.41
S;19;0;114.43;306.31
S;19;0;113.60;309.21
S;19;0;112.78;312.11
S;19;0;111.97;315.02
S;19;0;111.18;317.93
S;19;0;110.39;320.84
S;19;0;109.61;323.76
S;19;0;108.84;326.68
S;19;0;108.09;329.60
S;19;0;107.34;332.52
S;19;0;106.60;335.44
S;19;0;105.88;338.37
S;19;0;105.16;341.30
S;19;0;104.46;344.24
S;19;0;103.76;347.17
S;19;0;103.08;350.11
S;19;0;102.41;353.05
S;19;0;101.74;356.00
S;19;0;101.09;358.94
S;19;0;100.45;361.89
G;20;0000;i
S;20;1;131.40;222.24
S;20;1;131.72;221.96
S;20;1;132.08;221.74
S;20;1;132.48;221.64
S;20;1;132.87;221.77
S;20;1;133.00;222.16
S;20;1;132.90;222.56
S;20;1;132.68;222.92
S;20;1;132.40;223.24
S;20;0;113.78;292.58
S;20;0;113.24;295.54
S;20;0;112.64;298.49
S;20;0;111.98;301.43
S;20;0;111.26;304.36
S;20;0;110.50;307.27
S;20;0;109.70;310.17
S;20;0;108.87;313.06
S;20;0;108.00;315.95
S;20;0;107.11;318.82
S;20;0;106.20;321.69
S;20;0;105.27;324.56
S;20;0;104.32;327.41
S;20;0;103.36;330.27
S;20;0;102.39;333.12
S;20;0;101.42;335.97
S;20;0;100.44;338.82
S;20;0;99.47;341.66
S;20;0;98.49;344.51
S;20;0;97.53;347.36
S;20;0;96.57;350.22
S;20;0;95.62;353.07
S;20;0;94.68;355.94
S;20;0;93.77;358.81
S;20;0;92.88;361.68
S;20;0;92.01;364.56
S;20;0;91.18;367.46
S;20;0;90.38;370.36
S;20;0;89.62;373.27
S;20;0;88.91;376.20
S;20;0;88.26;379.14
S;20;0;87.67;382.09
S;20;0;87.15;385.06
S;20;0;86.72;388.04
S;20;0;86.39;391.03
G;21;0000;l
S;21;0;157.04;160.11
S;21;0;156.95;163.11
S;21;0;156.77;166.10
S;21;0;156.48;169.09
S;21;0;156.10;172.06
S;21;0;155.62;175.03
S;21;0;155.04;177.97
S;21;0;154.37;180.89
S;21;0;153.62;183.80
S;21;0;152.79;186.68
S;21;0;151.88;189.54
S;21;0;150.91;192.38
S;21;0;149.88;195.20
S;21;0;148.79;197.99
S;21;0;147.65;200.77
S;21;0;146.47;203.53
S;21;0;145.25;206.27
S;21;0;144.01;209.00
S;21;0;142.75;211.72
S;21;0;141.47;214.44
S;21;0;140.19;217.15
S;21;0;138.91;219.86
S;21;0;137.64;222.58
S;21;0;136.38;225.30
S;21;0;135.15;228.04
S;21;0;133.96;230.79
S;21;0;132.80;233.56
S;21;0;131.69;236.34
S;21;0;130.57;239.13
S;21;0;129.45;241.91
S;21;0;128.33;244.70
S;21;0;127.21;247.48
S;21;0;126.09;250.26
S;21;0;124.98;253.05
S;21;0;123.86;255.83
S;21;0;122.75;258.62
S;21;0;121.63;261.41
S;21;0;120.53;264.19
S;21;0;119.42;266.98
S;21;0;118.32;269.77
S;21;0;117.22;272.57
S;21;0;116.13;275.36
S;21;0;115.05;278.16
S;21;0;113.97;280.96
S;21;0;112.89;283.76
S;21;0;111.82;286.56
S;21;0;110.76;289.37
S;21;0;109.71;292.18
S;21;0;108.66;294.99
S;21;0;107.63;297.80
S;21;0;106.60;300.62
S;21;0;105.58;303.44
S;21;0;104.57;306.27
S;21;0;103.57;309.09
S;21;0;102.58;311.93
S;21;0;101.60;314.76
S;21;0;100.63;317.60
S;21;0;99.67;320.45
S;21;0;98.73;323.29
S;21;0;97.80;326.15
S;21;0;96.89;329.00
S;21;0;95.99;331.87
S;21;0;95.10;334.73
S;21;0;94.23;337.60
S;21;0;93.38;340.48
S;21;0;92.55;343.36
S;21;0;91.73;346.25
S;21;0;90.94;349.14
S;21;0;90.16;352.04
S;21;0;89.41;354.95
S;21;0;88.68;357.86
S;21;0;87.98;360.77
S;21;0;87.30;363.70
S;21;0;86.65;366.62
S;21;0;86.03;369.56
S;21;0;85.44;372.50
S;21;0;84.89;375.45
S;21;0;84.37;378.41
S;21;0;83.89;381.37
S;21;0;83.45;384.33
S;21;0;83.06;387.31
S;21;0;82.71;390.29
S;21;0;82.42;393.27
S;21;0;82.19;396.27
S;21;0;82.01;399.26
G;22;0000;k
S;22;2;119.37;323.32
S;22;2;120.85;325.97
S;22;2;122.27;328.65
S;22;2;123.65;331.35
S;22;2;125.01;334.06
S;22;2;126.37;336.77
S;22;2;127.73;339.49
S;22;2;129.09;342.20
S;22;2;130.46;344.90
S;22;2;131.84;347.60
S;22;2;133.24;350.29
S;22;2;134.66;352.98
S;22;2;136.10;355.65
S;22;2;137.57;358.30
S;22;2;139.06;360.94
S;22;2;140.59;363.56
S;22;2;142.15;366.16
S;22;2;143.75;368.74
S;22;2;145.39;371.29
S;22;2;147.09;373.81
S;22;2;148.83;376.29
S;22;2;150.64;378.73
S;22;2;152.51;381.11
S;22;2;154.45;383.44
S;22;2;156.48;385.70
S;22;2;158.60;387.87
S;22;2;160.82;389.93
S;22;2;163.16;391.86
S;22;2;165.63;393.62
S;22;2;168.24;395.17
S;22;2;170.98;396.46
S;22;2;173.86;397.42
S;22;2;176.84;397.98
S;22;2;179.87;398.08
S;22;2;182.87;397.72
S;22;2;185.80;396.92
S;22;2;188.58;395.72
S;22;2;191.21;394.21
S;22;2;193.67;392.44
S;22;2;195.98;390.47
S;22;1;187.02;285.93
S;22;1;184.43;287.46
S;22;1;181.84;289.01
S;22;1;179.27;290.58
S;22;1;176.71;292.16
S;22;1;174.15;293.75
S;22;1;171.60;295.35
S;22;1;169.05;296.94
S;22;1;166.49;298.54
S;22;1;163.93;300.12
S;22;1;161.36;301.70
S;22;1;158.79;303.26
S;22;1;156.20;304.80
S;22;1;153.60;306.32
S;22;1;150.98;307.81
S;22;1;148.35;309.27
S;22;1;145.69;310.69
S;22;1;143.02;312.07
S;22;1;140.32;313.40
S;22;1;137.60;314.69
S;22;1;134.86;315.95
S;22;1;132.10;317.17
S;22;1;129.34;318.36
S;22;1;126.56;319.53
S;22;1;123.78;320.68
S;22;1;120.99;321.83
S;22;1;118.21;322.97
S;22;1;115.42;324.11
S;22;1;112.64;325.26
S;22;1;109.86;326.42
S;22;1;107.09;327.60
S;22;1;104.33;328.80
S;22;1;101.58;330.04
S;22;1;98.85;331.31
S;22;0;167.66;162.28
S;22;0;166.70;165.12
S;22;0;165.72;167.96
S;22;0;164.73;170.80
S;22;0;163.73;173.63
S;22;0;162.71;176.46
S;22;0;161.69;179.28
S;22;0;160.66;182.10
S;22;0;159.61;184.92
S;22;0;158.56;187.73
S;22;0;157.49;190.54
S;22;0;156.42;193.34
S;22;0;155.33;196.15
S;22;0;154.24;198.94
S;22;0;153.14;201.74
S;22;0;152.03;204.53
S;22;0;150.92;207.32
S;22;0;149.79;210.11
S;22;0;148.66;212.89
S;22;0;147.53;215.67
S;22;0;146.39;218.45
S;22;0;145.24;221.22
S;22;0;144.09;224.00
S;22;0;142.93;226.77
S;22;0;141.76;229.54
S;22;0;140.60;232.30
S;22;0;139.42;235.07
S;22;0;138.25;237.83
S;22;0;137.07;240.60
S;22;0;135.89;243.36
S;22;0;134.71;246.12
S;22;0;133.52;248.88
S;22;0;132.33;251.64
S;22;0;131.14;254.39
S;22;0;129.95;257.15
S;22;0;128.76;259.91
S;22;0;127.57;262.67
S;22;0;126.38;265.42
S;22;0;125.18;268.18
S;22;0;123.99;270.94
S;22;0;122.80;273.69
S;22;0;121.61;276.45
S;22;0;120.43;279.21
S;22;0;119.24;281.97
S;22;0;118.06;284.73
S;22;0;116.88;287.49
S;22;0;115.70;290.26
S;22;0;114.52;293.02
S;22;0;113.35;295.79
S;22;0;112.19;298.55
S;22;0;111.02;301.32
S;22;0;109.87;304.10
S;22;0;108.71;306.87
S;22;0;107.57;309.64
S;22;0;106.43;312.42
S;22;0;105.29;315.20
S;22;0;104.16;317.99
S;22;0;103.04;320.77
S;22;0;101.93;323.56
S;22;0;100.82;326.36
S;22;0;99.72;329.15
S;22;0;98.63;331.95
S;22;0;97.55;334.75
S;22;0;96.47;337.56
S;22;0;95.38;340.35
S;22;0;94.26;343.14
S;22;0;93.13;345.92
S;22;0;91.99;348.70
S;22;0;90.86;351.49
S;22;0;89.74;354.27
S;22;0;88.64;357.07
S;22;0;87.57;359.87
S;22;0;86.54;362.69
S;22;0;85.55;365.53
S;22;0;84.63;368.39
S;22;0;83.77;371.27
S;22;0;82.99;374.17
S;22;0;82.31;377.09
S;22;0;81.73;380.04
S;22;0;81.27;383.01
S;22;0;80.95;385.99
S;22;0;80.78;388.99
S;22;0;80.78;392.00
S;22;0;80.95;394.99
S;22;0;81.32;397.97
S;22;0;81.88;400.92
G;23;0000;u00a6
S;23;1;125.85;319.50
S;23;1;125.13;322.39
S;23;1;124.36;325.26
S;23;1;123.54;328.12
S;23;1;122.68;330.97
S;23;1;121.80;333.81
S;23;1;120.90;336.64
S;23;1;119.98;339.47
S;23;1;119.04;342.29
S;23;1;118.09;345.11
S;23;1;117.13;347.93
S;23;1;116.16;350.74
S;23;1;115.19;353.55
S;23;1;114.21;356.35
S;23;1;113.22;359.16
S;23;1;112.23;361.96
S;23;1;111.23;364.77
S;23;1;110.24;367.57
S;23;1;109.24;370.37
S;23;1;108.25;373.17
S;23;1;107.25;375.98
S;23;1;106.26;378.78
S;23;1;105.27;381.59
S;23;1;104.29;384.39
S;23;1;103.31;387.20
S;23;1;102.34;390.01
S;23;1;101.38;392.83
S;23;1;100.43;395.64
S;23;1;99.49;398.47
S;23;1;98.57;401.29
S;23;1;97.66;404.13
S;23;1;96.78;406.97
S;23;1;95.92;409.81
S;23;1;95.09;412.67
S;23;1;94.31;415.54
S;23;1;93.57;418.42
S;23;1;92.93;421.32
S;23;1;92.39;424.25
S;23;1;91.97;427.19
S;23;1;91.63;430.15
S;23;1;91.36;433.11
S;23;1;91.16;436.08
S;23;1;91.01;439.05
S;23;1;90.90;442.02
S;23;1;90.82;444.99
S;23;1;90.75;447.96
S;23;1;90.69;450.94
S;23;1;90.61;453.91
S;23;0;199.99;119.09
S;23;0;200.20;122.03
S;23;0;199.73;124.97
S;23;0;199.03;127.86
S;23;0;198.22;130.73
S;23;0;197.34;133.57
S;23;0;196.41;136.40
S;23;0;195.44;139.22
S;23;0;194.44;142.02
S;23;0;193.41;144.81
S;23;0;192.36;147.60
S;23;0;191.29;150.38
S;23;0;190.20;153.15
S;23;0;189.11;155.92
S;23;0;187.99;158.68
S;23;0;186.87;161.44
S;23;0;185.74;164.20
S;23;0;184.60;166.95
S;23;0;183.45;169.69
S;23;0;182.29;172.43
S;23;0;181.12;175.17
S;23;0;179.95;177.91
S;23;0;178.77;180.64
S;23;0;177.60;183.38
S;23;0;176.42;186.12
S;23;0;175.26;188.86
S;23;0;174.09;191.60
S;23;0;172.92;194.34
S;23;0;171.76;197.08
S;23;0;170.60;199.82
S;23;0;169.44;202.56
S;23;0;168.28;205.31
S;23;0;167.12;208.05
S;23;0;165.96;210.79
S;23;0;164.81;213.54
S;23;0;163.65;216.28
S;23;0;162.49;219.02
S;23;0;161.33;221.77
S;23;0;160.18;224.51
S;23;0;159.02;227.25
S;23;0;157.86;229.99
S;23;0;156.70;232.74
S;23;0;155.53;235.48
S;23;0;154.37;238.22
S;23;0;153.20;240.96
S;23;0;152.04;243.70
S;23;0;150.87;246.44
S;23;0;149.69;249.17
S;23;0;148.52;251.91
S;23;0;147.34;254.64
S;23;0;146.16;257.38
S;23;0;144.98;260.11
S;23;0;143.79;262.84
G;24;0000;u00a9
S;24;0;205.65;260.83
S;24;0;205.97;257.85
S;24;0;205.82;254.85
S;24;0;205.04;251.96
S;24;0;203.54;249.37
S;24;0;201.37;247.31
S;24;0;198.75;245.86
S;24;0;195.88;244.99
S;24;0;192.91;244.60
S;24;0;189.90;244.60
S;24;0;186.92;244.95
S;24;0;183.99;245.60
S;24;0;181.14;246.54
S;24;0;178.40;247.76
S;24;0;175.80;249.27
S;24;0;173.41;251.08
S;24;0;171.31;253.22
S;24;0;169.39;255.53
S;24;0;167.58;257.93
S;24;0;165.86;260.39
S;24;0;164.25;262.92
S;24;0;162.75;265.52
S;24;0;161.35;268.18
S;24;0;160.08;270.90
S;24;0;158.92;273.67
S;24;0;157.89;276.49
S;24;0;156.99;279.36
S;24;0;156.23;282.26
S;24;0;155.63;285.20
S;24;0;155.18;288.17
S;24;0;154.92;291.16
S;24;0;154.84;294.17
S;24;0;154.99;297.16
S;24;0;155.37;300.14
S;24;0;156.03;303.07
S;24;0;157.00;305.91
S;24;0;158.31;308.61
S;24;0;160.00;311.09
S;24;0;162.07;313.26
S;24;0;164.49;315.03
S;24;0;167.19;316.34
S;24;0;170.07;317.18
S;24;0;173.05;317.56
S;24;0;176.05;317.56
S;24;0;179.03;317.23
S;24;0;181.97;316.63
S;24;0;184.86;315.81
S;24;0;187.69;314.80
S;24;0;190.46;313.64
S;24;0;193.17;312.35
S;24;0;195.83;310.95
S;24;0;198.43;309.46
S;24;0;200.99;307.88
S;24;0;203.50;306.23
S;24;0;205.96;304.51
S;24;1;185.45;203.14
S;24;1;182.49;203.60
S;24;1;179.54;204.15
S;24;1;176.61;204.80
S;24;1;173.71;205.54
S;24;1;170.84;206.39
S;24;1;167.99;207.33
S;24;1;165.18;208.37
S;24;1;162.41;209.51
S;24;1;159.68;210.75
S;24;1;156.99;212.08
S;24;1;154.36;213.51
S;24;1;151.78;215.04
S;24;1;149.26;216.66
S;24;1;146.80;218.38
S;24;1;144.40;220.18
S;24;1;142.08;222.07
S;24;1;139.82;224.04
S;24;1;137.64;226.09
S;24;1;135.53;228.22
S;24;1;133.49;230.43
S;24;1;131.54;232.70
S;24;1;129.67;235.04
S;24;1;127.87;237.44
S;24;1;126.16;239.90
S;24;1;124.54;242.42
S;24;1;122.99;244.99
S;24;1;121.53;247.61
S;24;1;120.15;250.27
S;24;1;118.86;252.97
S;24;1;117.64;255.71
S;24;1;116.52;258.49
S;24;1;115.47;261.30
S;24;1;114.50;264.14
S;24;1;113.62;267.00
S;24;1;112.82;269.89
S;24;1;112.09;272.80
S;24;1;111.45;275.73
S;24;1;110.89;278.67
S;24;1;110.40;281.63
S;24;1;109.99;284.60
S;24;1;109.65;287.57
S;24;1;109.39;290.56
S;24;1;109.20;293.55
S;24;1;109.14;296.55
S;24;1;109.20;299.55
S;24;1;109.38;302.54
S;24;1;109.69;305.52
S;24;1;110.13;308.49
S;24;1;110.68;311.43
S;24;1;111.35;314.35
S;24;1;112.14;317.24
S;24;1;113.04;320.10
S;24;1;114.06;322.92
S;24;1;115.19;325.70
S;24;1;116.43;328.43
S;24;1;117.78;331.10
S;24;1;119.24;333.72
S;24;1;120.81;336.27
S;24;1;122.49;338.76
S;24;1;124.27;341.17
S;24;1;126.16;343.50
S;24;1;128.14;345.74
S;24;1;130.24;347.89
S;24;1;132.43;349.94
S;24;1;134.71;351.87
S;24;1;137.09;353.69
S;24;1;139.57;355.39
S;24;1;142.12;356.95
S;24;1;144.76;358.38
S;24;1;147.47;359.65
S;24;1;150.25;360.78
S;24;1;153.09;361.75
S;24;1;155.97;362.55
S;24;1;158.90;363.19
S;24;1;161.86;363.66
S;24;1;164.85;363.96
S;24;1;167.84;364.09
S;24;1;170.84;364.06
S;24;1;173.83;363.88
S;24;1;176.81;363.53
S;24;1;179.77;363.06
S;24;1;182.70;362.45
S;24;1;185.61;361.72
S;24;1;188.48;360.87
S;24;1;191.32;359.91
S;24;1;194.12;358.84
S;24;1;196.89;357.68
S;24;1;199.60;356.42
S;24;1;202.28;355.07
S;24;1;204.91;353.63
S;24;1;207.49;352.10
S;24;1;210.02;350.50
S;24;1;212.51;348.82
S;24;1;214.94;347.07
S;24;1;217.32;345.24
S;24;1;219.64;343.35
S;24;1;221.91;341.39
S;24;1;224.12;339.36
S;24;1;226.27;337.28
S;24;1;228.36;335.13
S;24;1;230.38;332.92
S;24;1;232.34;330.65
S;24;1;234.24;328.33
S;24;1;236.06;325.95
S;24;1;237.81;323.51
S;24;1;239.48;321.02
S;24;1;241.08;318.48
S;24;1;242.58;315.89
S;24;1;244.01;313.26
S;24;1;245.34;310.57
S;24;1;246.57;307.84
S;24;1;247.70;305.06
S;24;1;248.73;302.25
S;24;1;249.64;299.39
S;24;1;250.44;296.50
S;24;1;251.11;293.58
S;24;1;251.65;290.63
S;24;1;252.06;287.66
S;24;1;252.32;284.68
S;24;1;252.44;281.68
S;24;1;252.42;278.69
S;24;1;252.29;275.69
S;24;1;252.03;272.70
S;24;1;251.67;269.73
S;24;1;251.20;266.77
S;24;1;250.62;263.83
S;24;1;249.95;260.91
S;24;1;249.18;258.01
S;24;1;248.31;255.14
S;24;1;247.36;252.30
S;24;1;246.31;249.49
S;24;1;245.18;246.71
S;24;1;243.96;243.98
S;24;1;242.65;241.28
S;24;1;241.25;238.63
S;24;1;239.77;236.02
S;24;1;238.20;233.47
S;24;1;236.55;230.96
S;24;1;234.81;228.52
S;24;1;232.99;226.15
S;24;1;231.08;223.84
S;24;1;229.08;221.60
S;24;1;226.99;219.45
S;24;1;224.82;217.38
S;24;1;222.56;215.41
S;24;1;220.22;213.54
S;24;1;217.79;211.79
S;24;1;215.28;210.15
S;24;1;212.69;208.64
S;24;1;210.03;207.26
S;24;1;207.29;206.04
S;24;1;204.49;204.97
S;24;1;201.64;204.06
S;24;1;198.74;203.31
S;24;1;195.79;202.75
S;24;1;192.82;202.35
S;24;1;189.83;202.14
S;24;1;186.83;202.10
S;24;1;183.84;202.24
G;25;0000;µ
S;25;2;160.45;356.34
S;25;2;161.50;359.20
S;25;2;162.50;362.08
S;25;2;163.51;364.95
S;25;2;164.53;367.83
S;25;2;165.56;370.69
S;25;2;166.61;373.56
S;25;2;167.68;376.41
S;25;2;168.78;379.25
S;25;2;169.90;382.09
S;25;2;171.05;384.91
S;25;2;172.25;387.71
S;25;2;173.49;390.49
S;25;2;174.80;393.24
S;25;2;176.21;395.95
S;25;2;177.75;398.58
S;25;2;179.54;401.04
S;25;1;190.74;273.29
S;25;1;190.11;276.22
S;25;1;189.43;279.15
S;25;1;188.73;282.07
S;25;1;187.99;284.97
S;25;1;187.22;287.88
S;25;1;186.41;290.77
S;25;1;185.57;293.65
S;25;1;184.70;296.52
S;25;1;183.81;299.39
S;25;1;182.88;302.24
S;25;1;181.91;305.08
S;25;1;180.92;307.91
S;25;1;179.89;310.73
S;25;1;178.84;313.54
S;25;1;177.74;316.34
S;25;1;176.62;319.12
S;25;1;175.46;321.89
S;25;1;174.26;324.64
S;25;1;173.02;327.38
S;25;1;171.75;330.10
S;25;1;170.44;332.79
S;25;1;169.08;335.47
S;25;1;167.68;338.13
S;25;1;166.24;340.76
S;25;1;164.75;343.36
S;25;1;163.20;345.94
S;25;1;161.61;348.48
S;25;1;159.96;350.99
S;25;1;158.25;353.46
S;25;1;156.48;355.88
S;25;1;154.65;358.26
S;25;1;152.75;360.58
S;25;1;150.77;362.84
S;25;1;148.73;365.03
S;25;1;146.60;367.15
S;25;1;144.38;369.17
S;25;1;142.08;371.10
S;25;1;139.69;372.92
S;25;1;137.21;374.60
S;25;1;134.64;376.15
S;25;1;131.99;377.55
S;25;1;129.31;378.91
S;25;1;126.60;380.20
S;25;1;123.84;381.39
S;25;1;121.04;382.46
S;25;1;118.17;383.35
S;25;1;115.25;384.03
S;25;1;112.28;384.43
S;25;1;109.28;384.48
S;25;1;106.30;384.12
S;25;1;103.41;383.32
S;25;1;100.68;382.08
S;25;1;98.17;380.44
S;25;1;95.89;378.49
S;25;1;93.85;376.29
S;25;0;124.01;272.24
S;25;0;123.38;275.16
S;25;0;122.68;278.07
S;25;0;121.93;280.96
S;25;0;121.13;283.84
S;25;0;120.30;286.71
S;25;0;119.43;289.57
S;25;0;118.54;292.43
S;25;0;117.63;295.28
S;25;0;116.70;298.12
S;25;0;115.76;300.96
S;25;0;114.80;303.79
S;25;0;113.84;306.62
S;25;0;112.87;309.45
S;25;0;111.89;312.28
S;25;0;110.91;315.10
S;25;0;109.93;317.93
S;25;0;108.96;320.75
S;25;0;107.98;323.58
S;25;0;107.01;326.40
S;25;0;106.04;329.23
S;25;0;105.07;332.06
S;25;0;104.12;334.90
S;25;0;103.18;337.73
S;25;0;102.24;340.58
S;25;0;101.32;343.42
S;25;0;100.41;346.27
S;25;0;99.52;349.12
S;25;0;98.64;351.98
S;25;0;97.79;354.85
S;25;0;96.95;357.72
S;25;0;96.14;360.60
S;25;0;95.35;363.48
S;25;0;94.60;366.37
S;25;0;93.87;369.27
S;25;0;93.17;372.18
S;25;0;92.42;375.08
S;25;0;91.63;377.96
S;25;0;90.79;380.83
S;25;0;89.91;383.69
S;25;0;89.00;386.54
S;25;0;88.07;389.38
S;25;0;87.11;392.21
S;25;0;86.13;395.03
S;25;0;85.14;397.85
S;25;0;84.13;400.67
S;25;0;83.11;403.48
S;25;0;82.07;406.29
S;25;0;81.04;409.09
S;25;0;79.99;411.89
S;25;0;78.95;414.69
S;25;0;77.90;417.49
S;25;0;76.85;420.29
S;25;0;75.80;423.09
S;25;0;74.75;425.89
S;25;0;73.72;428.70
S;25;0;72.68;431.51
S;25;0;71.66;434.32
S;25;0;70.65;437.13
S;25;0;69.65;439.95
S;25;0;68.67;442.77
S;25;0;67.71;445.60
S;25;0;66.77;448.44
S;25;0;65.86;451.29
S;25;0;64.98;454.15
S;25;0;64.14;457.02
S;25;0;63.33;459.90
S;25;0;62.58;462.79
S;25;0;61.88;465.70
S;25;0;61.26;468.62
S;25;0;60.71;471.56
G;26;0000;cap_Ä
S;26;3;268.45;104.80
S;26;3;268.77;104.52
S;26;3;269.13;104.30
S;26;3;269.53;104.20
S;26;3;269.92;104.33
S;26;3;270.05;104.72
S;26;3;269.95;105.12
S;26;3;269.73;105.48
S;26;3;269.45;105.80
S;26;2;218.91;104.73
S;26;2;219.23;104.45
S;26;2;219.59;104.23
S;26;2;219.99;104.13
S;26;2;220.38;104.26
S;26;2;220.51;104.65
S;26;2;220.41;105.05
S;26;2;220.19;105.41
S;26;2;219.91;105.73
S;26;1;125.74;306.90
S;26;1;128.73;306.96
S;26;1;131.71;306.95
S;26;1;134.69;306.88
S;26;1;137.68;306.76
S;26;1;140.66;306.60
S;26;1;143.63;306.40
S;26;1;146.61;306.17
S;26;1;149.59;305.92
S;26;1;152.56;305.66
S;26;1;155.53;305.38
S;26;1;158.50;305.09
S;26;1;161.47;304.79
S;26;1;164.44;304.49
S;26;1;167.41;304.19
S;26;1;170.38;303.90
S;26;1;173.35;303.61
S;26;1;176.32;303.33
S;26;1;179.29;303.06
S;26;1;182.27;302.81
S;26;1;185.24;302.58
S;26;1;188.22;302.36
S;26;1;191.20;302.18
S;26;1;194.18;302.02
S;26;1;197.16;301.90
S;26;1;200.15;301.82
S;26;1;203.13;301.78
S;26;1;206.12;301.79
S;26;1;209.10;301.86
S;26;1;212.08;301.99
S;26;1;215.06;302.20
S;26;1;218.03;302.50
S;26;1;220.99;302.89
S;26;1;223.93;303.39
S;26;0;69.22;417.76
S;26;0;70.07;414.89
S;26;0;70.96;412.03
S;26;0;71.88;409.18
S;26;0;72.83;406.34
S;26;0;73.81;403.51
S;26;0;74.82;400.69
S;26;0;75.86;397.88
S;26;0;76.93;395.08
S;26;0;78.02;392.30
S;26;0;79.15;389.52
S;26;0;80.29;386.76
S;26;0;81.47;384.00
S;26;0;82.67;381.26
S;26;0;83.89;378.52
S;26;0;85.14;375.80
S;26;0;86.41;373.09
S;26;0;87.70;370.39
S;26;0;89.01;367.69
S;26;0;90.35;365.02
S;26;0;91.71;362.35
S;26;0;93.09;359.69
S;26;0;94.49;357.04
S;26;0;95.91;354.40
S;26;0;97.34;351.78
S;26;0;98.80;349.16
S;26;0;100.28;346.56
S;26;0;101.78;343.96
S;26;0;103.29;341.38
S;26;0;104.83;338.81
S;26;0;106.38;336.25
S;26;0;107.95;333.70
S;26;0;109.54;331.16
S;26;0;111.14;328.63
S;26;0;112.73;326.09
S;26;0;114.33;323.56
S;26;0;115.92;321.02
S;26;0;117.50;318.48
S;26;0;119.08;315.93
S;26;0;120.65;313.38
S;26;0;122.21;310.83
S;26;0;123.76;308.27
S;26;0;125.30;305.69
S;26;0;126.82;303.11
S;26;0;128.32;300.52
S;26;0;129.81;297.93
S;26;0;131.28;295.32
S;26;0;132.74;292.70
S;26;0;134.18;290.08
S;26;0;135.61;287.45
S;26;0;137.03;284.81
S;26;0;138.44;282.17
S;26;0;139.85;279.52
S;26;0;141.24;276.87
S;26;0;142.63;274.22
S;26;0;144.03;271.57
S;26;0;145.45;268.93
S;26;0;146.89;266.31
S;26;0;148.35;263.70
S;26;0;149.83;261.09
S;26;0;151.33;258.50
S;26;0;152.84;255.91
S;26;0;154.37;253.34
S;26;0;155.91;250.77
S;26;0;157.46;248.21
S;26;0;159.02;245.66
S;26;0;160.59;243.11
S;26;0;162.17;240.56
S;26;0;163.76;238.02
S;26;0;165.34;235.48
S;26;0;166.93;232.94
S;26;0;168.52;230.40
S;26;0;170.12;227.87
S;26;0;171.71;225.33
S;26;0;173.29;222.79
S;26;0;174.87;220.25
S;26;0;176.45;217.70
S;26;0;178.00;215.14
S;26;0;179.48;212.53
S;26;0;180.94;209.92
S;26;0;182.40;207.31
S;26;0;183.87;204.70
S;26;0;185.34;202.09
S;26;0;186.83;199.49
S;26;0;188.34;196.90
S;26;0;189.86;194.33
S;26;0;191.42;191.76
S;26;0;192.99;189.22
S;26;0;194.60;186.69
S;26;0;196.25;184.19
S;26;0;197.93;181.72
S;26;0;199.66;179.27
S;26;0;201.44;176.86
S;26;0;203.27;174.49
S;26;0;205.18;172.18
S;26;0;207.16;169.94
S;26;0;209.23;167.77
S;26;0;211.41;165.72
S;26;0;213.72;163.82
S;26;0;216.20;162.14
S;26;0;218.86;160.77
S;26;0;221.71;159.88
S;26;0;224.69;159.71
S;26;0;226.84;161.62
S;26;0;228.55;164.08
S;26;0;229.98;166.71
S;26;0;231.15;169.47
S;26;0;232.11;172.30
S;26;0;232.88;175.20
S;26;0;233.48;178.13
S;26;0;233.95;181.09
S;26;0;234.29;184.06
S;26;0;234.53;187.05
S;26;0;234.68;190.04
S;26;0;234.76;193.03
S;26;0;234.76;196.03
S;26;0;234.70;199.02
S;26;0;234.59;202.01
S;26;0;234.44;205.00
S;26;0;234.24;207.99
S;26;0;234.01;210.98
S;26;0;233.76;213.96
S;26;0;233.48;216.94
S;26;0;233.18;219.92
S;26;0;232.88;222.90
S;26;0;232.58;225.88
S;26;0;232.29;228.86
S;26;0;232.04;231.85
S;26;0;231.81;234.83
S;26;0;231.57;237.82
S;26;0;231.31;240.80
S;26;0;231.04;243.78
S;26;0;230.77;246.77
S;26;0;230.48;249.75
S;26;0;230.18;252.73
S;26;0;229.88;255.71
S;26;0;229.57;258.68
S;26;0;229.25;261.66
S;26;0;228.92;264.64
S;26;0;228.59;267.61
S;26;0;228.25;270.59
S;26;0;227.91;273.57
S;26;0;227.56;276.54
S;26;0;227.22;279.51
S;26;0;226.87;282.49
S;26;0;226.51;285.46
S;26;0;226.16;288.44
S;26;0;225.80;291.41
S;26;0;225.45;294.38
S;26;0;225.10;297.36
S;26;0;224.74;300.33
S;26;0;224.39;303.31
S;26;0;224.05;306.28
S;26;0;223.70;309.25
S;26;0;223.36;312.23
S;26;0;223.03;315.21
S;26;0;222.70;318.18
S;26;0;222.38;321.16
S;26;0;222.06;324.14
S;26;0;221.75;327.12
S;26;0;221.45;330.10
S;26;0;221.16;333.08
S;26;0;220.87;336.06
S;26;0;220.60;339.04
S;26;0;220.34;342.02
S;26;0;220.09;345.01
S;26;0;219.85;347.99
S;26;0;219.62;350.98
S;26;0;219.41;353.97
S;26;0;219.21;356.95
S;26;0;219.03;359.94
S;26;0;218.86;362.93
S;26;0;218.71;365.92
S;26;0;218.58;368.91
S;26;0;218.46;371.91
S;26;0;218.36;374.90
S;26;0;218.28;377.89
S;26;0;218.22;380.89
S;26;0;218.18;383.88
S;26;0;218.16;386.88
S;26;0;218.16;389.87
S;26;0;218.18;392.87
S;26;0;218.23;395.86
S;26;0;218.30;398.85
S;26;0;218.39;401.85
S;26;0;218.51;404.84
G;27;0000;cap_Ø
S;27;1;279.73;143.53
S;27;1;278.15;146.09
S;27;1;276.55;148.64
S;27;1;274.93;151.17
S;27;1;273.30;153.70
S;27;1;271.65;156.21
S;27;1;269.98;158.72
S;27;1;268.30;161.21
S;27;1;266.60;163.69
S;27;1;264.88;166.16
S;27;1;263.14;168.61
S;27;1;261.38;171.05
S;27;1;259.61;173.48
S;27;1;257.82;175.90
S;27;1;256.02;178.31
S;27;1;254.20;180.70
S;27;1;252.36;183.09
S;27;1;250.51;185.46
S;27;1;248.65;187.82
S;27;1;246.77;190.17
S;27;1;244.89;192.51
S;27;1;242.99;194.85
S;27;1;241.08;197.17
S;27;1;239.17;199.49
S;27;1;237.24;201.81
S;27;1;235.32;204.12
S;27;1;233.39;206.42
S;27;1;231.46;208.73
S;27;1;229.52;211.03
S;27;1;227.59;213.34
S;27;1;225.67;215.65
S;27;1;223.74;217.96
S;27;1;221.82;220.28
S;27;1;219.91;222.60
S;27;1;218.01;224.93
S;27;1;216.11;227.26
S;27;1;214.23;229.61
S;27;1;212.36;231.96
S;27;1;210.50;234.33
S;27;1;208.65;236.70
S;27;1;206.81;239.08
S;27;1;204.99;241.48
S;27;1;203.19;243.88
S;27;1;201.40;246.30
S;27;1;199.62;248.73
S;27;1;197.86;251.17
S;27;1;196.12;253.62
S;27;1;194.39;256.08
S;27;1;192.65;258.53
S;27;1;190.91;260.99
S;27;1;189.18;263.44
S;27;1;187.43;265.90
S;27;1;185.69;268.35
S;27;1;183.94;270.80
S;27;1;182.20;273.25
S;27;1;180.45;275.69
S;27;1;178.70;278.14
S;27;1;176.95;280.58
S;27;1;175.19;283.03
S;27;1;173.44;285.47
S;27;1;171.69;287.92
S;27;1;169.93;290.36
S;27;1;168.18;292.80
S;27;1;166.43;295.25
S;27;1;164.67;297.69
S;27;1;162.92;300.13
S;27;1;161.17;302.58
S;27;1;159.41;305.02
S;27;1;157.66;307.47
S;27;1;155.91;309.92
S;27;1;154.16;312.36
S;27;1;152.42;314.81
S;27;1;150.67;317.26
S;27;1;148.93;319.71
S;27;1;147.20;322.17
S;27;1;145.50;324.66
S;27;1;143.84;327.16
S;27;1;142.20;329.68
S;27;1;140.57;332.21
S;27;1;138.96;334.75
S;27;1;137.36;337.30
S;27;1;135.76;339.85
S;27;1;134.18;342.41
S;27;1;132.60;344.97
S;27;1;131.04;347.54
S;27;1;129.47;350.11
S;27;1;127.91;352.68
S;27;1;126.36;355.25
S;27;1;124.81;357.83
S;27;1;123.27;360.42
S;27;1;121.73;363.00
S;27;1;120.20;365.59
S;27;1;118.67;368.18
S;27;1;117.14;370.77
S;27;1;115.62;373.36
S;27;1;114.10;375.96
S;27;1;112.59;378.56
S;27;1;111.07;381.16
S;27;1;109.57;383.76
S;27;1;108.06;386.36
S;27;1;106.56;388.97
S;27;1;105.06;391.58
S;27;1;103.57;394.19
S;27;1;102.08;396.80
S;27;1;100.60;399.42
S;27;1;99.11;402.04
S;27;1;97.64;404.66
S;27;1;96.17;407.28
S;27;1;94.71;409.91
S;27;1;93.25;412.54
S;27;1;91.80;415.18
S;27;1;90.36;417.82
S;27;1;88.94;420.47
S;27;1;87.53;423.13
S;27;1;86.15;425.80
S;27;0;113.93;411.55
S;27;0;116.74;412.60
S;27;0;119.61;413.45
S;27;0;122.54;414.08
S;27;0;125.51;414.50
S;27;0;128.50;414.72
S;27;0;131.50;414.74
S;27;0;134.49;414.58
S;27;0;137.47;414.23
S;27;0;140.42;413.72
S;27;0;143.34;413.06
S;27;0;146.23;412.26
S;27;0;149.08;411.32
S;27;0;151.89;410.27
S;27;0;154.65;409.10
S;27;0;157.36;407.83
S;27;0;160.03;406.46
S;27;0;162.65;405.00
S;27;0;165.22;403.47
S;27;0;167.75;401.85
S;27;0;170.23;400.17
S;27;0;172.66;398.42
S;27;0;175.05;396.60
S;27;0;177.39;394.73
S;27;0;179.69;392.81
S;27;0;181.94;390.83
S;27;0;184.15;388.81
S;27;0;186.32;386.74
S;27;0;188.45;384.62
S;27;0;190.53;382.47
S;27;0;192.58;380.28
S;27;0;194.58;378.05
S;27;0;196.54;375.78
S;27;0;198.46;373.48
S;27;0;200.35;371.15
S;27;0;202.19;368.79
S;27;0;204.00;366.39
S;27;0;205.77;363.97
S;27;0;207.50;361.52
S;27;0;209.19;359.05
S;27;0;210.85;356.55
S;27;0;212.46;354.03
S;27;0;214.05;351.48
S;27;0;215.59;348.91
S;27;0;217.10;346.32
S;27;0;218.57;343.71
S;27;0;220.01;341.08
S;27;0;221.41;338.43
S;27;0;222.77;335.76
S;27;0;224.10;333.07
S;27;0;225.39;330.36
S;27;0;226.64;327.64
S;27;0;227.86;324.90
S;27;0;229.05;322.15
S;27;0;230.19;319.38
S;27;0;231.30;316.59
S;27;0;232.38;313.80
S;27;0;233.42;310.98
S;27;0;234.42;308.16
S;27;0;235.39;305.32
S;27;0;236.32;302.47
S;27;0;237.22;299.61
S;27;0;238.08;296.74
S;27;0;238.90;293.86
S;27;0;239.69;290.96
S;27;0;240.44;288.06
S;27;0;241.15;285.15
S;27;0;241.83;282.23
S;27;0;242.47;279.30
S;27;0;243.07;276.36
S;27;0;243.63;273.42
S;27;0;244.16;270.47
S;27;0;244.65;267.51
S;27;0;245.11;264.55
S;27;0;245.53;261.58
S;27;0;245.91;258.61
S;27;0;246.25;255.63
S;27;0;246.55;252.65
S;27;0;246.82;249.66
S;27;0;247.05;246.67
S;27;0;247.24;243.68
S;27;0;247.39;240.69
S;27;0;247.51;237.69
S;27;0;247.59;234.69
S;27;0;247.63;231.70
S;27;0;247.63;228.70
S;27;0;247.59;225.70
S;27;0;247.52;222.70
S;27;0;247.41;219.71
S;27;0;247.26;216.71
S;27;0;247.07;213.72
S;27;0;246.84;210.73
S;27;0;246.57;207.75
S;27;0;246.27;204.76
S;27;0;245.93;201.79
S;27;0;245.55;198.81
S;27;0;245.14;195.84
S;27;0;244.68;192.88
S;27;0;244.00;189.96
S;27;0;242.99;187.14
S;27;0;241.68;184.45
S;27;0;240.08;181.91
S;27;0;238.23;179.56
S;27;0;236.17;177.38
S;27;0;233.94;175.38
S;27;0;231.56;173.56
S;27;0;229.06;171.91
S;27;0;226.41;170.50
S;27;0;223.65;169.35
S;27;0;220.78;168.49
S;27;0;217.83;167.93
S;27;0;214.85;167.67
S;27;0;211.85;167.72
S;27;0;208.87;168.03
S;27;0;205.93;168.60
S;27;0;203.03;169.38
S;27;0;200.20;170.36
S;27;0;197.43;171.51
S;27;0;194.73;172.81
S;27;0;192.09;174.23
S;27;0;189.52;175.77
S;27;0;187.00;177.40
S;27;0;184.55;179.12
S;27;0;182.15;180.91
S;27;0;179.80;182.78
S;27;0;177.50;184.70
S;27;0;175.24;186.67
S;27;0;173.03;188.70
S;27;0;170.86;190.77
S;27;0;168.73;192.87
S;27;0;166.64;195.02
S;27;0;164.58;197.20
S;27;0;162.55;199.41
S;27;0;160.56;201.65
S;27;0;158.59;203.91
S;27;0;156.66;206.20
S;27;0;154.75;208.51
S;27;0;152.87;210.85
S;27;0;151.03;213.21
S;27;0;149.24;215.62
S;27;0;147.49;218.06
S;27;0;145.80;220.53
S;27;0;144.14;223.03
S;27;0;142.53;225.56
S;27;0;140.96;228.11
S;27;0;139.43;230.69
S;27;0;137.93;233.28
S;27;0;136.47;235.90
S;27;0;135.04;238.54
S;27;0;133.65;241.19
S;27;0;132.29;243.86
S;27;0;130.95;246.55
S;27;0;129.65;249.24
S;27;0;128.37;251.96
S;27;0;127.12;254.68
S;27;0;125.90;257.42
S;27;0;124.70;260.16
S;27;0;123.52;262.92
S;27;0;122.37;265.69
S;27;0;121.24;268.47
S;27;0;120.14;271.25
S;27;0;119.05;274.05
S;27;0;117.99;276.85
S;27;0;116.95;279.66
S;27;0;115.93;282.48
S;27;0;114.93;285.31
S;27;0;113.94;288.14
S;27;0;112.98;290.98
S;27;0;112.04;293.82
S;27;0;111.11;296.67
S;27;0;110.20;299.53
S;27;0;109.31;302.39
S;27;0;108.44;305.26
S;27;0;107.58;308.14
S;27;0;106.74;311.01
S;27;0;105.92;313.90
S;27;0;105.12;316.78
S;27;0;104.33;319.68
S;27;0;103.56;322.58
S;27;0;102.81;325.48
S;27;0;102.07;328.38
S;27;0;101.36;331.29
S;27;0;100.66;334.21
S;27;0;99.97;337.13
S;27;0;99.31;340.05
S;27;0;98.66;342.98
S;27;0;98.04;345.91
S;27;0;97.46;348.85
S;27;0;96.92;351.80
S;27;0;96.42;354.76
S;27;0;95.98;357.72
S;27;0;95.61;360.70
S;27;0;95.32;363.68
S;27;0;95.11;366.67
S;27;0;94.99;369.67
S;27;0;94.99;372.66
S;27;0;95.10;375.66
S;27;0;95.35;378.65
S;27;0;95.75;381.62
S;27;0;96.31;384.56
S;27;0;97.03;387.47
S;27;0;97.94;390.33
S;27;0;99.03;393.12
S;27;0;100.31;395.83
S;27;0;101.78;398.44
S;27;0;103.42;400.95
S;27;0;105.24;403.33
S;27;0;107.22;405.58
S;27;0;109.34;407.70
S;27;0;111.58;409.69
S;27;0;113.93;411.55
G;28;0000;cap_Ü
S;28;2;260.82;104.70
S;28;2;261.14;104.42
S;28;2;261.50;104.20
S;28;2;261.90;104.10
S;28;2;262.29;104.23
S;28;2;262.42;104.62
S;28;2;262.32;105.02
S;28;2;262.10;105.38
S;28;2;261.82;105.70
S;28;1;211.21;104.74
S;28;1;211.53;104.46
S;28;1;211.89;104.24
S;28;1;212.29;104.14
S;28;1;212.68;104.27
S;28;1;212.81;104.66
S;28;1;212.71;105.06
S;28;1;212.49;105.42
S;28;1;212.21;105.74
S;28;0;164.49;162.16
S;28;0;162.74;164.61
S;28;0;161.02;167.07
S;28;0;159.33;169.55
S;28;0;157.67;172.05
S;28;0;156.03;174.57
S;28;0;154.42;177.11
S;28;0;152.83;179.66
S;28;0;151.27;182.23
S;28;0;149.73;184.81
S;28;0;148.22;187.41
S;28;0;146.74;190.02
S;28;0;145.28;192.65
S;28;0;143.84;195.29
S;28;0;142.43;197.94
S;28;0;141.05;200.61
S;28;0;139.68;203.29
S;28;0;138.34;205.98
S;28;0;137.03;208.68
S;28;0;135.74;211.39
S;28;0;134.47;214.11
S;28;0;133.22;216.85
S;28;0;132.00;219.59
S;28;0;130.80;222.35
S;28;0;129.62;225.11
S;28;0;128.46;227.89
S;28;0;127.33;230.67
S;28;0;126.22;233.46
S;28;0;125.13;236.26
S;28;0;124.06;239.07
S;28;0;123.01;241.89
S;28;0;121.99;244.71
S;28;0;120.99;247.55
S;28;0;120.01;250.39
S;28;0;119.04;253.23
S;28;0;118.11;256.09
S;28;0;117.19;258.95
S;28;0;116.29;261.82
S;28;0;115.42;264.69
S;28;0;114.56;267.57
S;28;0;113.73;270.46
S;28;0;112.92;273.35
S;28;0;112.13;276.25
S;28;0;111.36;279.16
S;28;0;110.61;282.07
S;28;0;109.88;284.98
S;28;0;109.17;287.90
S;28;0;108.49;290.83
S;28;0;107.82;293.76
S;28;0;107.18;296.70
S;28;0;106.56;299.64
S;28;0;105.96;302.58
S;28;0;105.38;305.53
S;28;0;104.82;308.48
S;28;0;104.28;311.44
S;28;0;103.77;314.40
S;28;0;103.28;317.36
S;28;0;102.81;320.33
S;28;0;102.36;323.30
S;28;0;101.93;326.28
S;28;0;101.53;329.26
S;28;0;101.15;332.24
S;28;0;100.79;335.22
S;28;0;100.45;338.21
S;28;0;100.14;341.19
S;28;0;99.85;344.19
S;28;0;99.59;347.18
S;28;0;99.32;350.17
S;28;0;99.07;353.17
S;28;0;98.84;356.16
S;28;0;98.64;359.16
S;28;0;98.48;362.16
S;28;0;98.36;365.16
S;28;0;98.30;368.17
S;28;0;98.31;371.17
S;28;0;98.38;374.18
S;28;0;98.54;377.18
S;28;0;98.80;380.17
S;28;0;99.16;383.16
S;28;0;99.65;386.12
S;28;0;100.27;389.06
S;28;0;101.06;391.96
S;28;0;102.02;394.81
S;28;0;103.19;397.57
S;28;0;104.57;400.24
S;28;0;106.20;402.77
S;28;0;108.07;405.12
S;28;0;110.18;407.25
S;28;0;112.52;409.13
S;28;0;115.06;410.74
S;28;0;117.76;412.06
S;28;0;120.58;413.10
S;28;0;123.48;413.87
S;28;0;126.43;414.41
S;28;0;129.42;414.72
S;28;0;132.43;414.77
S;28;0;135.42;414.58
S;28;0;138.40;414.15
S;28;0;141.33;413.48
S;28;0;144.20;412.60
S;28;0;147.00;411.51
S;28;0;149.72;410.25
S;28;0;152.37;408.82
S;28;0;154.93;407.26
S;28;0;157.42;405.57
S;28;0;159.83;403.77
S;28;0;162.16;401.88
S;28;0;164.43;399.91
S;28;0;166.63;397.86
S;28;0;168.77;395.75
S;28;0;170.85;393.59
S;28;0;172.89;391.37
S;28;0;174.87;389.12
S;28;0;176.81;386.82
S;28;0;178.71;384.50
S;28;0;180.58;382.14
S;28;0;182.41;379.76
S;28;0;184.22;377.36
S;28;0;186.01;374.94
S;28;0;187.77;372.51
S;28;0;189.52;370.07
S;28;0;191.27;367.63
S;28;0;193.01;365.18
S;28;0;194.75;362.73
S;28;0;196.49;360.28
S;28;0;198.22;357.82
S;28;0;199.94;355.36
S;28;0;201.66;352.89
S;28;0;203.37;350.42
S;28;0;205.06;347.94
S;28;0;206.75;345.45
S;28;0;208.43;342.96
S;28;0;210.10;340.46
S;28;0;211.76;337.96
S;28;0;213.40;335.44
S;28;0;215.04;332.92
S;28;0;216.65;330.39
S;28;0;218.26;327.84
S;28;0;219.85;325.29
S;28;0;221.42;322.73
S;28;0;222.98;320.16
S;28;0;224.51;317.58
S;28;0;226.03;314.99
S;28;0;227.53;312.38
S;28;0;229.01;309.77
S;28;0;230.47;307.14
S;28;0;231.91;304.50
S;28;0;233.33;301.85
S;28;0;234.72;299.19
S;28;0;236.08;296.51
S;28;0;237.43;293.82
S;28;0;238.74;291.12
S;28;0;240.03;288.41
S;28;0;241.29;285.68
S;28;0;242.52;282.94
S;28;0;243.72;280.18
S;28;0;244.89;277.42
S;28;0;246.02;274.63
S;28;0;247.11;271.83
S;28;0;248.16;269.02
S;28;0;249.18;266.19
S;28;0;250.18;263.35
S;28;0;251.14;260.51
S;28;0;252.09;257.65
S;28;0;253.01;254.80
S;28;0;253.92;251.93
S;28;0;254.82;249.07
S;28;0;255.72;246.20
S;28;0;256.61;243.33
S;28;0;257.50;240.46
S;28;0;258.40;237.59
S;28;0;259.31;234.72
S;28;0;260.23;231.86
S;28;0;261.16;229.01
S;28;0;262.11;226.16
S;28;0;263.09;223.31
S;28;0;264.06;220.47
S;28;0;265.05;217.63
S;28;0;266.04;214.80
S;28;0;267.02;211.96
S;28;0;268.00;209.12
S;28;0;268.97;206.27
S;28;0;269.93;203.42
S;28;0;270.87;200.57
S;28;0;271.79;197.71
S;28;0;272.68;194.84
S;28;0;273.55;191.96
S;28;0;274.38;189.08
S;28;0;275.18;186.18
S;28;0;275.94;183.27
S;28;0;276.66;180.36
S;28;0;277.35;177.43
S;28;0;277.99;174.49
S;28;0;278.60;171.55
S;28;0;279.17;168.60
S;28;0;279.70;165.64
S;28;0;280.20;162.68
S;28;0;280.66;159.71
G;29;0000;ß
S;29;0;67.37;480.01
S;29;0;67.53;477.02
S;29;0;67.72;474.02
S;29;0;67.94;471.03
S;29;0;68.18;468.05
S;29;0;68.45;465.06
S;29;0;68.74;462.08
S;29;0;69.06;459.09
S;29;0;69.41;456.12
S;29;0;69.78;453.14
S;29;0;70.17;450.17
S;29;0;70.59;447.20
S;29;0;71.03;444.23
S;29;0;71.49;441.27
S;29;0;71.97;438.31
S;29;0;72.47;435.36
S;29;0;73.00;432.41
S;29;0;73.54;429.46
S;29;0;74.11;426.51
S;29;0;74.69;423.57
S;29;0;75.29;420.64
S;29;0;75.91;417.70
S;29;0;76.55;414.77
S;29;0;77.21;411.85
S;29;0;77.88;408.93
S;29;0;78.57;406.01
S;29;0;79.27;403.09
S;29;0;79.99;400.18
S;29;0;80.73;397.28
S;29;0;81.48;394.37
S;29;0;82.24;391.47
S;29;0;83.02;388.58
S;29;0;83.81;385.69
S;29;0;84.61;382.80
S;29;0;85.43;379.91
S;29;0;86.25;377.03
S;29;0;87.09;374.15
S;29;0;87.94;371.28
S;29;0;88.80;368.40
S;29;0;89.67;365.53
S;29;0;90.55;362.67
S;29;0;91.44;359.80
S;29;0;92.33;356.94
S;29;0;93.24;354.09
S;29;0;94.15;351.23
S;29;0;95.08;348.38
S;29;0;96.00;345.53
S;29;0;96.94;342.68
S;29;0;97.88;339.83
S;29;0;98.83;336.99
S;29;0;99.78;334.15
S;29;0;100.74;331.31
S;29;0;101.71;328.47
S;29;0;102.68;325.63
S;29;0;103.65;322.79
S;29;0;104.62;319.96
S;29;0;105.60;317.12
S;29;0;106.58;314.29
S;29;0;107.57;311.46
S;29;0;108.55;308.63
S;29;0;109.53;305.79
S;29;0;110.51;302.96
S;29;0;111.48;300.12
S;29;0;112.45;297.29
S;29;0;113.42;294.45
S;29;0;114.40;291.62
S;29;0;115.38;288.78
S;29;0;116.36;285.95
S;29;0;117.35;283.12
S;29;0;118.35;280.29
S;29;0;119.36;277.47
S;29;0;120.39;274.65
S;29;0;121.43;271.84
S;29;0;122.48;269.03
S;29;0;123.55;266.23
S;29;0;124.65;263.44
S;29;0;125.76;260.66
S;29;0;126.89;257.88
S;29;0;128.06;255.12
S;29;0;129.24;252.37
S;29;0;130.46;249.63
S;29;0;131.70;246.90
S;29;0;132.97;244.18
S;29;0;134.28;241.48
S;29;0;135.62;238.80
S;29;0;136.99;236.14
S;29;0;138.40;233.49
S;29;0;139.84;230.86
S;29;0;141.33;228.26
S;29;0;142.86;225.68
S;29;0;144.47;223.15
S;29;0;146.14;220.66
S;29;0;147.84;218.20
S;29;0;149.59;215.76
S;29;0;151.38;213.35
S;29;0;153.19;210.97
S;29;0;155.04;208.61
S;29;0;156.93;206.27
S;29;0;158.84;203.97
S;29;0;160.79;201.69
S;29;0;162.77;199.44
S;29;0;164.79;197.22
S;29;0;166.84;195.03
S;29;0;168.93;192.89
S;29;0;171.07;190.78
S;29;0;173.24;188.72
S;29;0;175.46;186.70
S;29;0;177.73;184.74
S;29;0;180.05;182.85
S;29;0;182.43;181.02
S;29;0;184.88;179.29
S;29;0;187.39;177.65
S;29;0;189.97;176.12
S;29;0;192.63;174.75
S;29;0;195.38;173.54
S;29;0;198.21;172.55
S;29;0;201.12;171.84
S;29;0;204.09;171.45
S;29;0;207.08;171.48
S;29;0;210.04;171.96
S;29;0;212.87;172.94
S;29;0;215.49;174.38
S;29;0;217.86;176.21
S;29;0;219.97;178.35
S;29;0;221.81;180.71
S;29;0;223.36;183.27
S;29;0;224.59;186.00
S;29;0;225.46;188.87
S;29;0;225.97;191.82
S;29;0;226.11;194.82
S;29;0;225.94;197.81
S;29;0;225.48;200.77
S;29;0;224.78;203.68
S;29;0;223.88;206.54
S;29;0;222.81;209.35
S;29;0;221.61;212.09
S;29;0;220.28;214.78
S;29;0;218.85;217.41
S;29;0;217.33;220.00
S;29;0;215.75;222.54
S;29;0;214.09;225.05
S;29;0;212.39;227.51
S;29;0;210.64;229.94
S;29;0;208.84;232.35
S;29;0;207.02;234.72
S;29;0;205.16;237.08
S;29;0;203.27;239.41
S;29;0;201.37;241.72
S;29;0;199.44;244.02
S;29;0;197.50;246.30
S;29;0;195.54;248.57
S;29;0;193.58;250.84
S;29;0;191.61;253.10
S;29;0;189.64;255.36
S;29;0;187.66;257.62
S;29;0;185.70;259.88
S;29;0;183.74;262.15
S;29;0;181.79;264.43
S;29;0;179.86;266.72
S;29;0;177.96;269.04
S;29;0;176.10;271.39
S;29;0;174.28;273.78
S;29;0;172.54;276.22
S;29;0;170.89;278.72
S;29;0;169.39;281.31
S;29;0;168.10;284.02
S;29;0;167.00;286.81
S;29;0;166.10;289.67
S;29;0;165.44;292.59
S;29;0;165.06;295.56
S;29;0;165.01;298.56
S;29;0;165.37;301.53
S;29;0;166.11;304.44
S;29;0;167.04;307.29
S;29;0;168.11;310.09
S;29;0;169.31;312.84
S;29;0;170.61;315.54
S;29;0;171.98;318.20
S;29;0;173.41;320.84
S;29;0;174.87;323.46
S;29;0;176.36;326.06
S;29;0;177.84;328.66
S;29;0;179.32;331.28
S;29;0;180.75;333.91
S;29;0;182.14;336.57
S;29;0;183.44;339.26
S;29;0;184.65;342.01
S;29;0;185.72;344.81
S;29;0;186.62;347.67
S;29;0;187.32;350.59
S;29;0;187.77;353.55
S;29;0;187.95;356.54
S;29;0;187.83;359.53
S;29;0;187.39;362.50
S;29;0;186.65;365.40
S;29;0;185.62;368.22
S;29;0;184.35;370.93
S;29;0;182.85;373.53
S;29;0;181.18;376.01
S;29;0;179.31;378.36
S;29;0;177.18;380.46
S;29;0;174.81;382.30
S;29;0;172.23;383.83
S;29;0;169.50;385.06
S;29;0;166.65;386.00
S;29;0;163.73;386.66
S;29;0;160.76;387.06
S;29;0;157.77;387.24
S;29;0;154.77;387.21
S;29;0;151.78;387.00
S;29;0;148.81;386.63
S;29;0;145.85;386.13
S;29;0;142.92;385.52
S;29;0;140.00;384.81
S;29;0;137.11;384.01
S;29;0;134.24;383.14
S;29;0;131.39;382.23
S;29;0;128.54;381.29
G;30;0000;ä
S;30;3;214.46;220.07
S;30;3;214.81;219.76
S;30;3;215.20;219.50
S;30;3;215.64;219.34
S;30;3;216.09;219.44
S;30;3;216.19;219.89
S;30;3;216.03;220.33
S;30;3;215.77;220.72
S;30;3;215.46;221.07
S;30;2;165.35;220.09
S;30;2;165.70;219.78
S;30;2;166.09;219.52
S;30;2;166.53;219.36
S;30;2;166.98;219.47
S;30;2;167.08;219.91
S;30;2;166.92;220.35
S;30;2;166.66;220.74
S;30;2;166.35;221.09
S;30;1;178.84;329.12
S;30;1;180.03;331.90
S;30;1;181.19;334.69
S;30;1;182.35;337.48
S;30;1;183.50;340.27
S;30;1;184.65;343.06
S;30;1;185.83;345.85
S;30;1;187.05;348.61
S;30;1;188.30;351.36
S;30;1;189.62;354.08
S;30;1;191.00;356.77
S;30;1;192.47;359.41
S;30;1;194.03;362.00
S;30;1;195.70;364.51
S;30;1;197.50;366.94
S;30;1;199.44;369.26
S;30;1;201.52;371.45
S;30;1;203.75;373.49
S;30;1;206.13;375.35
S;30;1;208.65;377.01
S;30;1;211.30;378.45
S;30;1;214.07;379.68
S;30;1;216.92;380.67
S;30;1;219.84;381.44
S;30;1;222.81;382.00
S;30;0;158.67;271.17
S;30;0;161.47;272.22
S;30;0;164.22;273.40
S;30;0;166.90;274.72
S;30;0;169.51;276.18
S;30;0;172.03;277.78
S;30;0;174.46;279.53
S;30;0;176.77;281.43
S;30;0;178.94;283.49
S;30;0;180.94;285.70
S;30;0;182.75;288.08
S;30;0;184.33;290.62
S;30;0;185.65;293.30
S;30;0;186.66;296.11
S;30;0;187.33;299.02
S;30;0;187.65;302.00
S;30;0;187.61;304.98
S;30;0;187.21;307.95
S;30;0;186.49;310.85
S;30;0;185.48;313.66
S;30;0;184.21;316.37
S;30;0;182.73;318.96
S;30;0;181.06;321.44
S;30;0;179.27;323.84
S;30;0;177.47;326.22
S;30;0;175.65;328.59
S;30;0;173.82;330.96
S;30;0;171.97;333.31
S;30;0;170.10;335.64
S;30;0;168.20;337.95
S;30;0;166.28;340.24
S;30;0;164.32;342.50
S;30;0;162.33;344.73
S;30;0;160.29;346.91
S;30;0;158.18;349.04
S;30;0;156.06;351.15
S;30;0;153.94;353.25
S;30;0;151.80;355.34
S;30;0;149.64;357.41
S;30;0;147.47;359.46
S;30;0;145.27;361.49
S;30;0;143.04;363.49
S;30;0;140.79;365.45
S;30;0;138.50;367.37
S;30;0;136.17;369.25
S;30;0;133.80;371.07
S;30;0;131.39;372.85
S;30;0;128.94;374.55
S;30;0;126.43;376.19
S;30;0;123.88;377.74
S;30;0;121.28;379.21
S;30;0;118.62;380.58
S;30;0;115.91;381.85
S;30;0;113.15;383.00
S;30;0;110.34;384.01
S;30;0;107.48;384.89
S;30;0;104.58;385.62
S;30;0;101.65;386.20
S;30;0;98.69;386.60
S;30;0;95.70;386.75
S;30;0;92.73;386.43
S;30;0;89.91;385.47
S;30;0;87.51;383.71
S;30;0;85.79;381.28
S;30;0;84.79;378.47
S;30;0;84.35;375.52
S;30;0;84.32;372.53
S;30;0;84.58;369.55
S;30;0;85.07;366.60
S;30;0;85.73;363.68
S;30;0;86.54;360.81
S;30;0;87.48;357.97
S;30;0;88.54;355.17
S;30;0;89.72;352.43
S;30;0;91.03;349.74
S;30;0;92.39;347.08
S;30;0;93.77;344.42
S;30;0;95.18;341.78
S;30;0;96.60;339.16
S;30;0;98.05;336.54
S;30;0;99.53;333.94
S;30;0;101.04;331.36
S;30;0;102.57;328.79
S;30;0;104.14;326.25
S;30;0;105.73;323.72
S;30;0;107.36;321.21
S;30;0;109.02;318.72
S;30;0;110.71;316.26
S;30;0;112.44;313.82
S;30;0;114.21;311.40
S;30;0;116.01;309.02
S;30;0;117.85;306.66
S;30;0;119.73;304.34
S;30;0;121.66;302.05
S;30;0;123.62;299.80
S;30;0;125.63;297.58
S;30;0;127.68;295.40
S;30;0;129.77;293.27
S;30;0;131.92;291.18
S;30;0;134.10;289.15
S;30;0;136.34;287.16
S;30;0;138.62;285.22
S;30;0;140.94;283.35
S;30;0;143.32;281.53
S;30;0;145.74;279.78
S;30;0;148.21;278.09
S;30;0;150.72;276.47
S;30;0;153.28;274.93
S;30;0;155.88;273.45
S;30;0;158.53;272.06
G;31;0000;ö
S;31;2;197.95;220.09
S;31;2;198.30;219.78
S;31;2;198.69;219.52
S;31;2;199.13;219.36
S;31;2;199.57;219.47
S;31;2;199.68;219.91
S;31;2;199.52;220.35
S;31;2;199.26;220.74
S;31;2;198.95;221.09
S;31;1;148.80;220.12
S;31;1;149.15;219.81
S;31;1;149.54;219.55
S;31;1;149.98;219.39
S;31;1;150.43;219.50
S;31;1;150.53;219.94
S;31;1;150.37;220.38
S;31;1;150.11;220.77
S;31;1;149.80;221.12
S;31;0;159.42;275.80
S;31;0;162.34;276.53
S;31;0;165.16;277.58
S;31;0;167.83;278.97
S;31;0;170.29;280.70
S;31;0;172.49;282.76
S;31;0;174.37;285.11
S;31;0;175.93;287.68
S;31;0;177.18;290.42
S;31;0;178.14;293.28
S;31;0;178.82;296.21
S;31;0;179.27;299.19
S;31;0;179.52;302.19
S;31;0;179.57;305.20
S;31;0;179.45;308.21
S;31;0;179.18;311.21
S;31;0;178.77;314.19
S;31;0;178.22;317.15
S;31;0;177.54;320.09
S;31;0;176.72;322.99
S;31;0;175.78;325.85
S;31;0;174.74;328.67
S;31;0;173.60;331.46
S;31;0;172.39;334.22
S;31;0;171.10;336.94
S;31;0;169.74;339.63
S;31;0;168.33;342.29
S;31;0;166.86;344.92
S;31;0;165.33;347.51
S;31;0;163.75;350.08
S;31;0;162.12;352.61
S;31;0;160.43;355.11
S;31;0;158.70;357.57
S;31;0;156.91;359.99
S;31;0;155.08;362.38
S;31;0;153.19;364.73
S;31;0;151.25;367.04
S;31;0;149.26;369.30
S;31;0;147.21;371.51
S;31;0;145.11;373.66
S;31;0;142.95;375.76
S;31;0;140.73;377.80
S;31;0;138.45;379.76
S;31;0;136.10;381.65
S;31;0;133.68;383.45
S;31;0;131.20;385.14
S;31;0;128.63;386.72
S;31;0;125.99;388.18
S;31;0;123.28;389.48
S;31;0;120.49;390.60
S;31;0;117.62;391.53
S;31;0;114.69;392.23
S;31;0;111.71;392.66
S;31;0;108.70;392.80
S;31;0;105.70;392.62
S;31;0;102.74;392.05
S;31;0;99.91;391.05
S;31;0;97.28;389.59
S;31;0;94.94;387.70
S;31;0;92.94;385.44
S;31;0;91.30;382.92
S;31;0;90.00;380.21
S;31;0;89.00;377.37
S;31;0;88.26;374.45
S;31;0;87.75;371.48
S;31;0;87.44;368.48
S;31;0;87.30;365.48
S;31;0;87.33;362.46
S;31;0;87.50;359.46
S;31;0;87.81;356.46
S;31;0;88.26;353.48
S;31;0;88.85;350.53
S;31;0;89.59;347.61
S;31;0;90.49;344.73
S;31;0;91.56;341.92
S;31;0;92.80;339.18
S;31;0;94.16;336.49
S;31;0;95.64;333.86
S;31;0;97.19;331.29
S;31;0;98.81;328.74
S;31;0;100.47;326.23
S;31;0;102.15;323.73
S;31;0;103.82;321.23
S;31;0;105.49;318.71
S;31;0;107.17;316.21
S;31;0;108.87;313.73
S;31;0;110.60;311.26
S;31;0;112.36;308.82
S;31;0;114.17;306.41
S;31;0;116.02;304.04
S;31;0;117.93;301.71
S;31;0;119.89;299.42
S;31;0;121.93;297.20
S;31;0;124.03;295.04
S;31;0;126.21;292.96
S;31;0;128.47;290.97
S;31;0;130.81;289.07
S;31;0;133.23;287.28
S;31;0;135.73;285.61
S;31;0;138.31;284.05
S;31;0;140.96;282.62
S;31;0;143.67;281.32
S;31;0;146.45;280.15
S;31;0;149.28;279.12
S;31;0;152.15;278.21
S;31;0;155.06;277.43
S;31;0;158.00;276.77
S;31;0;160.96;276.22
