H;penstroke-edit;2;caveat_edit fixing.cdr;464;564;0
G;0;0000;a
S;0;1;178,28;325,01
S;0;1;179,43;327,84
S;0;1;180,54;330,68
S;0;1;181,64;333,52
S;0;1;182,73;336,37
S;0;1;183,83;339,22
S;0;1;184,93;342,06
S;0;1;186,07;344,89
S;0;1;187,24;347,71
S;0;1;188,46;350,51
S;0;1;189,74;353,27
S;0;1;191,09;356,01
S;0;1;192,53;358,70
S;0;1;194,07;361,33
S;0;1;195,73;363,89
S;0;1;197,51;366,37
S;0;1;199,43;368,73
S;0;1;201,50;370,98
S;0;1;203,72;373,06
S;0;1;206,09;374,98
S;0;1;208,61;376,70
S;0;1;211,26;378,20
S;0;1;214,03;379,48
S;0;1;216,89;380,54
S;0;1;219,82;381,38
S;0;1;222,81;382,00
S;0;0;158,67;271,17
S;0;0;161,48;272,22
S;0;0;164,23;273,41
S;0;0;166,92;274,73
S;0;0;169,54;276,17
S;0;0;172,10;277,72
S;0;0;174,60;279,38
S;0;0;177,03;281,13
S;0;0;179,40;282,96
S;0;0;181,71;284,87
S;0;0;183,97;286,84
S;0;0;186,18;288,85
S;0;0;188,36;290,91
S;0;0;190,51;293,00
S;0;0;192,64;295,11
S;0;0;194,75;297,23
S;0;0;194,89;299,95
S;0;0;194,00;302,80
S;0;0;192,79;305,54
S;0;0;191,33;308,16
S;0;0;189,68;310,66
S;0;0;187,89;313,06
S;0;0;186,02;315,40
S;0;0;184,11;317,71
S;0;0;182,21;320,02
S;0;0;180,37;322,39
S;0;0;178,51;324,74
S;0;0;176,58;327,03
S;0;0;174,60;329,28
S;0;0;172,58;331,49
S;0;0;170,53;333,67
S;0;0;168,45;335,83
S;0;0;166,35;337,97
S;0;0;164,23;340,08
S;0;0;162,09;342,18
S;0;0;159,93;344,25
S;0;0;157,75;346,31
S;0;0;155,55;348,35
S;0;0;153,34;350,37
S;0;0;151,12;352,37
S;0;0;148,87;354,36
S;0;0;146,61;356,33
S;0;0;144,34;358,28
S;0;0;142,05;360,21
S;0;0;139,74;362,12
S;0;0;137,41;364,00
S;0;0;135,07;365,87
S;0;0;132,70;367,71
S;0;0;130,32;369,52
S;0;0;127,91;371,30
S;0;0;125,48;373,06
S;0;0;123,02;374,77
S;0;0;120,53;376,44
S;0;0;118,02;378,07
S;0;0;115,46;379,63
S;0;0;112,87;381,13
S;0;0;110,23;382,54
S;0;0;107,53;383,85
S;0;0;104,77;385,00
S;0;0;101,93;385,95
S;0;0;99,00;386,56
S;0;0;96,01;386,75
S;0;0;93,03;386,49
S;0;0;90,18;385,59
S;0;0;87,71;383,91
S;0;0;85,92;381,52
S;0;0;84,86;378,73
S;0;0;84,38;375,78
S;0;0;84,31;372,78
S;0;0;84,55;369,80
S;0;0;85,02;366,84
S;0;0;85,67;363,92
S;0;0;86,47;361,03
S;0;0;87,41;358,18
S;0;0;88,46;355,38
S;0;0;89,63;352,62
S;0;0;90,94;349,93
S;0;0;92,30;347,26
S;0;0;93,68;344,60
S;0;0;95,09;341,95
S;0;0;96,52;339,32
S;0;0;97,97;336,70
S;0;0;99,45;334,10
S;0;0;100,96;331,51
S;0;0;102,50;328,94
S;0;0;104,06;326,38
S;0;0;105,66;323,85
S;0;0;107,29;321,33
S;0;0;108,95;318,84
S;0;0;110,64;316,37
S;0;0;112,37;313,92
S;0;0;114,14;311,50
S;0;0;115,95;309,11
S;0;0;117,79;306,75
S;0;0;119,67;304,42
S;0;0;121,60;302,12
S;0;0;123,56;299,86
S;0;0;125,57;297,64
S;0;0;127,63;295,46
S;0;0;129,73;293,32
S;0;0;131,87;291,23
S;0;0;134,06;289,19
S;0;0;136,30;287,19
S;0;0;138,58;285,25
S;0;0;140,91;283,37
S;0;0;143,29;281,55
S;0;0;145,72;279,79
S;0;0;148,19;278,10
S;0;0;150,71;276,48
S;0;0;153,27;274,93
S;0;0;155,88;273,46
S;0;0;158,53;272,06
G;1;0000;b
S;1;1;104,94;341,78
S;1;1;107,24;339,85
S;1;1;109,52;337,90
S;1;1;111,78;335,93
S;1;1;114,04;333,95
S;1;1;116,28;331,96
S;1;1;118,52;329,96
S;1;1;120,76;327,97
S;1;1;123,00;325,97
S;1;1;125,25;323,98
S;1;1;127,50;321,99
S;1;1;129,76;320,02
S;1;1;132,03;318,06
S;1;1;134,31;316,11
S;1;1;136,62;314,19
S;1;1;138,94;312,29
S;1;1;141,28;310,41
S;1;1;143,65;308,57
S;1;1;146,04;306,76
S;1;1;148,46;304,99
S;1;1;150,92;303,26
S;1;1;153,40;301,59
S;1;1;155,93;299,96
S;1;1;158,49;298,40
S;1;1;161,09;296,91
S;1;1;163,73;295,49
S;1;1;166,42;294,15
S;1;1;169,15;292,90
S;1;1;171,92;291,75
S;1;1;174,73;290,71
S;1;1;177,59;289,79
S;1;1;180,48;289,00
S;1;1;183,41;288,34
S;1;1;186,36;287,83
S;1;1;189,34;287,47
S;1;1;192,34;287,30
S;1;1;195,33;287,44
S;1;1;198,28;287,97
S;1;1;201,11;288,96
S;1;1;203,71;290,46
S;1;1;205,96;292,43
S;1;1;207,79;294,80
S;1;1;209,18;297,46
S;1;1;210,17;300,29
S;1;1;210,80;303,22
S;1;1;211,13;306,20
S;1;1;211,20;309,20
S;1;1;211,04;312,20
S;1;1;210,68;315,18
S;1;1;210,13;318,13
S;1;1;209,41;321,04
S;1;1;208,51;323,90
S;1;1;207,44;326,70
S;1;1;206,18;329,43
S;1;1;204,76;332,07
S;1;1;203,22;334,64
S;1;1;201,57;337,15
S;1;1;199,84;339,60
S;1;1;198,04;342,00
S;1;1;196,16;344,34
S;1;1;194,23;346,64
S;1;1;192,25;348,89
S;1;1;190,22;351,10
S;1;1;188,14;353,26
S;1;1;186,02;355,38
S;1;1;183,86;357,47
S;1;1;181,66;359,51
S;1;1;179,42;361,51
S;1;1;177,15;363,47
S;1;1;174,85;365,39
S;1;1;172,50;367,26
S;1;1;170,13;369,10
S;1;1;167,72;370,89
S;1;1;165,28;372,63
S;1;1;162,80;374,32
S;1;1;160,29;375,97
S;1;1;157,75;377,56
S;1;1;155,17;379,09
S;1;1;152,56;380,57
S;1;1;149,91;381,98
S;1;1;147,23;383,33
S;1;1;144,51;384,60
S;1;1;141,76;385,79
S;1;1;138,96;386,89
S;1;1;136,14;387,89
S;1;1;133,27;388,79
S;1;1;130,38;389,57
S;1;1;127,45;390,22
S;1;1;124,49;390,72
S;1;1;121,51;391,05
S;1;1;118,51;391,20
S;1;1;115,51;391,14
S;1;1;112,53;390,85
S;1;1;109,58;390,32
S;1;1;106,69;389,51
S;1;1;103,89;388,43
S;1;0;170,67;160,05
S;1;0;169,35;162,77
S;1;0;168,04;165,49
S;1;0;166,73;168,21
S;1;0;165,44;170,94
S;1;0;164,16;173,67
S;1;0;162,88;176,41
S;1;0;161,62;179,15
S;1;0;160,37;181,90
S;1;0;159,13;184,65
S;1;0;157,90;187,41
S;1;0;156,69;190,17
S;1;0;155,48;192,94
S;1;0;154,30;195,72
S;1;0;153,12;198,50
S;1;0;151,97;201,29
S;1;0;150,82;204,08
S;1;0;149,69;206,88
S;1;0;148,58;209,69
S;1;0;147,47;212,50
S;1;0;146,37;215,31
S;1;0;145,26;218,11
S;1;0;144,14;220,92
S;1;0;143,02;223,72
S;1;0;141,90;226,52
S;1;0;140,77;229,32
S;1;0;139,63;232,12
S;1;0;138,50;234,92
S;1;0;137,37;237,72
S;1;0;136,24;240,52
S;1;0;135,11;243,32
S;1;0;133,98;246,12
S;1;0;132,86;248,92
S;1;0;131,75;251,73
S;1;0;130,64;254,54
S;1;0;129,54;257,35
S;1;0;128,45;260,16
S;1;0;127,37;262,98
S;1;0;126,30;265,80
S;1;0;125,24;268,63
S;1;0;124,20;271,46
S;1;0;123,17;274,30
S;1;0;122,16;277,15
S;1;0;121,16;280,00
S;1;0;120,19;282,85
S;1;0;119,23;285,72
S;1;0;118,30;288,59
S;1;0;117,38;291,47
S;1;0;116,49;294,35
S;1;0;115,63;297,24
S;1;0;114,79;300,14
S;1;0;113,98;303,05
S;1;0;113,20;305,97
S;1;0;112,45;308,89
S;1;0;111,74;311,82
S;1;0;111,05;314,77
S;1;0;110,38;317,71
S;1;0;109,71;320,65
S;1;0;109,05;323,60
S;1;0;108,38;326,54
S;1;0;107,72;329,49
S;1;0;107,05;332,43
S;1;0;106,39;335,38
S;1;0;105,72;338,32
S;1;0;105,06;341,27
S;1;0;104,39;344,21
S;1;0;103,73;347,16
S;1;0;103,07;350,10
S;1;0;102,41;353,05
S;1;0;101,75;355,99
S;1;0;101,09;358,94
S;1;0;100,45;361,89
G;2;0000;c
S;2;0;164,50;311,48
S;2;0;166,95;309,73
S;2;0;169,12;307,64
S;2;0;170,94;305,24
S;2;0;172,38;302,60
S;2;0;173,44;299,78
S;2;0;174,11;296,84
S;2;0;174,41;293,85
S;2;0;174,35;290,84
S;2;0;173,96;287,85
S;2;0;173,23;284,93
S;2;0;172,18;282,10
S;2;0;170,81;279,42
S;2;0;169,11;276,94
S;2;0;167,09;274,70
S;2;0;164,75;272,80
S;2;0;162,14;271,30
S;2;0;159,31;270,27
S;2;0;156,35;269,76
S;2;0;153,34;269,74
S;2;0;150,36;270,19
S;2;0;147,47;271,02
S;2;0;144,69;272,18
S;2;0;142,03;273,60
S;2;0;139,50;275,23
S;2;0;137,06;277,01
S;2;0;134,69;278,87
S;2;0;132,40;280,83
S;2;0;130,18;282,86
S;2;0;128,03;284,97
S;2;0;125,94;287,15
S;2;0;123,93;289,39
S;2;0;121,98;291,69
S;2;0;120,10;294,05
S;2;0;118,29;296,45
S;2;0;116,54;298,91
S;2;0;114,86;301,41
S;2;0;113,24;303,96
S;2;0;111,70;306,55
S;2;0;110,23;309,18
S;2;0;108,82;311,84
S;2;0;107,46;314,53
S;2;0;106,14;317,24
S;2;0;104,87;319,97
S;2;0;103,63;322,72
S;2;0;102,44;325,49
S;2;0;101,29;328,27
S;2;0;100,18;331,07
S;2;0;99,12;333,89
S;2;0;98,10;336,73
S;2;0;97,14;339,59
S;2;0;96,24;342,46
S;2;0;95,39;345,36
S;2;0;94,61;348,27
S;2;0;93,91;351,20
S;2;0;93,28;354,15
S;2;0;92,76;357,11
S;2;0;92,33;360,10
S;2;0;92,03;363,10
S;2;0;91,88;366,10
S;2;0;91,89;369,12
S;2;0;92,10;372,12
S;2;0;92,55;375,10
S;2;0;93,29;378,02
S;2;0;94,36;380,84
S;2;0;95,81;383,48
S;2;0;97,66;385,85
S;2;0;99,89;387,88
S;2;0;102,42;389,50
S;2;0;105,17;390,72
S;2;0;108,07;391,56
S;2;0;111,03;392,10
S;2;0;114,03;392,42
S;2;0;117,04;392,52
S;2;0;120,05;392,42
S;2;0;123,05;392,10
S;2;0;126,02;391,58
S;2;0;128,94;390,88
S;2;0;131,83;390,00
S;2;0;134,66;388,97
S;2;0;137,43;387,79
S;2;0;140,15;386,49
S;2;0;142,81;385,08
S;2;0;145,42;383,57
S;2;0;147,98;381,98
S;2;0;150,49;380,31
S;2;0;152,95;378,57
S;2;0;155,38;376,78
S;2;0;157,77;374,94
S;2;0;160,12;373,07
S;2;0;162,45;371,15
S;2;0;164,76;369,21
S;2;0;167,04;367,25
S;2;0;169,31;365,27
S;2;0;171,58;363,27
S;2;0;173,83;361,27
S;2;0;176,08;359,27
S;2;0;178,34;357,27
S;2;0;180,60;355,28
S;2;0;182,87;353,30
S;2;0;185,16;351,34
S;2;0;187,48;349,42
G;3;0000;d
S;3;1;182,12;304,21
S;3;1;179,37;303,02
S;3;1;176,66;301,75
S;3;1;173,98;300,43
S;3;1;171,31;299,09
S;3;1;168,64;297,74
S;3;1;165,96;296,40
S;3;1;163,27;295,09
S;3;1;160,57;293,81
S;3;1;157,83;292,60
S;3;1;155,06;291,46
S;3;1;152,25;290,44
S;3;1;149,39;289,59
S;3;1;146,46;288,98
S;3;1;143,48;288,79
S;3;1;140,50;289,02
S;3;1;137,57;289,64
S;3;1;134,74;290,60
S;3;1;132,02;291,85
S;3;1;129,43;293,33
S;3;1;126,94;295,00
S;3;1;124,57;296,82
S;3;1;122,31;298,77
S;3;1;120,14;300,83
S;3;1;118,05;302,98
S;3;1;116,05;305,20
S;3;1;114,12;307,49
S;3;1;112,27;309,83
S;3;1;110,47;312,23
S;3;1;108,74;314,67
S;3;1;107,07;317,15
S;3;1;105,45;319,66
S;3;1;103,90;322,22
S;3;1;102,41;324,81
S;3;1;100,97;327,44
S;3;1;99,58;330,08
S;3;1;98,23;332,76
S;3;1;96,94;335,45
S;3;1;95,69;338,17
S;3;1;94,51;340,92
S;3;1;93,38;343,69
S;3;1;92,33;346,49
S;3;1;91,35;349,32
S;3;1;90,47;352,18
S;3;1;89,69;355,06
S;3;1;89,04;357,98
S;3;1;88,55;360,93
S;3;1;88,26;363,91
S;3;1;88,22;366,90
S;3;1;88,51;369,88
S;3;1;89,24;372,78
S;3;1;90,50;375,48
S;3;1;92,35;377,82
S;3;1;94,72;379,64
S;3;1;97,45;380,82
S;3;1;100,38;381,44
S;3;1;103,35;381,80
S;3;1;106,34;381,91
S;3;1;109,32;381,79
S;3;1;112,30;381,45
S;3;1;115,24;380,91
S;3;1;118,14;380,20
S;3;1;121,00;379,32
S;3;1;123,82;378,30
S;3;1;126,58;377,16
S;3;1;129,29;375,90
S;3;1;131,96;374,55
S;3;1;134,57;373,10
S;3;1;137,14;371,56
S;3;1;139,67;369,96
S;3;1;142,15;368,28
S;3;1;144,58;366,54
S;3;1;146,98;364,75
S;3;1;149,33;362,90
S;3;1;151,64;361,01
S;3;1;153,92;359,07
S;3;1;156,16;357,09
S;3;1;158,36;355,06
S;3;1;160,53;353,00
S;3;1;162,66;350,90
S;3;1;164,76;348,77
S;3;1;166,82;346,60
S;3;1;168,85;344,40
S;3;1;170,83;342,17
S;3;1;172,78;339,90
S;3;1;174,69;337,59
S;3;0;230,42;175,32
S;3;0;228,84;177,88
S;3;0;227,31;180,48
S;3;0;225,82;183,10
S;3;0;224,38;185,75
S;3;0;222,98;188,42
S;3;0;221,62;191,11
S;3;0;220,30;193,82
S;3;0;219,01;196,54
S;3;0;217,76;199,28
S;3;0;216,53;202,04
S;3;0;215,34;204,80
S;3;0;214,17;207,58
S;3;0;213,02;210,37
S;3;0;211,90;213,17
S;3;0;210,80;215,97
S;3;0;209,72;218,79
S;3;0;208,67;221,61
S;3;0;207,62;224,44
S;3;0;206,60;227,27
S;3;0;205,59;230,11
S;3;0;204,60;232,96
S;3;0;203,62;235,81
S;3;0;202,65;238,66
S;3;0;201,69;241,52
S;3;0;200,74;244,38
S;3;0;199,80;247,24
S;3;0;198,86;250,11
S;3;0;197,93;252,97
S;3;0;197,00;255,84
S;3;0;196,06;258,71
S;3;0;195,13;261,57
S;3;0;194,20;264,44
S;3;0;193,27;267,31
S;3;0;192,35;270,17
S;3;0;191,43;273,05
S;3;0;190,51;275,92
S;3;0;189,60;278,79
S;3;0;188,71;281,67
S;3;0;187,82;284,55
S;3;0;186,94;287,43
S;3;0;186,07;290,32
S;3;0;185,22;293,21
S;3;0;184,38;296,10
S;3;0;183,55;299,00
S;3;0;182,74;301,91
S;3;0;181,95;304,81
S;3;0;181,18;307,73
S;3;0;180,43;310,65
S;3;0;179,70;313,57
S;3;0;178,99;316,50
S;3;0;178,30;319,44
S;3;0;177,64;322,38
S;3;0;177,01;325,32
S;3;0;176,40;328,27
S;3;0;175,83;331,23
S;3;0;175,28;334,20
S;3;0;174,76;337,17
S;3;0;174,28;340,14
S;3;0;173,84;343,12
S;3;0;173,42;346,11
S;3;0;173,05;349,10
S;3;0;172,71;352,09
S;3;0;172,42;355,09
S;3;0;172,17;358,10
S;3;0;171,96;361,10
S;3;0;171,79;364,11
S;3;0;171,67;367,13
S;3;0;171,60;370,14
S;3;0;171,58;373,15
S;3;0;171,60;376,17
S;3;0;171,68;379,18
S;3;0;171,81;382,19
S;3;0;171,99;385,20
S;3;0;172,23;388,20
S;3;0;172,53;391,20
S;3;0;172,88;394,20
S;3;0;173,28;397,18
S;3;0;173,75;400,16
S;3;0;174,27;403,13
S;3;0;174,86;406,09
S;3;0;175,50;409,03
G;4;0000;e
S;4;0;102,96;317,51
S;4;0;105,65;318,85
S;4;0;108,38;320,09
S;4;0;111,15;321,24
S;4;0;113,96;322,27
S;4;0;116,82;323,20
S;4;0;119,71;323,99
S;4;0;122,64;324,65
S;4;0;125,59;325,16
S;4;0;128,57;325,52
S;4;0;131,57;325,70
S;4;0;134,57;325,70
S;4;0;137,56;325,52
S;4;0;140,54;325,14
S;4;0;143,48;324,57
S;4;0;146,38;323,80
S;4;0;149,22;322,83
S;4;0;151,99;321,68
S;4;0;154,68;320,36
S;4;0;157,28;318,87
S;4;0;159,79;317,22
S;4;0;162,20;315,43
S;4;0;164,44;313,44
S;4;0;166,50;311,26
S;4;0;168,35;308,90
S;4;0;170,00;306,39
S;4;0;171,40;303,74
S;4;0;172,55;300,97
S;4;0;173,41;298,10
S;4;0;173,96;295,15
S;4;0;174,14;292,16
S;4;0;173,93;289,17
S;4;0;173,29;286,24
S;4;0;172,18;283,46
S;4;0;170,62;280,90
S;4;0;168,66;278,63
S;4;0;166,36;276,71
S;4;0;163,80;275,15
S;4;0;161,07;273,91
S;4;0;158,22;272,98
S;4;0;155,29;272,32
S;4;0;152,31;271,98
S;4;0;149,31;271,98
S;4;0;146,33;272,30
S;4;0;143,40;272,93
S;4;0;140,54;273,84
S;4;0;137,78;275,00
S;4;0;135,11;276,37
S;4;0;132,55;277,93
S;4;0;130,09;279,65
S;4;0;127,73;281,51
S;4;0;125,47;283,48
S;4;0;123,31;285,55
S;4;0;121,23;287,72
S;4;0;119,24;289,96
S;4;0;117,33;292,28
S;4;0;115,49;294,65
S;4;0;113,74;297,08
S;4;0;112,05;299,56
S;4;0;110,43;302,09
S;4;0;108,88;304,65
S;4;0;107,39;307,26
S;4;0;105,97;309,90
S;4;0;104,61;312,57
S;4;0;103,31;315,28
S;4;0;102,07;318,01
S;4;0;100,90;320,77
S;4;0;99,79;323,56
S;4;0;98,74;326,37
S;4;0;97,76;329,21
S;4;0;96,84;332,06
S;4;0;96,00;334,94
S;4;0;95,23;337,84
S;4;0;94,53;340,76
S;4;0;93,91;343,70
S;4;0;93,39;346,65
S;4;0;92,96;349,62
S;4;0;92,63;352,60
S;4;0;92,41;355,59
S;4;0;92,33;358,59
S;4;0;92,39;361,59
S;4;0;92,62;364,58
S;4;0;93,05;367,55
S;4;0;93,71;370,47
S;4;0;94,65;373,32
S;4;0;95,85;376,07
S;4;0;97,27;378,71
S;4;0;98,94;381,20
S;4;0;100,85;383,51
S;4;0;103,00;385,60
S;4;0;105,38;387,44
S;4;0;107,94;388,99
S;4;0;110,66;390,25
S;4;0;113,50;391,21
S;4;0;116,43;391,88
S;4;0;119,40;392,27
S;4;0;122,40;392,40
S;4;0;125,40;392,29
S;4;0;128,38;391,96
S;4;0;131,33;391,43
S;4;0;134,24;390,70
S;4;0;137,10;389,79
S;4;0;139,90;388,71
S;4;0;142,63;387,48
S;4;0;145,29;386,09
S;4;0;147,86;384,54
S;4;0;150,34;382,86
S;4;0;152,72;381,03
S;4;0;154,98;379,06
S;4;0;157,11;376,95
S;4;0;159,09;374,70
S;4;0;160,91;372,31
G;5;0000;f
S;5;1;110,78;291,65
S;5;1;113,62;292,41
S;5;1;116,50;292,99
S;5;1;119,41;293,41
S;5;1;122,34;293,69
S;5;1;125,28;293,84
S;5;1;128,22;293,89
S;5;1;131,16;293,85
S;5;1;134,10;293,71
S;5;1;137,03;293,51
S;5;1;139,96;293,23
S;5;1;142,88;292,90
S;5;1;145,80;292,51
S;5;1;148,71;292,07
S;5;1;151,61;291,59
S;5;1;154,50;291,07
S;5;1;157,39;290,51
S;5;1;160,27;289,91
S;5;1;163,15;289,29
S;5;1;166,02;288,65
S;5;1;168,88;287,98
S;5;0;205,83;203,82
S;5;0;207,22;201,15
S;5;0;208,57;198,46
S;5;0;209,86;195,74
S;5;0;211,07;192,98
S;5;0;212,14;190,16
S;5;0;213,01;187,28
S;5;0;213,60;184,33
S;5;0;213,78;181,33
S;5;0;213,42;178,34
S;5;0;212,43;175,50
S;5;0;210,85;172,95
S;5;0;208,79;170,75
S;5;0;206,43;168,89
S;5;0;203,87;167,31
S;5;0;201,18;165,96
S;5;0;198,33;165,00
S;5;0;195,34;164,62
S;5;0;192,34;164,80
S;5;0;189,41;165,46
S;5;0;186,58;166,50
S;5;0;183,88;167,83
S;5;0;181,31;169,39
S;5;0;178,84;171,12
S;5;0;176,48;172,98
S;5;0;174,21;174,96
S;5;0;172,02;177,03
S;5;0;169,90;179,16
S;5;0;167,84;181,37
S;5;0;165,85;183,62
S;5;0;163,90;185,92
S;5;0;162,01;188,26
S;5;0;160,16;190,64
S;5;0;158,35;193,05
S;5;0;156,59;195,49
S;5;0;154,85;197,95
S;5;0;153,16;200,44
S;5;0;151,49;202,95
S;5;0;149,86;205,48
S;5;0;148,26;208,03
S;5;0;146,68;210,60
S;5;0;145,14;213,18
S;5;0;143,63;215,79
S;5;0;142,14;218,41
S;5;0;140,69;221,04
S;5;0;139,25;223,69
S;5;0;137,82;226,34
S;5;0;136,42;229,01
S;5;0;135,04;231,68
S;5;0;133,69;234,37
S;5;0;132,36;237,08
S;5;0;131,07;239,80
S;5;0;129,81;242,53
S;5;0;128,59;245,29
S;5;0;127,41;248,06
S;5;0;126,28;250,85
S;5;0;125,20;253,66
S;5;0;124,17;256,49
S;5;0;123,20;259,34
S;5;0;122,30;262,22
S;5;0;121,42;265,09
S;5;0;120,43;267,94
S;5;0;119,35;270,75
S;5;0;118,22;273,54
S;5;0;117,05;276,32
S;5;0;115,86;279,08
S;5;0;114,67;281,85
S;5;0;113,50;284,62
S;5;0;112,36;287,41
S;5;0;111,28;290,22
S;5;0;110,29;293,07
S;5;0;109,31;295,91
S;5;0;108,35;298,77
S;5;0;107,40;301,63
S;5;0;106,45;304,48
S;5;0;105,51;307,35
S;5;0;104,57;310,21
S;5;0;103,63;313,07
S;5;0;102,69;315,93
S;5;0;101,73;318,78
S;5;0;100,77;321,64
S;5;0;99,82;324,49
S;5;0;98,89;327,36
S;5;0;98,00;330,23
S;5;0;97,12;333,12
S;5;0;96,27;336,00
S;5;0;95,43;338,90
S;5;0;94,62;341,80
S;5;0;93,82;344,70
S;5;0;93,04;347,61
S;5;0;92,29;350,52
S;5;0;91,55;353,44
S;5;0;90,82;356,37
S;5;0;90,12;359,30
S;5;0;89,44;362,23
S;5;0;88,77;365,17
S;5;0;88,12;368,11
S;5;0;87,50;371,05
S;5;0;86,89;374,00
S;5;0;86,30;376,96
S;5;0;85,74;379,91
S;5;0;85,20;382,88
S;5;0;84,68;385,84
S;5;0;84,18;388,81
S;5;0;83,71;391,79
S;5;0;83,27;394,77
S;5;0;82,85;397,75
S;5;0;82,47;400,74
S;5;0;82,11;403,73
S;5;0;81,79;406,72
S;5;0;81,51;409,72
S;5;0;81,26;412,72
S;5;0;81,06;415,72
S;5;0;80,90;418,73
S;5;0;80,79;421,74
S;5;0;80,73;424,75
S;5;0;80,74;427,76
S;5;0;80,81;430,77
S;5;0;80,96;433,78
S;5;0;81,19;436,78
S;5;0;81,53;439,78
S;5;0;81,97;442,75
S;5;0;82,55;445,71
G;6;0000;g
S;6;0;159,48;336,84
S;6;0;157,44;339,05
S;6;0;155,38;341,25
S;6;0;153,31;343,43
S;6;0;151,22;345,60
S;6;0;149,11;347,74
S;6;0;146,95;349,84
S;6;0;144,76;351,90
S;6;0;142,53;353,92
S;6;0;140,24;355,87
S;6;0;137,89;357,75
S;6;0;135,47;359,54
S;6;0;132,99;361,24
S;6;0;130,42;362,82
S;6;0;127,78;364,26
S;6;0;125,06;365,55
S;6;0;122,26;366,65
S;6;0;119,39;367,55
S;6;0;116,46;368,22
S;6;0;113,48;368,65
S;6;0;110,48;368,83
S;6;0;107,47;368,73
S;6;0;104,50;368,27
S;6;0;101,63;367,39
S;6;0;98,95;366,03
S;6;0;96,58;364,19
S;6;0;94,61;361,92
S;6;0;93,08;359,33
S;6;0;91,98;356,53
S;6;0;91,23;353,62
S;6;0;90,80;350,64
S;6;0;90,63;347,64
S;6;0;90,67;344,63
S;6;0;90,90;341,63
S;6;0;91,28;338,64
S;6;0;91,81;335,68
S;6;0;92,45;332,74
S;6;0;93,21;329,83
S;6;0;94,06;326,94
S;6;0;95,01;324,09
S;6;0;96,04;321,26
S;6;0;97,16;318,46
S;6;0;98,35;315,70
S;6;0;99,61;312,97
S;6;0;100,95;310,27
S;6;0;102,35;307,61
S;6;0;103,82;304,99
S;6;0;105,37;302,40
S;6;0;106,98;299,86
S;6;0;108,65;297,36
S;6;0;110,40;294,91
S;6;0;112,22;292,52
S;6;0;114,11;290,18
S;6;0;116,08;287,90
S;6;0;118,12;285,69
S;6;0;120,25;283,56
S;6;0;122,46;281,52
S;6;0;124,76;279,58
S;6;0;127,16;277,76
S;6;0;129,65;276,07
S;6;0;132,24;274,55
S;6;0;134,94;273,21
S;6;0;137,73;272,10
S;6;0;140,62;271,24
S;6;0;143,58;270,70
S;6;0;146,58;270,50
S;6;0;149,58;270,67
S;6;0;152,53;271,24
S;6;0;155,39;272,19
S;6;0;158,10;273,48
S;6;0;160,65;275,07
S;6;0;163,03;276,91
S;6;0;165,24;278,96
S;6;0;167,27;281,18
S;6;0;169,10;283,57
S;6;0;170,65;286,14
S;6;0;171,87;288,89
S;6;0;172,73;291,77
S;6;0;173,19;294,74
S;6;0;173,27;297,75
S;6;0;173,03;300,75
S;6;0;172,50;303,71
S;6;0;171,74;306,62
S;6;0;170,81;309,48
S;6;0;169,75;312,30
S;6;0;168,59;315,07
S;6;0;167,36;317,82
S;6;0;166,10;320,56
S;6;0;164,83;323,28
S;6;0;163,57;326,02
S;6;0;162,36;328,77
S;6;0;161,23;331,56
S;6;0;160,22;334,39
S;6;0;159,36;337,28
S;6;0;158,71;340,22
S;6;0;158,24;343,19
S;6;0;157,90;346,18
S;6;0;157,67;349,18
S;6;0;157,50;352,18
S;6;0;157,34;355,19
S;6;0;157,17;358,19
S;6;0;156,93;361,19
S;6;0;156,59;364,18
S;6;0;156,12;367,15
S;6;0;155,61;370,12
S;6;0;155,06;373,08
S;6;0;154,48;376,03
S;6;0;153,87;378,98
S;6;0;153,23;381,92
S;6;0;152,57;384,85
S;6;0;151,88;387,78
S;6;0;151,16;390,71
S;6;0;150,42;393,62
S;6;0;149,66;396,53
S;6;0;148,87;399,44
S;6;0;148,05;402,34
S;6;0;147,22;405,23
S;6;0;146,36;408,11
S;6;0;145,47;410,99
S;6;0;144,57;413,86
S;6;0;143,63;416,72
S;6;0;142,67;419,57
S;6;0;141,69;422,41
S;6;0;140,67;425,25
S;6;0;139,63;428,07
S;6;0;138,56;430,88
S;6;0;137,46;433,68
S;6;0;136,33;436,47
S;6;0;135,16;439,24
S;6;0;133,95;442,00
S;6;0;132,70;444,74
S;6;0;131,41;447,45
S;6;0;130,06;450,15
S;6;0;128,63;452,79
S;6;0;127,11;455,39
S;6;0;125,47;457,91
S;6;0;123,70;460,35
S;6;0;121,79;462,67
S;6;0;119,71;464,85
S;6;0;117,44;466,82
S;6;0;114,97;468,53
S;6;0;112,28;469,88
S;6;0;109,41;470,77
S;6;0;106,43;471,12
S;6;0;103,43;470,92
S;6;0;100,51;470,19
S;6;0;97,74;469,04
S;6;0;95,12;467,55
S;6;0;92,68;465,79
S;6;0;90,39;463,84
S;6;0;88,24;461,74
S;6;0;86,22;459,51
S;6;0;84,31;457,18
S;6;0;82,50;454,78
S;6;0;80,79;452,30
S;6;0;79,16;449,77
S;6;0;77,62;447,19
S;6;0;76,14;444,56
S;6;0;74,74;441,90
S;6;0;73,40;439,21
S;6;0;72,13;436,48
G;7;0000;h
S;7;0;155,40;168,54
S;7;0;154,45;171,38
S;7;0;153,50;174,21
S;7;0;152,53;177,04
S;7;0;151,55;179,87
S;7;0;150,56;182,69
S;7;0;149,57;185,51
S;7;0;148,56;188,33
S;7;0;147,55;191,14
S;7;0;146,52;193,95
S;7;0;145,49;196,76
S;7;0;144,46;199,57
S;7;0;143,42;202,37
S;7;0;142,37;205,17
S;7;0;141,32;207,97
S;7;0;140,26;210,77
S;7;0;139,20;213,57
S;7;0;138,14;216,37
S;7;0;137,08;219,16
S;7;0;136,02;221,96
S;7;0;134,95;224,75
S;7;0;133,89;227,55
S;7;0;132,83;230,34
S;7;0;131,76;233,14
S;7;0;130,71;235,94
S;7;0;129,65;238,74
S;7;0;128,60;241,54
S;7;0;127,55;244,34
S;7;0;126,51;247,14
S;7;0;125,47;249,95
S;7;0;124,44;252,75
S;7;0;123,42;255,56
S;7;0;122,40;258,38
S;7;0;121,39;261,19
S;7;0;120,39;264,01
S;7;0;119,39;266,83
S;7;0;118,41;269,66
S;7;0;117,43;272,48
S;7;0;116,47;275,31
S;7;0;115,51;278,15
S;7;0;114,57;280,99
S;7;0;113,63;283,83
S;7;0;112,70;286,67
S;7;0;111,79;289,52
S;7;0;110,89;292,37
S;7;0;110,00;295,23
S;7;0;109,12;298,09
S;7;0;108,25;300,95
S;7;0;107,39;303,81
S;7;0;106,55;306,68
S;7;0;105,72;309,56
S;7;0;104,85;312,42
S;7;0;104,07;315,31
S;7;0;103,35;318,21
S;7;0;102,65;321,12
S;7;0;101,98;324,03
S;7;0;101,32;326,95
S;7;0;100,67;329,87
S;7;0;100,03;332,79
S;7;0;99,41;335,72
S;7;0;98,79;338,64
S;7;0;98,18;341,57
S;7;0;97,58;344,50
S;7;0;96,99;347,43
S;7;0;96,41;350,37
S;7;0;95,83;353,30
S;7;0;95,27;356,24
S;7;0;94,72;359,18
S;7;0;94,17;362,12
S;7;0;93,64;365,06
S;7;0;93,13;368,01
S;7;0;92,63;370,96
S;7;0;92,16;373,91
S;7;0;92,75;374,89
S;7;0;94,88;372,79
S;7;0;96,98;370,66
S;7;0;99,07;368,51
S;7;0;101,15;366,37
S;7;0;103,24;364,22
S;7;0;105,32;362,08
S;7;0;107,42;359,94
S;7;0;109,51;357,81
S;7;0;111,62;355,68
S;7;0;113,73;353,56
S;7;0;115,85;351,45
S;7;0;117,97;349,35
S;7;0;120,11;347,26
S;7;0;122,26;345,18
S;7;0;124,42;343,11
S;7;0;126,59;341,05
S;7;0;128,77;339,00
S;7;0;130,97;336,97
S;7;0;133,18;334,96
S;7;0;135,40;332,96
S;7;0;137,64;330,97
S;7;0;139,90;329,01
S;7;0;142,17;327,07
S;7;0;144,46;325,15
S;7;0;146,78;323,25
S;7;0;149,11;321,38
S;7;0;151,47;319,54
S;7;0;153,85;317,73
S;7;0;156,26;315,96
S;7;0;158,70;314,22
S;7;0;161,16;312,53
S;7;0;163,67;310,90
S;7;0;166,21;309,32
S;7;0;168,79;307,81
S;7;0;171,41;306,38
S;7;0;174,09;305,04
S;7;0;176,82;303,81
S;7;0;179,61;302,73
S;7;0;182,45;301,82
S;7;0;185,36;301,12
S;7;0;188,32;300,71
S;7;0;191,31;300,66
S;7;0;194,27;301,07
S;7;0;197,10;302,02
S;7;0;199,69;303,52
S;7;0;201,87;305,55
S;7;0;203,54;308,03
S;7;0;204,71;310,78
S;7;0;205,45;313,67
S;7;0;205,87;316,63
S;7;0;206,04;319,62
S;7;0;206,02;322,61
S;7;0;205,87;325,60
S;7;0;205,60;328,57
S;7;0;205,25;331,55
S;7;0;204,85;334,51
S;7;0;204,40;337,47
S;7;0;203,92;340,42
S;7;0;203,43;343,37
S;7;0;202,95;346,32
S;7;0;202,49;349,28
S;7;0;202,06;352,24
S;7;0;201,69;355,20
S;7;0;201,41;358,18
S;7;0;201,25;361,17
S;7;0;201,28;364,16
S;7;0;201,59;367,13
S;7;0;202,30;370,03
S;7;0;203,64;372,70
S;7;0;205,74;374,80
S;7;0;208,45;376,05
S;7;0;211,39;376,52
S;7;0;214,38;376,43
S;7;0;217,34;376,00
S;7;0;220,25;375,31
S;7;0;223,11;374,46
S;7;0;225,93;373,47
G;8;0000;i
S;8;1;131,40;222,24
S;8;1;131,75;221,93
S;8;1;132,14;221,67
S;8;1;132,58;221,51
S;8;1;133,03;221,62
S;8;1;133,13;222,06
S;8;1;132,97;222,50
S;8;1;132,71;222,89
S;8;1;132,40;223,24
S;8;0;104,41;292,58
S;8;0;105,94;295,18
S;8;0;107,14;297,95
S;8;0;108,01;300,85
S;8;0;108,58;303,81
S;8;0;108,88;306,82
S;8;0;108,95;309,84
S;8;0;108,81;312,86
S;8;0;108,52;315,86
S;8;0;108,08;318,85
S;8;0;107,52;321,82
S;8;0;106,87;324,77
S;8;0;106,13;327,70
S;8;0;105,32;330,62
S;8;0;104,45;333,51
S;8;0;103,53;336,39
S;8;0;102,57;339,25
S;8;0;101,57;342,11
S;8;0;100,55;344,95
S;8;0;99,51;347,79
S;8;0;98,46;350,62
S;8;0;97,39;353,45
S;8;0;96,33;356,28
S;8;0;95,27;359,11
S;8;0;94,21;361,94
S;8;0;93,18;364,78
S;8;0;92,17;367,62
S;8;0;91,19;370,48
S;8;0;90,25;373,36
S;8;0;89,37;376,25
S;8;0;88,55;379,16
S;8;0;87,82;382,09
S;8;0;87,19;385,04
S;8;0;86,70;388,03
S;8;0;86,39;391,03
G;9;0000;j
S;9;1;135,10;204,97
S;9;1;135,45;204,66
S;9;1;135,84;204,40
S;9;1;136,28;204,24
S;9;1;136,72;204,35
S;9;1;136,83;204,79
S;9;1;136,67;205,23
S;9;1;136,41;205,62
S;9;1;136,10;205,97
S;9;0;115,60;282,59
S;9;0;115,18;285,56
S;9;0;114,75;288,52
S;9;0;114,31;291,49
S;9;0;113,87;294,45
S;9;0;113,42;297,41
S;9;0;112,96;300,37
S;9;0;112,50;303,33
S;9;0;112,03;306,29
S;9;0;111,55;309,25
S;9;0;111,07;312,21
S;9;0;110,58;315,16
S;9;0;110,07;318,12
S;9;0;109,56;321,07
S;9;0;109,05;324,02
S;9;0;108,52;326,97
S;9;0;107,98;329,92
S;9;0;107,44;332,87
S;9;0;106,88;335,81
S;9;0;106,32;338,75
S;9;0;105,74;341,69
S;9;0;105,16;344,63
S;9;0;104,56;347,57
S;9;0;103,95;350,50
S;9;0;103,34;353,43
S;9;0;102,71;356,37
S;9;0;102,07;359,29
S;9;0;101,42;362,22
S;9;0;100,76;365,14
S;9;0;100,09;368,06
S;9;0;99,41;370,98
S;9;0;98,72;373,89
S;9;0;98,01;376,80
S;9;0;97,29;379,71
S;9;0;96,56;382,62
S;9;0;95,82;385,52
S;9;0;95,06;388,42
S;9;0;94,29;391,32
S;9;0;93,51;394,21
S;9;0;92,72;397,10
S;9;0;91,93;399,99
S;9;0;91,15;402,88
S;9;0;90,38;405,78
S;9;0;89,60;408,67
S;9;0;88,82;411,57
S;9;0;88,02;414,45
S;9;0;87,19;417,33
S;9;0;86,34;420,21
S;9;0;85,45;423,07
S;9;0;84,52;425,91
S;9;0;83,53;428,74
S;9;0;82,50;431,56
S;9;0;81,39;434,34
S;9;0;80,22;437,10
S;9;0;78,97;439,82
S;9;0;77,63;442,50
S;9;0;76,20;445,13
S;9;0;74,67;447,71
S;9;0;73,07;450,24
S;9;0;71,40;452,73
S;9;0;69,67;455,18
S;9;0;67,88;457,58
S;9;0;66,03;459,94
S;9;0;64,12;462,25
S;9;0;62,15;464,50
S;9;0;60,11;466,69
S;9;0;57,99;468,82
S;9;0;55,80;470,86
S;9;0;53,52;472,80
S;9;0;51,15;474,63
S;9;0;48,67;476,31
S;9;0;46,07;477,81
S;9;0;43,36;479,07
S;9;0;40,52;480,03
S;9;0;37,58;480,60
S;9;0;34,59;480,68
S;9;0;31,64;480,20
S;9;0;28,83;479,15
S;9;0;26,27;477,61
S;9;0;23,98;475,68
S;9;0;21,96;473,47
S;9;0;20,18;471,06
S;9;0;18,61;468,51
S;9;0;17,23;465,85
S;9;0;16,06;463,09
S;9;0;15,08;460,26
S;9;0;14,31;457,37
S;9;0;13,77;454,42
S;9;0;13,48;451,44
S;9;0;13,45;448,44
S;9;0;13,72;445,46
G;10;0000;k
S;10;1;187,02;285,93
S;10;1;184,43;287,49
S;10;1;181,83;289,03
S;10;1;179,23;290,56
S;10;1;176,62;292,08
S;10;1;174,01;293,60
S;10;1;171,39;295,12
S;10;1;168,78;296,64
S;10;1;166,18;298,17
S;10;1;163,58;299,71
S;10;1;160,98;301,25
S;10;1;158,39;302,82
S;10;1;155,82;304,40
S;10;1;153,26;306,00
S;10;1;150,71;307,62
S;10;1;148,18;309,27
S;10;1;145,69;310,98
S;10;1;143,29;312,82
S;10;1;140,94;314,72
S;10;1;138,61;316,64
S;10;1;136,23;318,51
S;10;1;133,78;320,27
S;10;1;131,21;321,85
S;10;1;128,48;323,16
S;10;1;125,60;324,05
S;10;1;122,64;324,63
S;10;1;119,64;325,03
S;10;1;116,64;325,37
S;10;1;113,65;325,79
S;10;1;110,69;326,42
S;10;1;107,84;327,41
S;10;1;105,20;328,87
S;10;1;102,88;330,81
S;10;1;100,82;333,01
S;10;1;98,97;335,40
S;10;1;97,33;337,94
S;10;1;95,87;340,58
S;10;1;94,55;343,30
S;10;1;93,33;346,06
S;10;1;92,16;348,85
S;10;1;91,02;351,64
S;10;1;89,85;354,43
S;10;1;88,67;357,21
S;10;1;87,50;360,00
S;10;1;86,36;362,80
S;10;1;85,28;365,62
S;10;1;84,27;368,46
S;10;1;83,35;371,34
S;10;1;82,56;374,26
S;10;1;81,92;377,21
S;10;1;81,47;380,20
S;10;1;81,25;383,21
S;10;1;81,30;386,23
S;10;1;81,66;389,23
S;10;1;82,35;392,17
S;10;1;83,39;395,00
S;10;1;84,77;397,69
S;10;1;86,44;400,21
S;10;1;88,36;402,53
S;10;1;90,50;404,67
S;10;0;167,66;162,28
S;10;0;166,70;165,12
S;10;0;165,72;167,96
S;10;0;164,74;170,80
S;10;0;163,74;173,63
S;10;0;162,74;176,46
S;10;0;161,72;179,28
S;10;0;160,69;182,10
S;10;0;159,65;184,92
S;10;0;158,61;187,73
S;10;0;157,55;190,54
S;10;0;156,49;193,35
S;10;0;155,41;196,15
S;10;0;154,33;198,95
S;10;0;153,24;201,75
S;10;0;152,14;204,54
S;10;0;151,04;207,33
S;10;0;149,93;210,12
S;10;0;148,81;212,91
S;10;0;147,69;215,69
S;10;0;146,56;218,47
S;10;0;145,42;221,25
S;10;0;144,28;224,02
S;10;0;143,13;226,80
S;10;0;141,98;229,57
S;10;0;140,83;232,34
S;10;0;139,67;235,11
S;10;0;138,51;237,88
S;10;0;137,34;240,64
S;10;0;136,17;243,41
S;10;0;135,00;246,17
S;10;0;133,82;248,93
S;10;0;132,65;251,69
S;10;0;131,47;254,45
S;10;0;130,29;257,21
S;10;0;129,11;259,97
S;10;0;127,93;262,73
S;10;0;126,75;265,49
S;10;0;125,56;268,25
S;10;0;124,34;270,99
S;10;0;123,05;273,70
S;10;0;121,74;276,40
S;10;0;120,41;279,09
S;10;0;119,09;281,79
S;10;0;117,78;284,49
S;10;0;116,51;287,21
S;10;0;115,28;289,95
S;10;0;114,11;292,71
S;10;0;113,02;295,51
S;10;0;112,02;298,34
S;10;0;111,14;301,20
S;10;0;110,40;304,11
S;10;0;109,84;307,06
S;10;0;109,50;310,04
S;10;0;109,42;313,04
S;10;0;109,67;316,03
S;10;0;110,37;318,94
S;10;0;111,68;321,64
S;10;0;113,43;324,07
S;10;0;115,47;326,27
S;10;0;117,68;328,30
S;10;0;119,98;330,23
S;10;0;122,32;332,12
S;10;0;124,64;334,02
S;10;0;126,89;336,00
S;10;0;129,01;338,13
S;10;0;130,88;340,47
S;10;0;132,43;343,04
S;10;0;133,88;345,67
S;10;0;135,28;348,33
S;10;0;136,65;351,00
S;10;0;138,01;353,67
S;10;0;139,37;356,35
S;10;0;140,73;359,02
S;10;0;142,12;361,69
S;10;0;143,52;364,34
S;10;0;144,96;366,97
S;10;0;146,43;369,59
S;10;0;147,95;372,18
S;10;0;149,52;374,74
S;10;0;151,15;377,25
S;10;0;152,86;379,72
S;10;0;154,65;382,13
S;10;0;156,54;384,46
S;10;0;158,53;386,71
S;10;0;160,65;388,83
S;10;0;162,91;390,81
S;10;0;165,31;392,61
S;10;0;167,87;394,17
S;10;0;170,59;395,43
S;10;0;173,45;396,35
S;10;0;176,40;396,88
S;10;0;179,40;396,98
S;10;0;182,38;396,68
S;10;0;185,31;396,01
S;10;0;188,14;395,02
S;10;0;190,86;393,76
S;10;0;193,47;392,28
S;10;0;195,98;390,63
G;11;0000;l
S;11;0;148,42;160,11
S;11;0;149,78;162,78
S;11;0;150,89;165,57
S;11;0;151,75;168,44
S;11;0;152,35;171,38
S;11;0;152,69;174,36
S;11;0;152,80;177,36
S;11;0;152,68;180,36
S;11;0;152,37;183,34
S;11;0;151,89;186,30
S;11;0;151,25;189,23
S;11;0;150,49;192,13
S;11;0;149,61;195,00
S;11;0;148,63;197,84
S;11;0;147,58;200,65
S;11;0;146,46;203,43
S;11;0;145,28;206,19
S;11;0;144,06;208,93
S;11;0;142,81;211,66
S;11;0;141,53;214,37
S;11;0;140,24;217,08
S;11;0;138,94;219,78
S;11;0;137,66;222,49
S;11;0;136,38;225,21
S;11;0;135,14;227,94
S;11;0;133,95;230,69
S;11;0;132,82;233,47
S;11;0;131,72;236,26
S;11;0;130,63;239,06
S;11;0;129,55;241,86
S;11;0;128,48;244,66
S;11;0;127,42;247,47
S;11;0;126,37;250,28
S;11;0;125,33;253,09
S;11;0;124,30;255,91
S;11;0;123,27;258,73
S;11;0;122,25;261,55
S;11;0;121,23;264,37
S;11;0;120,22;267,20
S;11;0;119,22;270,02
S;11;0;118,22;272,85
S;11;0;117,22;275,68
S;11;0;116,22;278,51
S;11;0;115,23;281,34
S;11;0;114,24;284,17
S;11;0;113,25;287,00
S;11;0;112,25;289,84
S;11;0;111,26;292,67
S;11;0;110,27;295,50
S;11;0;109,27;298,33
S;11;0;108,28;301,16
S;11;0;107,27;303,98
S;11;0;106,26;306,81
S;11;0;105,24;309,63
S;11;0;104,21;312,45
S;11;0;103,19;315,27
S;11;0;102,16;318,09
S;11;0;101,13;320,90
S;11;0;100,11;323,72
S;11;0;99,09;326,55
S;11;0;98,08;329,37
S;11;0;97,08;332,20
S;11;0;96,09;335,03
S;11;0;95,12;337,87
S;11;0;94,16;340,71
S;11;0;93,22;343,56
S;11;0;92,30;346,42
S;11;0;91,41;349,28
S;11;0;90,54;352,15
S;11;0;89,70;355,03
S;11;0;88,89;357,92
S;11;0;88,11;360,82
S;11;0;87,36;363,73
S;11;0;86,66;366,64
S;11;0;85,99;369,57
S;11;0;85,36;372,50
S;11;0;84,78;375,44
S;11;0;84,24;378,39
S;11;0;83,76;381,36
S;11;0;83,32;384,32
S;11;0;82,95;387,30
S;11;0;82,62;390,28
S;11;0;82,36;393,27
S;11;0;82,15;396,26
S;11;0;82,01;399,26
G;12;0000;m
S;12;1;87,72;378,85
S;12;1;88,47;375,94
S;12;1;89,29;373,05
S;12;1;90,22;370,20
S;12;1;91,30;367,40
S;12;1;92,59;364,68
S;12;1;94,14;362,11
S;12;1;95,97;359,73
S;12;1;98,08;357,60
S;12;1;100,40;355,69
S;12;1;102,87;353,99
S;12;1;105,44;352,44
S;12;1;108,07;350,97
S;12;1;110,70;349,53
S;12;1;113,31;348,03
S;12;1;115,84;346,43
S;12;1;118,27;344,66
S;12;1;120,58;342,74
S;12;1;122,82;340,74
S;12;1;125,03;338,70
S;12;1;127,21;336,64
S;12;1;129,39;334,57
S;12;1;131,56;332,50
S;12;1;133,74;330,43
S;12;1;135,93;328,37
S;12;1;138,14;326,34
S;12;1;140,37;324,32
S;12;1;142,62;322,34
S;12;1;144,92;320,40
S;12;1;147,25;318,51
S;12;1;149,62;316,67
S;12;1;152,06;314,91
S;12;1;154,56;313,24
S;12;1;157,13;311,69
S;12;1;159,79;310,29
S;12;1;162,54;309,10
S;12;1;165,40;308,17
S;12;1;168,35;307,63
S;12;1;171,34;307,58
S;12;1;174,29;308,14
S;12;1;177,04;309,32
S;12;1;179,26;311,32
S;12;1;180,55;314,02
S;12;1;180,98;316,98
S;12;1;180,83;319,98
S;12;1;180,34;322,94
S;12;1;179,66;325,87
S;12;1;178,85;328,76
S;12;1;177,99;331,64
S;12;1;177,12;334,51
S;12;1;176,31;337,40
S;12;1;175,63;340,33
S;12;1;175,22;343,30
S;12;1;175,35;346,29
S;12;1;176,58;348,99
S;12;1;179,09;350,58
S;12;1;182,03;351,13
S;12;1;185,03;351,10
S;12;1;187,98;350,54
S;12;1;190,80;349,50
S;12;1;193,46;348,12
S;12;1;195,97;346,47
S;12;1;198,35;344,64
S;12;1;200,63;342,68
S;12;1;202,83;340,64
S;12;1;204,98;338,54
S;12;1;207,10;336,41
S;12;1;209,21;334,27
S;12;1;211,34;332,15
S;12;1;213,50;330,07
S;12;1;215,73;328,06
S;12;1;218,05;326,15
S;12;1;220,49;324,41
S;12;1;223,08;322,89
S;12;1;225,84;321,70
S;12;1;228,75;320,97
S;12;1;231,74;320,80
S;12;1;234,71;321,23
S;12;1;237,55;322,20
S;12;1;240,19;323,62
S;12;1;242,50;325,53
S;12;1;244,35;327,89
S;12;1;245,69;330,58
S;12;1;246,59;333,44
S;12;1;247,14;336,39
S;12;1;247,43;339,38
S;12;1;247,54;342,38
S;12;1;247,53;345,38
S;12;1;247,44;348,39
S;12;1;247,31;351,39
S;12;1;247,16;354,39
S;12;1;247,05;357,39
S;12;1;247,00;360,39
S;12;1;247,04;363,39
S;12;1;247,24;366,39
S;12;1;247,64;369,37
S;12;1;248,34;372,29
S;12;1;249,42;375,09
S;12;1;250,95;377,67
S;12;1;252,97;379,88
S;12;1;255,40;381,64
S;12;1;258,11;382,92
S;12;1;260,99;383,78
S;12;1;263,92;384,41
S;12;1;266,88;384,91
S;12;1;269,88;385,09
S;12;1;272,84;384,66
S;12;0;113,27;275,46
S;12;0;112,57;278,33
S;12;0;111,78;281,17
S;12;0;110,92;283,99
S;12;0;110,01;286,80
S;12;0;109,07;289,60
S;12;0;108,11;292,39
S;12;0;107,13;295,18
S;12;0;106,15;297,96
S;12;0;105,17;300,74
S;12;0;104,19;303,53
S;12;0;103,24;306,32
S;12;0;102,30;309,12
S;12;0;101,38;311,93
S;12;0;100,50;314,74
S;12;0;99,66;317,57
S;12;0;98,87;320,42
S;12;0;98,13;323,27
S;12;0;97,45;326,15
S;12;0;96,85;329,04
S;12;0;96,35;331,95
S;12;0;95,95;334,87
S;12;0;95,67;337,81
S;12;0;95,54;340,76
S;12;0;95,59;343,71
S;12;0;95,84;346,65
S;12;0;96,34;349,56
S;12;0;97,12;352,40
S;12;0;98,22;355,14
G;13;0000;n
S;13;1;109,09;347,87
S;13;1;112,10;347,73
S;13;1;115,07;347,20
S;13;1;117,98;346,38
S;13;1;120,82;345,35
S;13;1;123,59;344,17
S;13;1;126,32;342,86
S;13;1;128,99;341,47
S;13;1;131,63;339,99
S;13;1;134,23;338,46
S;13;1;136,81;336,89
S;13;1;139,36;335,28
S;13;1;141,89;333,64
S;13;1;144,42;331,98
S;13;1;146,93;330,30
S;13;1;149,44;328,62
S;13;1;151,94;326,93
S;13;1;154,45;325,25
S;13;1;156,96;323,58
S;13;1;159,48;321,92
S;13;1;162,02;320,28
S;13;1;164,58;318,68
S;13;1;167,16;317,12
S;13;1;169,78;315,61
S;13;1;172,43;314,17
S;13;1;175,13;312,82
S;13;1;177,89;311,60
S;13;1;180,73;310,56
S;13;1;183,64;309,75
S;13;1;186,62;309,31
S;13;1;189,63;309,41
S;13;1;192,52;310,25
S;13;1;195,05;311,89
S;13;1;197,28;313,92
S;13;1;199,20;316,25
S;13;1;200,73;318,85
S;13;1;201,85;321,64
S;13;1;202,59;324,57
S;13;1;202,99;327,56
S;13;1;203,12;330,58
S;13;1;203,05;333,59
S;13;1;202,82;336,61
S;13;1;202,49;339,61
S;13;1;202,09;342,60
S;13;1;201,65;345,59
S;13;1;201,22;348,57
S;13;1;200,81;351,57
S;13;1;200,47;354,57
S;13;1;200,24;357,58
S;13;1;200,15;360,59
S;13;1;200,26;363,61
S;13;1;200,62;366,61
S;13;1;201,28;369,55
S;13;1;202,32;372,38
S;13;1;203,73;375,05
S;13;1;205,52;377,47
S;13;1;207,64;379,63
S;13;1;210,01;381,49
S;13;1;212,57;383,09
S;13;0;124,46;279,00
S;13;0;124,52;282,00
S;13;0;124,36;284,99
S;13;0;124,00;287,96
S;13;0;123,44;290,91
S;13;0;122,70;293,81
S;13;0;121,81;296,67
S;13;0;120,79;299,49
S;13;0;119,68;302,28
S;13;0;118,51;305,04
S;13;0;117,31;307,79
S;13;0;116,12;310,54
S;13;0;114,96;313,30
S;13;0;113,86;316,09
S;13;0;112,84;318,91
S;13;0;111,93;321,76
S;13;0;111,16;324,66
S;13;0;110,59;327,60
S;13;0;110,18;330,57
S;13;0;109,84;333,55
S;13;0;109,52;336,53
S;13;0;109,14;339,51
S;13;0;108,66;342,46
S;13;0;108,00;345,39
S;13;0;107,07;348,24
S;13;0;105,82;350,96
S;13;0;104,34;353,57
S;13;0;102,74;356,10
S;13;0;101,10;358,61
S;13;0;99,48;361,13
S;13;0;97,93;363,70
S;13;0;96,53;366,35
S;13;0;95,38;369,11
S;13;0;94,61;372,01
S;13;0;94,39;374,99
G;14;0000;o
S;14;0;159,42;275,80
S;14;0;162,34;276,54
S;14;0;165,16;277,59
S;14;0;167,83;278,98
S;14;0;170,29;280,71
S;14;0;172,48;282,78
S;14;0;174,37;285,12
S;14;0;175,93;287,69
S;14;0;177,18;290,43
S;14;0;178,14;293,29
S;14;0;178,83;296,22
S;14;0;179,28;299,20
S;14;0;179,52;302,20
S;14;0;179,57;305,21
S;14;0;179,45;308,22
S;14;0;179,18;311,22
S;14;0;178,77;314,21
S;14;0;178,23;317,17
S;14;0;177,55;320,10
S;14;0;176,73;323,00
S;14;0;175,79;325,86
S;14;0;174,74;328,69
S;14;0;173,61;331,48
S;14;0;172,39;334,23
S;14;0;171,10;336,96
S;14;0;169,75;339,65
S;14;0;168,34;342,31
S;14;0;166,86;344,93
S;14;0;165,33;347,53
S;14;0;163,75;350,09
S;14;0;162,12;352,62
S;14;0;160,43;355,12
S;14;0;158,70;357,58
S;14;0;156,91;360,01
S;14;0;155,07;362,40
S;14;0;153,19;364,74
S;14;0;151,25;367,05
S;14;0;149,25;369,31
S;14;0;147,21;371,52
S;14;0;145,10;373,67
S;14;0;142,94;375,77
S;14;0;140,72;377,81
S;14;0;138,44;379,77
S;14;0;136,09;381,65
S;14;0;133,67;383,45
S;14;0;131,18;385,15
S;14;0;128,62;386,73
S;14;0;125,98;388,18
S;14;0;123,26;389,48
S;14;0;120,47;390,61
S;14;0;117,60;391,53
S;14;0;114,67;392,23
S;14;0;111,69;392,66
S;14;0;108,68;392,80
S;14;0;105,68;392,62
S;14;0;102,72;392,05
S;14;0;99,89;391,05
S;14;0;97,26;389,58
S;14;0;94,92;387,69
S;14;0;92,93;385,43
S;14;0;91,29;382,91
S;14;0;89,99;380,19
S;14;0;88,99;377,35
S;14;0;88,26;374,43
S;14;0;87,75;371,46
S;14;0;87,43;368,47
S;14;0;87,30;365,46
S;14;0;87,33;362,45
S;14;0;87,50;359,44
S;14;0;87,81;356,44
S;14;0;88,26;353,47
S;14;0;88,85;350,51
S;14;0;89,58;347,59
S;14;0;90,48;344,72
S;14;0;91,56;341,90
S;14;0;92,80;339,16
S;14;0;94,17;336,47
S;14;0;95,64;333,85
S;14;0;97,20;331,27
S;14;0;98,82;328,73
S;14;0;100,47;326,21
S;14;0;102,15;323,71
S;14;0;103,83;321,21
S;14;0;105,49;318,70
S;14;0;107,17;316,19
S;14;0;108,87;313,71
S;14;0;110,60;311,24
S;14;0;112,37;308,80
S;14;0;114,17;306,39
S;14;0;116,03;304,02
S;14;0;117,93;301,68
S;14;0;119,90;299,40
S;14;0;121,93;297,17
S;14;0;124,03;295,02
S;14;0;126,20;292,93
S;14;0;128,46;290,94
S;14;0;130,80;289,04
S;14;0;133,22;287,24
S;14;0;135,72;285,56
S;14;0;138,29;284,00
S;14;0;140,94;282,57
S;14;0;143,66;281,27
S;14;0;146,44;280,11
S;14;0;149,27;279,08
S;14;0;152,14;278,18
S;14;0;155,05;277,40
S;14;0;158,00;276,75
S;14;0;160,96;276,22
G;15;0000;p
S;15;1;123,42;298,63
S;15;1;126,34;299,20
S;15;1;129,31;299,38
S;15;1;132,29;299,23
S;15;1;135,23;298,80
S;15;1;138,14;298,17
S;15;1;141,02;297,40
S;15;1;143,87;296,54
S;15;1;146,71;295,63
S;15;1;149,55;294,73
S;15;1;152,40;293,88
S;15;1;155,28;293,14
S;15;1;158,20;292,54
S;15;1;161,16;292,18
S;15;1;164,13;292,11
S;15;1;167,10;292,39
S;15;1;169,99;293,09
S;15;1;172,75;294,20
S;15;1;175,33;295,67
S;15;1;177,71;297,46
S;15;1;179,87;299,51
S;15;1;181,74;301,83
S;15;1;183,28;304,38
S;15;1;184,46;307,11
S;15;1;185,29;309,97
S;15;1;185,77;312,91
S;15;1;185,94;315,88
S;15;1;185,82;318,85
S;15;1;185,44;321,81
S;15;1;184,92;324,74
S;15;1;184,26;327,65
S;15;1;183,48;330,52
S;15;1;182,57;333,35
S;15;1;181,51;336,14
S;15;1;180,30;338,86
S;15;1;178,91;341,49
S;15;1;177,32;344,01
S;15;1;175,52;346,38
S;15;1;173,52;348,59
S;15;1;171,39;350,67
S;15;1;169,14;352,62
S;15;1;166,81;354,48
S;15;1;164,41;356,24
S;15;1;161,95;357,92
S;15;1;159,44;359,51
S;15;1;156,88;361,03
S;15;1;154,27;362,48
S;15;1;151,63;363,86
S;15;1;148,95;365,16
S;15;1;146,24;366,40
S;15;1;143,50;367,56
S;15;1;140,73;368,66
S;15;1;137,93;369,68
S;15;1;135,11;370,62
S;15;1;132,26;371,48
S;15;1;129,38;372,26
S;15;1;126,48;372,95
S;15;1;123,56;373,54
S;15;1;120,63;374,02
S;15;1;117,67;374,38
S;15;1;114,70;374,61
S;15;1;111,72;374,69
S;15;1;108,75;374,60
S;15;1;105,78;374,32
S;15;1;102,85;373,81
S;15;1;99,97;373,04
S;15;1;97,19;371,99
S;15;1;94,55;370,61
S;15;0;128,29;258,13
S;15;0;128,12;261,14
S;15;0;127,90;264,14
S;15;0;127,65;267,14
S;15;0;127,36;270,13
S;15;0;127,02;273,13
S;15;0;126,64;276,11
S;15;0;126,22;279,09
S;15;0;125,75;282,07
S;15;0;125,23;285,03
S;15;0;124,64;287,98
S;15;0;124,00;290,92
S;15;0;123,28;293,85
S;15;0;122,48;296,75
S;15;0;121,58;299,62
S;15;0;120,50;302,43
S;15;0;119,21;305,15
S;15;0;117,74;307,78
S;15;0;116,18;310,35
S;15;0;114,58;312,90
S;15;0;113,00;315,46
S;15;0;111,49;318,07
S;15;0;110,12;320,75
S;15;0;108,87;323,49
S;15;0;107,68;326,25
S;15;0;106,54;329,04
S;15;0;105,44;331,84
S;15;0;104,38;334,66
S;15;0;103,35;337,49
S;15;0;102,35;340,32
S;15;0;101,36;343,17
S;15;0;100,38;346,02
S;15;0;99,41;348,86
S;15;0;98,43;351,71
S;15;0;97,45;354,56
S;15;0;96,48;357,41
S;15;0;95,51;360,26
S;15;0;94,55;363,11
S;15;0;93,59;365,96
S;15;0;92,64;368,82
S;15;0;91,70;371,68
S;15;0;90,76;374,54
S;15;0;89,82;377,40
S;15;0;88,90;380,27
S;15;0;87,98;383,13
S;15;0;87,06;386,00
S;15;0;86,15;388,87
S;15;0;85,25;391,74
S;15;0;84,36;394,62
S;15;0;83,47;397,49
S;15;0;82,59;400,37
S;15;0;81,71;403,25
S;15;0;80,84;406,13
S;15;0;79,98;409,02
S;15;0;79,13;411,91
S;15;0;78,28;414,80
S;15;0;77,45;417,69
S;15;0;76,62;420,58
S;15;0;75,80;423,48
S;15;0;74,98;426,38
S;15;0;74,18;429,28
S;15;0;73,38;432,18
S;15;0;72,61;435,09
S;15;0;71,88;438,01
S;15;0;71,17;440,94
S;15;0;70,49;443,87
S;15;0;69,82;446,80
S;15;0;69,17;449,74
S;15;0;68,53;452,68
S;15;0;67,89;455,63
S;15;0;67,25;458,57
S;15;0;66,61;461,51
S;15;0;65,95;464,45
S;15;0;65,28;467,38
S;15;0;64,58;470,31
S;15;0;63,86;473,23
S;15;0;63,11;476,15
S;15;0;62,33;479,05
S;15;0;61,50;481,95
S;15;0;60,63;484,83
G;16;0000;q
S;16;0;154,80;349,44
S;16;0;151,83;349,21
S;16;0;148,86;349,60
S;16;0;145,96;350,31
S;16;0;143,10;351,20
S;16;0;140,28;352,19
S;16;0;137,48;353,26
S;16;0;134,70;354,36
S;16;0;131,92;355,48
S;16;0;129,15;356,60
S;16;0;126,36;357,70
S;16;0;123,57;358,77
S;16;0;120,76;359,79
S;16;0;117,92;360,74
S;16;0;115,05;361,60
S;16;0;112,15;362,32
S;16;0;109,21;362,86
S;16;0;106,23;363,15
S;16;0;103,24;363,07
S;16;0;100,31;362,48
S;16;0;97,61;361,21
S;16;0;95,39;359,22
S;16;0;93,77;356,71
S;16;0;92,72;353,92
S;16;0;92,10;350,99
S;16;0;91,81;348,01
S;16;0;91,95;345,03
S;16;0;92,52;342,09
S;16;0;93,39;339,23
S;16;0;94,47;336,44
S;16;0;95,71;333,71
S;16;0;97,07;331,05
S;16;0;98,54;328,45
S;16;0;100,10;325,89
S;16;0;101,73;323,38
S;16;0;103,43;320,92
S;16;0;105,19;318,50
S;16;0;107,00;316,12
S;16;0;108,86;313,77
S;16;0;110,77;311,47
S;16;0;112,72;309,20
S;16;0;114,72;306,97
S;16;0;116,75;304,77
S;16;0;118,82;302,61
S;16;0;120,93;300,49
S;16;0;123,08;298,40
S;16;0;125,26;296,36
S;16;0;127,48;294,35
S;16;0;129,74;292,39
S;16;0;132,03;290,47
S;16;0;134,36;288,59
S;16;0;136,74;286,77
S;16;0;139,15;285,00
S;16;0;141,60;283,28
S;16;0;144,10;281,63
S;16;0;146,64;280,06
S;16;0;149,23;278,56
S;16;0;151,87;277,15
S;16;0;154,57;275,85
S;16;0;157,31;274,66
S;16;0;160,12;273,62
S;16;0;162,98;272,75
S;16;0;165,90;272,09
S;16;0;168,86;271,69
S;16;0;171,85;271,60
S;16;0;174,83;271,89
S;16;0;177,72;272,64
S;16;0;180,44;273,88
S;16;0;182,89;275,59
S;16;0;185,00;277,71
S;16;0;186,75;280,13
S;16;0;188,13;282,79
S;16;0;189,08;285,62
S;16;0;189,60;288,56
S;16;0;189,70;291,55
S;16;0;189,44;294,53
S;16;0;188,88;297,47
S;16;0;188,07;300,35
S;16;0;187,07;303,17
S;16;0;185,90;305,93
S;16;0;184,61;308,63
S;16;0;183,21;311,27
S;16;0;181,72;313,87
S;16;0;180,17;316,42
S;16;0;178,55;318,94
S;16;0;176,90;321,43
S;16;0;175,20;323,90
S;16;0;173,48;326,35
S;16;0;171,75;328,79
S;16;0;170,01;331,23
S;16;0;168,28;333,67
S;16;0;166,58;336,13
S;16;0;164,94;338,63
S;16;0;163,41;341,21
S;16;0;162,08;343,88
S;16;0;160,92;346,64
S;16;0;159,94;349,47
S;16;0;159,09;352,34
S;16;0;158,36;355,24
S;16;0;157,72;358,16
S;16;0;157,14;361,10
S;16;0;156,58;364,04
S;16;0;156,04;366,98
S;16;0;155,47;369,92
S;16;0;154,84;372,85
S;16;0;154,15;375,76
S;16;0;153,34;378,64
S;16;0;152,47;381,50
S;16;0;151,55;384,35
S;16;0;150,62;387,19
S;16;0;149,67;390,03
S;16;0;148,72;392,87
S;16;0;147,76;395,71
S;16;0;146,81;398,54
S;16;0;145,87;401,38
S;16;0;144,93;404,22
S;16;0;144,01;407,07
S;16;0;143,10;409,92
S;16;0;142,20;412,78
S;16;0;141,33;415,64
S;16;0;140,48;418,51
S;16;0;139,65;421,38
S;16;0;138,85;424,27
S;16;0;138,08;427,16
S;16;0;137,34;430,06
S;16;0;136,63;432,97
S;16;0;135,97;435,88
S;16;0;135,34;438,81
S;16;0;134,77;441,75
S;16;0;134,24;444,69
S;16;0;133,78;447,65
S;16;0;133,37;450,61
S;16;0;133,03;453,59
S;16;0;132,78;456,57
S;16;0;132,60;459,56
S;16;0;132,52;462,55
S;16;0;132,55;465,54
S;16;0;132,70;468,53
S;16;0;132,99;471,51
S;16;0;133,43;474,47
S;16;0;134,04;477,40
S;16;0;134,84;480,28
S;16;0;135,85;483,09
S;16;0;137,09;485,82
S;16;0;138,58;488,41
S;16;0;140,31;490,85
S;16;0;142,29;493,10
S;16;0;144,49;495,12
G;17;0000;r
S;17;1;109,40;335,75
S;17;1;112,17;334,71
S;17;1;114,87;333,48
S;17;1;117,48;332,09
S;17;1;120,04;330,60
S;17;1;122,54;329,01
S;17;1;124,99;327,35
S;17;1;127,41;325,63
S;17;1;129,79;323,87
S;17;1;132,14;322,07
S;17;1;134,48;320,25
S;17;1;136,80;318,41
S;17;1;139,11;316,56
S;17;1;141,42;314,70
S;17;1;143,73;312,84
S;17;1;146,03;310,99
S;17;1;148,35;309,14
S;17;1;150,68;307,31
S;17;1;153,02;305,49
S;17;1;155,38;303,71
S;17;1;157,77;301,95
S;17;1;160,18;300,23
S;17;1;162,62;298,56
S;17;1;165,10;296,94
S;17;1;167,62;295,38
S;17;1;170,19;293,90
S;17;1;172,81;292,52
S;17;1;175,48;291,23
S;17;1;178,20;290,07
S;17;1;180,99;289,06
S;17;1;183,83;288,22
S;17;1;186,72;287,59
S;17;1;189,65;287,18
S;17;1;192,61;287,03
S;17;1;195,57;287,16
S;17;1;198,50;287,58
S;17;1;201,37;288,31
S;17;1;204,15;289,32
S;17;1;206,82;290,59
S;17;1;209,37;292,10
S;17;0;128,01;267,09
S;17;0;126,86;269,89
S;17;0;125,67;272,67
S;17;0;124,45;275,44
S;17;0;123,20;278,20
S;17;0;121,95;280,95
S;17;0;120,69;283,70
S;17;0;119,43;286,45
S;17;0;118,19;289,21
S;17;0;116,97;291,98
S;17;0;115,77;294,76
S;17;0;114,62;297,56
S;17;0;113,52;300,38
S;17;0;112,48;303,22
S;17;0;111,50;306,09
S;17;0;110,61;308,98
S;17;0;109,80;311,89
S;17;0;109,13;314,84
S;17;0;108,63;317,83
S;17;0;108,28;320,83
S;17;0;108,02;323,85
S;17;0;107,82;326,87
S;17;0;107,62;329,89
S;17;0;107,38;332,90
S;17;0;107,05;335,91
S;17;0;106,59;338,90
S;17;0;105,96;341,86
S;17;0;105,15;344,78
S;17;0;104,23;347,66
S;17;0;103,23;350,51
S;17;0;102,17;353,35
S;17;0;101,08;356,17
S;17;0;99,98;358,99
S;17;0;98,89;361,81
S;17;0;97,82;364,65
S;17;0;96,80;367,49
S;17;0;95,84;370,36
S;17;0;94,97;373,26
S;17;0;94,21;376,19
S;17;0;93,59;379,15
S;17;0;93,14;382,15
S;17;0;92,88;385,16
S;17;0;92,84;388,18
S;17;0;93,05;391,20
S;17;0;93,53;394,19
G;18;0000;s
S;18;0;176,32;296,86
S;18;0;178,26;294,56
S;18;0;180,06;292,14
S;18;0;181,71;289,62
S;18;0;183,23;287,02
S;18;0;184,59;284,34
S;18;0;185,80;281,58
S;18;0;186,81;278,74
S;18;0;187,61;275,84
S;18;0;188,13;272,88
S;18;0;188,30;269,87
S;18;0;187,99;266,88
S;18;0;187,05;264,03
S;18;0;185,37;261,53
S;18;0;183,05;259,64
S;18;0;180,31;258,40
S;18;0;177,38;257,71
S;18;0;174,38;257,45
S;18;0;171,37;257,50
S;18;0;168,37;257,79
S;18;0;165,42;258,35
S;18;0;162,54;259,25
S;18;0;159,74;260,36
S;18;0;157,01;261,61
S;18;0;154,32;262,98
S;18;0;151,69;264,44
S;18;0;149,09;265,96
S;18;0;146,53;267,55
S;18;0;144,00;269,19
S;18;0;141,51;270,87
S;18;0;139,04;272,60
S;18;0;136,60;274,37
S;18;0;134,20;276,18
S;18;0;131,82;278,02
S;18;0;129,46;279,91
S;18;0;127,14;281,83
S;18;0;124,85;283,78
S;18;0;122,60;285,78
S;18;0;120,38;287,82
S;18;0;118,20;289,90
S;18;0;116,08;292,03
S;18;0;114,02;294,23
S;18;0;112,03;296,49
S;18;0;110,16;298,85
S;18;0;108,47;301,34
S;18;0;106,97;303,95
S;18;0;105,55;306,61
S;18;0;104,22;309,31
S;18;0;103,01;312,07
S;18;0;101,93;314,88
S;18;0;101,01;317,75
S;18;0;100,29;320,67
S;18;0;99,81;323,64
S;18;0;99,62;326,65
S;18;0;99,77;329,65
S;18;0;100,31;332,62
S;18;0;101,25;335,47
S;18;0;102,57;338,18
S;18;0;104,23;340,69
S;18;0;106,15;343,01
S;18;0;108,28;345,14
S;18;0;110,55;347,11
S;18;0;112,94;348,95
S;18;0;115,39;350,70
S;18;0;117,89;352,37
S;18;0;120,42;354,01
S;18;0;122,96;355,63
S;18;0;125,50;357,25
S;18;0;128,01;358,91
S;18;0;130,49;360,63
S;18;0;132,90;362,43
S;18;0;135,23;364,33
S;18;0;137,45;366,37
S;18;0;139,52;368,56
S;18;0;141,40;370,91
S;18;0;143,03;373,44
S;18;0;144,38;376,13
S;18;0;145,40;378,96
S;18;0;146,11;381,89
S;18;0;146,41;384,88
S;18;0;146,15;387,88
S;18;0;145,19;390,72
S;18;0;143,50;393,20
S;18;0;141,24;395,19
S;18;0;138,62;396,68
S;18;0;135,81;397,76
S;18;0;132,90;398,51
S;18;0;129,93;399,02
S;18;0;126,94;399,32
S;18;0;123,93;399,45
S;18;0;120,92;399,44
S;18;0;117,91;399,32
S;18;0;114,90;399,09
S;18;0;111,91;398,76
S;18;0;108,93;398,34
S;18;0;105,96;397,84
S;18;0;103,00;397,25
S;18;0;100,07;396,58
S;18;0;97,15;395,83
S;18;0;94,26;394,98
S;18;0;91,41;394,03
S;18;0;88,60;392,93
S;18;0;85,89;391,62
G;19;0000;t
S;19;1;98,96;262,37
S;19;1;101,91;262,28
S;19;1;104,84;262,63
S;19;1;107,73;263,25
S;19;1;110,58;264,01
S;19;1;113,44;264,78
S;19;1;116,32;265,43
S;19;1;119,25;265,83
S;19;1;122,20;265,84
S;19;1;125,09;265,24
S;19;1;127,84;264,19
S;19;1;130,51;262,92
S;19;1;133,14;261,58
S;19;1;135,80;260,30
S;19;1;138,56;259,22
S;19;1;141,43;258,55
S;19;1;144,37;258,31
S;19;1;147,32;258,42
S;19;1;150,25;258,78
S;19;1;153,16;259,29
S;19;1;156,06;259,87
S;19;1;158,97;260,41
S;19;1;161,89;260,84
S;19;1;164,83;261,05
S;19;1;167,79;260,95
S;19;1;170,71;260,53
S;19;1;173,59;259,87
S;19;1;176,45;259,13
S;19;1;179,34;258,54
S;19;1;182,29;258,40
S;19;1;185,18;258,96
S;19;0;161,14;207,14
S;19;0;159,16;209,39
S;19;0;157,30;211,74
S;19;0;155,57;214,18
S;19;0;153,95;216,70
S;19;0;152,44;219,29
S;19;0;151,01;221,92
S;19;0;149,67;224,60
S;19;0;148,39;227,31
S;19;0;147,15;230,04
S;19;0;145,96;232,79
S;19;0;144,78;235,54
S;19;0;143,61;238,30
S;19;0;142,43;241,06
S;19;0;141,23;243,80
S;19;0;139,99;246,53
S;19;0;138,69;249,23
S;19;0;137,32;251,89
S;19;0;135,83;254,49
S;19;0;134,25;257,03
S;19;0;132,61;259,54
S;19;0;130,95;262,03
S;19;0;129,27;264,52
S;19;0;127,63;267,02
S;19;0;126,02;269,55
S;19;0;124,50;272,13
S;19;0;123,08;274,77
S;19;0;121,71;277,44
S;19;0;120,37;280,11
S;19;0;119,06;282,81
S;19;0;117,77;285,51
S;19;0;116,50;288,23
S;19;0;115,27;290,96
S;19;0;114,06;293,70
S;19;0;112,88;296,45
S;19;0;111,73;299,22
S;19;0;110,60;302,00
S;19;0;109,51;304,79
S;19;0;108,45;307,59
S;19;0;107,43;310,40
S;19;0;106,44;313,23
S;19;0;105,48;316,07
S;19;0;104,56;318,92
S;19;0;103,67;321,78
S;19;0;102,82;324,66
S;19;0;102,02;327,54
S;19;0;101,25;330,44
S;19;0;100,53;333,35
S;19;0;99,85;336,26
S;19;0;99,21;339,19
S;19;0;98,63;342,13
S;19;0;98,09;345,08
S;19;0;97,61;348,03
S;19;0;97,18;351,00
S;19;0;96,80;353,97
S;19;0;96,48;356,95
S;19;0;96,22;359,94
S;19;0;96,03;362,92
S;19;0;95,90;365,92
S;19;0;95,84;368,91
S;19;0;95,92;371,91
S;19;0;96,24;374,89
S;19;0;96,84;377,82
S;19;0;97,75;380,67
S;19;0;99,01;383,39
S;19;0;100,65;385,89
S;19;0;102,65;388,12
S;19;0;104,96;390,02
S;19;0;107,52;391,57
S;19;0;110,26;392,78
S;19;0;113,12;393,66
S;19;0;116,06;394,26
S;19;0;119,03;394,62
S;19;0;122,02;394,76
S;19;0;125,02;394,71
S;19;0;128,01;394,50
S;19;0;130,98;394,14
S;19;0;133,94;393,66
S;19;0;136,87;393,05
S;19;0;139,78;392,34
S;19;0;142,66;391,52
S;19;0;145,52;390,61
S;19;0;148,34;389,61
S;19;0;151,13;388,52
S;19;0;153,89;387,34
S;19;0;156,61;386,08
S;19;0;159,28;384,73
S;19;0;161,91;383,30
S;19;0;164,49;381,77
S;19;0;167,00;380,14
S;19;0;169,44;378,40
S;19;0;171,79;376,55
S;19;0;174,03;374,55
S;19;0;176,10;372,39
G;20;0000;u
S;20;1;161,45;355,85
S;20;1;162,33;358,62
S;20;1;163,15;361,42
S;20;1;163,93;364,23
S;20;1;164,66;367,04
S;20;1;165,38;369,86
S;20;1;166,12;372,68
S;20;1;166,89;375,49
S;20;1;167,74;378,28
S;20;1;168,68;381,03
S;20;1;169,76;383,73
S;20;1;170,98;386,37
S;20;1;172,36;388,94
S;20;1;173,89;391,41
S;20;1;175,57;393,80
S;20;1;177,37;396,09
S;20;1;179,28;398,28
S;20;0;124,33;276,22
S;20;0;123,07;278,95
S;20;0;121,80;281,67
S;20;0;120,53;284,39
S;20;0;119,26;287,11
S;20;0;117,99;289,83
S;20;0;116,74;292,56
S;20;0;115,50;295,30
S;20;0;114,27;298,04
S;20;0;113,06;300,79
S;20;0;111,86;303,54
S;20;0;110,69;306,31
S;20;0;109,53;309,08
S;20;0;108,40;311,86
S;20;0;107,29;314,65
S;20;0;106,20;317,45
S;20;0;105,15;320,26
S;20;0;104,12;323,09
S;20;0;103,13;325,92
S;20;0;102,18;328,77
S;20;0;101,26;331,63
S;20;0;100,39;334,50
S;20;0;99,57;337,39
S;20;0;98,81;340,30
S;20;0;98,11;343,22
S;20;0;97,48;346,15
S;20;0;96,93;349,11
S;20;0;96,47;352,07
S;20;0;96,12;355,06
S;20;0;95,90;358,05
S;20;0;95,84;361,05
S;20;0;95,95;364,06
S;20;0;96,30;367,04
S;20;0;96,92;369,97
S;20;0;97,88;372,82
S;20;0;99,24;375,49
S;20;0;101,03;377,90
S;20;0;103,22;379,95
S;20;0;105,77;381,52
S;20;0;108,60;382,50
S;20;0;111,58;382,87
S;20;0;114,57;382,67
S;20;0;117,51;382,04
S;20;0;120,35;381,08
S;20;0;123,10;379,87
S;20;0;125,76;378,47
S;20;0;128,33;376,92
S;20;0;130,83;375,26
S;20;0;133,27;373,51
S;20;0;135,66;371,69
S;20;0;138,02;369,83
S;20;0;140,35;367,93
S;20;0;142,65;366,00
S;20;0;144,90;364,02
S;20;0;147,12;362,00
S;20;0;149,30;359,93
S;20;0;151,43;357,81
S;20;0;153,52;355,65
S;20;0;155,55;353,44
S;20;0;157,54;351,19
S;20;0;159,47;348,88
S;20;0;161,34;346,54
S;20;0;163,15;344,14
S;20;0;164,90;341,70
S;20;0;166,58;339,21
S;20;0;168,20;336,68
S;20;0;169,76;334,11
S;20;0;171,24;331,50
S;20;0;172,66;328,86
S;20;0;174,01;326,17
S;20;0;175,29;323,46
S;20;0;176,50;320,71
S;20;0;177,65;317,93
S;20;0;178,73;315,13
S;20;0;179,74;312,30
S;20;0;180,69;309,45
S;20;0;181,58;306,58
S;20;0;182,41;303,70
S;20;0;183,18;300,80
S;20;0;183,90;297,88
S;20;0;184,56;294,95
S;20;0;185,17;292,01
S;20;0;185,73;289,06
S;20;0;186,25;286,10
G;21;0000;v
S;21;0;92,59;283,94
S;21;0;93,20;286,87
S;21;0;93,79;289,80
S;21;0;94,38;292,74
S;21;0;94,97;295,67
S;21;0;95,57;298,60
S;21;0;96,17;301,53
S;21;0;96,78;304,46
S;21;0;97,40;307,39
S;21;0;98,03;310,32
S;21;0;98,67;313,24
S;21;0;99,32;316,16
S;21;0;99,99;319,08
S;21;0;100,67;321,99
S;21;0;101,36;324,90
S;21;0;102,08;327,81
S;21;0;102,81;330,71
S;21;0;103,56;333,61
S;21;0;104,34;336,49
S;21;0;105,15;339,38
S;21;0;105,98;342,25
S;21;0;106,86;345,11
S;21;0;107,77;347,96
S;21;0;108,74;350,79
S;21;0;109,77;353,60
S;21;0;110,88;356,38
S;21;0;112,10;359,11
S;21;0;113,48;361,77
S;21;0;115,10;364,28
S;21;0;117,18;366,42
S;21;0;119,94;367,50
S;21;0;122,92;367,58
S;21;0;125,82;366,85
S;21;0;128,50;365,53
S;21;0;130,97;363,85
S;21;0;133,27;361,93
S;21;0;135,43;359,87
S;21;0;137,50;357,70
S;21;0;139,50;355,48
S;21;0;141,51;353,26
S;21;0;143,54;351,07
S;21;0;145,55;348,85
S;21;0;147,53;346,60
S;21;0;149,49;344,34
S;21;0;151,42;342,05
S;21;0;153,33;339,75
S;21;0;155,22;337,43
S;21;0;157,08;335,09
S;21;0;158,93;332,74
S;21;0;160,76;330,37
S;21;0;162,58;327,99
S;21;0;164,38;325,60
S;21;0;166,16;323,20
S;21;0;167,93;320,78
S;21;0;169,69;318,36
S;21;0;171,44;315,93
S;21;0;173,17;313,50
S;21;0;174,90;311,05
S;21;0;176,62;308,60
S;21;0;178,33;306,15
S;21;0;180,04;303,69
S;21;0;181,74;301,23
S;21;0;183,44;298,77
S;21;0;185,14;296,31
S;21;0;186,84;293,84
S;21;0;188,53;291,37
S;21;0;190,23;288,91
G;22;0000;w
S;22;1;161,05;341,44
S;22;1;162,27;344,16
S;22;1;163,22;346,98
S;22;1;164,00;349,86
S;22;1;164,67;352,76
S;22;1;165,30;355,67
S;22;1;165,98;358,57
S;22;1;166,77;361,45
S;22;1;167,75;364,26
S;22;1;168,99;366,96
S;22;1;170,57;369,49
S;22;1;172,50;371,76
S;22;1;174,75;373,71
S;22;1;177,27;375,29
S;22;1;180,10;376,19
S;22;1;183,07;376,34
S;22;1;186,01;375,90
S;22;1;188,87;375,07
S;22;1;191,66;374,01
S;22;1;194,39;372,84
S;22;1;197,08;371,56
S;22;1;199,72;370,16
S;22;1;202,29;368,66
S;22;1;204,80;367,06
S;22;1;207,25;365,35
S;22;1;209,63;363,56
S;22;1;211,94;361,68
S;22;1;214,18;359,72
S;22;1;216,36;357,68
S;22;1;218,47;355,58
S;22;1;220,52;353,42
S;22;1;222,50;351,20
S;22;1;224,43;348,92
S;22;1;226,30;346,60
S;22;1;228,12;344,24
S;22;1;229,88;341,84
S;22;1;231,60;339,40
S;22;1;233,27;336,94
S;22;1;234,89;334,44
S;22;1;236,48;331,92
S;22;1;238,03;329,37
S;22;1;239,55;326,81
S;22;1;241,03;324,23
S;22;1;242,49;321,63
S;22;1;243,93;319,02
S;22;1;245,34;316,39
S;22;1;246,73;313,76
S;22;1;248,11;311,12
S;22;1;249,48;308,47
S;22;1;250,84;305,82
S;22;1;252,20;303,16
S;22;1;253,55;300,51
S;22;0;111,70;278,18
S;22;0;110,90;281,07
S;22;0;110,14;283,98
S;22;0;109,41;286,89
S;22;0;108,71;289,81
S;22;0;108,03;292,73
S;22;0;107,37;295,66
S;22;0;106,73;298,59
S;22;0;106,12;301,53
S;22;0;105,53;304,48
S;22;0;104,97;307,42
S;22;0;104,43;310,38
S;22;0;103,92;313,34
S;22;0;103,43;316,30
S;22;0;102,98;319,27
S;22;0;102,56;322,24
S;22;0;102,18;325,21
S;22;0;101,83;328,20
S;22;0;101,53;331,18
S;22;0;101,27;334,17
S;22;0;101,07;337,17
S;22;0;100,92;340,17
S;22;0;100,84;343,17
S;22;0;100,85;346,17
S;22;0;100,94;349,17
S;22;0;101,15;352,16
S;22;0;101,49;355,15
S;22;0;102,00;358,10
S;22;0;102,73;361,01
S;22;0;103,75;363,84
S;22;0;105,15;366,49
S;22;0;107,04;368,80
S;22;0;109,49;370,52
S;22;0;112,35;371,40
S;22;0;115,34;371,42
S;22;0;118,17;370,45
S;22;0;120,85;369,09
S;22;0;123,42;367,54
S;22;0;125,92;365,88
S;22;0;128,36;364,13
S;22;0;130,76;362,33
S;22;0;133,12;360,48
S;22;0;135,46;358,59
S;22;0;137,76;356,67
S;22;0;140,04;354,71
S;22;0;142,29;352,73
S;22;0;144,52;350,72
S;22;0;146,73;348,69
S;22;0;148,91;346,62
S;22;0;151,06;344,53
S;22;0;153,19;342,41
S;22;0;155,29;340,26
S;22;0;157,34;338,08
S;22;0;159,34;335,84
S;22;0;161,27;333,54
S;22;0;163,06;331,13
S;22;0;164,57;328,54
S;22;0;165,93;325,86
S;22;0;167,18;323,14
S;22;0;168,35;320,37
S;22;0;169,45;317,58
S;22;0;170,50;314,76
S;22;0;171,51;311,94
S;22;0;172,51;309,11
S;22;0;173,51;306,28
S;22;0;174,53;303,45
S;22;0;175,59;300,65
S;22;0;176,71;297,86
S;22;0;177,90;295,11
S;22;0;179,18;292,39
S;22;0;180,57;289,73
S;22;0;182,07;287,13
G;23;0000;x
S;23;1;74,46;382,78
S;23;1;77,09;381,36
S;23;1;79,63;379,78
S;23;1;82,09;378,08
S;23;1;84,47;376,27
S;23;1;86,79;374,38
S;23;1;89,05;372,42
S;23;1;91,26;370,40
S;23;1;93,42;368,33
S;23;1;95,55;366,23
S;23;1;97,64;364,09
S;23;1;99,70;361,93
S;23;1;101,74;359,73
S;23;1;103,76;357,52
S;23;1;105,75;355,29
S;23;1;107,73;353,05
S;23;1;109,70;350,80
S;23;1;111,66;348,54
S;23;1;113,61;346,27
S;23;1;115,56;344,00
S;23;1;117,51;341,73
S;23;1;119,47;339,47
S;23;1;121,43;337,21
S;23;1;123,41;334,97
S;23;1;125,40;332,74
S;23;1;127,43;330,54
S;23;1;129,49;328,37
S;23;1;131,60;326,25
S;23;1;133,81;324,23
S;23;1;136,11;322,32
S;23;1;138,48;320,50
S;23;1;140,91;318,75
S;23;1;143,38;317,07
S;23;1;145,88;315,42
S;23;1;148,40;313,81
S;23;1;150,92;312,19
S;23;1;153,43;310,57
S;23;1;155,92;308,91
S;23;1;158,37;307,20
S;23;1;160,78;305,43
S;23;1;163,13;303,57
S;23;1;165,39;301,61
S;23;1;167,60;299,60
S;23;1;169,79;297,56
S;23;1;172,02;295,57
S;23;1;174,34;293,68
S;23;1;176,80;291,97
S;23;1;179,40;290,50
S;23;1;182,14;289,30
S;23;0;103,78;283,06
S;23;0;105,38;285,57
S;23;0;106,82;288,18
S;23;0;108,14;290,86
S;23;0;109,34;293,58
S;23;0;110,47;296,34
S;23;0;111,56;299,11
S;23;0;112,65;301,89
S;23;0;113,77;304,65
S;23;0;114,96;307,38
S;23;0;116,24;310,07
S;23;0;117,70;312,67
S;23;0;119,36;315,14
S;23;0;121,09;317,57
S;23;0;122,74;320,05
S;23;0;124,16;322,66
S;23;0;125,18;325,46
S;23;0;125,62;328,40
S;23;0;125,62;331,38
S;23;0;125,45;334,36
S;23;0;125,38;337,34
S;23;0;125,67;340,30
S;23;0;126,55;343,14
S;23;0;127,75;345,87
S;23;0;129,10;348,52
S;23;0;130,59;351,11
S;23;0;132,17;353,63
S;23;0;133,85;356,09
S;23;0;135,61;358,50
S;23;0;137,44;360,85
S;23;0;139,33;363,16
S;23;0;141,27;365,42
S;23;0;143,27;367,63
S;23;0;145,31;369,80
S;23;0;147,39;371,93
S;23;0;149,52;374,01
S;23;0;151,69;376,06
S;23;0;153,89;378,06
S;23;0;156,13;380,03
S;23;0;158,41;381,95
S;23;0;160,73;383,83
S;23;0;163,08;385,66
S;23;0;165,46;387,45
S;23;0;167,88;389,18
S;23;0;170,34;390,87
S;23;0;172,84;392,49
S;23;0;175,38;394,06
S;23;0;177,96;395,55
S;23;0;180,58;396,96
S;23;0;183,25;398,28
S;23;0;185,98;399,48
S;23;0;188,76;400,55
G;24;0000;y
S;24;1;103,84;269,37
S;24;1;103,89;272,35
S;24;1;103,90;275,33
S;24;1;103,87;278,32
S;24;1;103,82;281,30
S;24;1;103,74;284,28
S;24;1;103,65;287,26
S;24;1;103,54;290,24
S;24;1;103,42;293,22
S;24;1;103,29;296,20
S;24;1;103,17;299,18
S;24;1;103,05;302,16
S;24;1;102,93;305,14
S;24;1;102,83;308,12
S;24;1;102,75;311,10
S;24;1;102,69;314,09
S;24;1;102,66;317,07
S;24;1;102,66;320,05
S;24;1;102,69;323,03
S;24;1;102,77;326,01
S;24;1;102,90;328,99
S;24;1;103,07;331,97
S;24;1;103,31;334,94
S;24;1;103,61;337,91
S;24;1;103,99;340,87
S;24;1;104,44;343,82
S;24;1;104,98;346,75
S;24;1;105,60;349,67
S;24;1;106,33;352,56
S;24;1;107,15;355,42
S;24;1;108,09;358,26
S;24;1;109,14;361,05
S;24;1;110,30;363,79
S;24;1;111,59;366,48
S;24;1;113,00;369,11
S;24;1;114,52;371,67
S;24;1;116,17;374,16
S;24;1;117,94;376,56
S;24;1;119,81;378,88
S;24;1;121,80;381,11
S;24;1;123,88;383,24
S;24;1;126,06;385,28
S;24;1;128,33;387,22
S;24;1;130,67;389,06
S;24;0;184,41;276,54
S;24;0;183,20;279,29
S;24;0;181,98;282,04
S;24;0;180,77;284,79
S;24;0;179,55;287,54
S;24;0;178,34;290,29
S;24;0;177,13;293,04
S;24;0;175,92;295,79
S;24;0;174,70;298,54
S;24;0;173,49;301,29
S;24;0;172,28;304,04
S;24;0;171,07;306,79
S;24;0;169,86;309,54
S;24;0;168,64;312,30
S;24;0;167,43;315,05
S;24;0;166,22;317,80
S;24;0;165,00;320,55
S;24;0;163,79;323,30
S;24;0;162,57;326,04
S;24;0;161,36;328,79
S;24;0;160,14;331,54
S;24;0;158,92;334,29
S;24;0;157,70;337,04
S;24;0;156,48;339,79
S;24;0;155,26;342,53
S;24;0;154,04;345,28
S;24;0;152,81;348,02
S;24;0;151,59;350,77
S;24;0;150,36;353,51
S;24;0;149,13;356,26
S;24;0;147,90;359,00
S;24;0;146,67;361,74
S;24;0;145,44;364,48
S;24;0;144,20;367,22
S;24;0;142,96;369,96
S;24;0;141,72;372,70
S;24;0;140,48;375,44
S;24;0;139,23;378,17
S;24;0;137,99;380,91
S;24;0;136,74;383,64
S;24;0;135,49;386,37
S;24;0;134,24;389,11
S;24;0;133,01;391,85
S;24;0;131,77;394,59
S;24;0;130,53;397,33
S;24;0;129,28;400,06
S;24;0;128,03;402,80
S;24;0;126,77;405,52
S;24;0;125,49;408,24
S;24;0;124,19;410,96
S;24;0;122,88;413,66
S;24;0;121,54;416,35
S;24;0;120,17;419,03
S;24;0;118,77;421,69
S;24;0;117,35;424,33
S;24;0;115,88;426,96
S;24;0;114,38;429,56
S;24;0;112,84;432,14
S;24;0;111,25;434,70
S;24;0;109,62;437,22
S;24;0;107,94;439,71
S;24;0;106,21;442,17
S;24;0;104,42;444,59
S;24;0;102,58;446,97
S;24;0;100,68;449,30
S;24;0;98,72;451,57
S;24;0;96,69;453,79
S;24;0;94,60;455,95
S;24;0;92,45;458,05
S;24;0;90,23;460,08
S;24;0;87,95;462,03
S;24;0;85,60;463,91
S;24;0;83,18;465,70
S;24;0;80,70;467,39
S;24;0;78,15;468,98
S;24;0;75,53;470,46
S;24;0;72,84;471,80
S;24;0;70,09;473,01
S;24;0;67,27;474,06
S;24;0;64,40;474,94
S;24;0;61,48;475,63
S;24;0;58,51;476,12
S;24;0;55,52;476,39
S;24;0;52,51;476,43
S;24;0;49,52;476,23
S;24;0;46,54;475,79
S;24;0;43,62;475,10
S;24;0;40,75;474,19
S;24;0;37,97;473,05
S;24;0;35,28;471,71
S;24;0;32,70;470,18
S;24;0;30,21;468,48
S;24;0;27,84;466,64
G;25;0000;z
S;25;0;81,66;280,57
S;25;0;84,65;280,62
S;25;0;87,63;280,70
S;25;0;90,62;280,81
S;25;0;93,60;280,94
S;25;0;96,59;281,09
S;25;0;99,57;281,27
S;25;0;102,55;281,46
S;25;0;105,53;281,68
S;25;0;108,51;281,92
S;25;0;111,49;282,18
S;25;0;114,46;282,45
S;25;0;117,44;282,74
S;25;0;120,42;282,91
S;25;0;123,41;282,92
S;25;0;126,39;282,80
S;25;0;129,37;282,61
S;25;0;132,35;282,40
S;25;0;135,34;282,21
S;25;0;138,32;282,09
S;25;0;141,31;282,09
S;25;0;144,29;282,25
S;25;0;147,26;282,56
S;25;0;150,21;283,03
S;25;0;153,12;283,71
S;25;0;155,97;284,62
S;25;0;158,70;285,83
S;25;0;161,26;287,37
S;25;0;163,57;289,26
S;25;0;165,46;291,56
S;25;0;166,38;294,38
S;25;0;166,06;297,33
S;25;0;164,86;300,06
S;25;0;163,17;302,52
S;25;0;161,20;304,76
S;25;0;159,06;306,85
S;25;0;156,80;308,80
S;25;0;154,46;310,66
S;25;0;152,06;312,43
S;25;0;149,61;314,14
S;25;0;147,12;315,80
S;25;0;144,61;317,41
S;25;0;142,07;318,99
S;25;0;139,51;320,54
S;25;0;136,94;322,06
S;25;0;134,37;323,58
S;25;0;131,80;325,10
S;25;0;129,25;326,66
S;25;0;126,78;328,34
S;25;0;124,35;330,07
S;25;0;121,92;331,82
S;25;0;119,51;333,58
S;25;0;117,10;335,35
S;25;0;114,71;337,14
S;25;0;112,33;338,95
S;25;0;109,97;340,78
S;25;0;107,62;342,63
S;25;0;105,29;344,50
S;25;0;102,98;346,39
S;25;0;100,69;348,31
S;25;0;98,42;350,26
S;25;0;96,18;352,23
S;25;0;93,97;354,24
S;25;0;91,78;356,28
S;25;0;89,64;358,35
S;25;0;87,54;360,48
S;25;0;85,50;362,67
S;25;0;83,53;364,91
S;25;0;81,65;367,23
S;25;0;79,88;369,64
S;25;0;78,28;372,16
S;25;0;76,92;374,82
S;25;0;75,99;377,65
S;25;0;75,90;380,62
S;25;0;77,25;383,24
S;25;0;79,75;384,83
S;25;0;82,62;385,64
S;25;0;85,58;386,00
S;25;0;88,57;386,09
S;25;0;91,56;386,02
S;25;0;94,54;385,83
S;25;0;97,52;385,58
S;25;0;100,49;385,29
S;25;0;103,47;385,05
S;25;0;106,45;384,99
S;25;0;109,44;384,88
S;25;0;112,42;384,72
S;25;0;115,40;384,51
S;25;0;118,38;384,26
S;25;0;121,36;383,97
S;25;0;124,33;383,66
S;25;0;127,30;383,33
S;25;0;130,27;382,99
S;25;0;133,23;382,65
S;25;0;136,20;382,32
S;25;0;139,17;381,99
S;25;0;142,15;381,69
S;25;0;145,12;381,42
S;25;0;148,10;381,18
S;25;0;151,08;381,00
S;25;0;154,07;380,89
S;25;0;157,05;380,84
S;25;0;160,04;380,85
S;25;0;163,03;380,91
S;25;0;166,01;381,01
S;25;0;169,00;381,15
S;25;0;171,98;381,31
S;25;0;174,96;381,50
S;25;0;177,95;381,70
S;25;0;180,93;381,92
S;25;0;183,91;382,13
S;25;0;186,89;382,34
S;25;0;189,87;382,54
S;25;0;192,85;382,72
G;26;0000;cap_A
S;26;1;132,06;304,56
S;26;1;134,86;305,59
S;26;1;137,73;306,39
S;26;1;140,66;306,98
S;26;1;143,62;307,35
S;26;1;146,60;307,54
S;26;1;149,58;307,56
S;26;1;152,57;307,44
S;26;1;155,54;307,20
S;26;1;158,50;306,85
S;26;1;161,46;306,41
S;26;1;164,40;305,91
S;26;1;167,33;305,35
S;26;1;170,26;304,75
S;26;1;173,18;304,13
S;26;1;176,09;303,50
S;26;1;179,01;302,86
S;26;1;181,93;302,24
S;26;1;184,85;301,65
S;26;1;187,79;301,10
S;26;1;190,73;300,61
S;26;1;193,69;300,20
S;26;1;196,65;299,88
S;26;1;199,63;299,67
S;26;1;202,62;299,60
S;26;1;205,60;299,70
S;26;1;208,57;299,98
S;26;1;211,51;300,47
S;26;1;214,41;301,19
S;26;1;217,23;302,17
S;26;1;219,95;303,39
S;26;0;69,22;417,76
S;26;0;70,06;414,88
S;26;0;70,96;412,01
S;26;0;71,91;409,16
S;26;0;72,91;406,33
S;26;0;73,94;403,50
S;26;0;75,00;400,69
S;26;0;76,09;397,90
S;26;0;77,22;395,11
S;26;0;78,36;392,33
S;26;0;79,53;389,57
S;26;0;80,72;386,81
S;26;0;81,93;384,06
S;26;0;83,16;381,32
S;26;0;84,41;378,58
S;26;0;85,67;375,86
S;26;0;86,95;373,14
S;26;0;88,25;370,43
S;26;0;89,56;367,73
S;26;0;90,89;365,04
S;26;0;92,24;362,35
S;26;0;93,60;359,67
S;26;0;94,97;357,00
S;26;0;96,36;354,34
S;26;0;97,77;351,68
S;26;0;99,20;349,04
S;26;0;100,64;346,40
S;26;0;102,10;343,78
S;26;0;103,57;341,16
S;26;0;105,07;338,56
S;26;0;106,59;335,97
S;26;0;108,14;333,39
S;26;0;109,71;330,83
S;26;0;111,31;328,29
S;26;0;113,00;325,81
S;26;0;114,79;323,39
S;26;0;116,63;321,02
S;26;0;118,51;318,68
S;26;0;120,40;316,34
S;26;0;122,28;314,00
S;26;0;124,12;311,62
S;26;0;125,89;309,19
S;26;0;127,56;306,70
S;26;0;129,11;304,13
S;26;0;130,52;301,47
S;26;0;131,82;298,77
S;26;0;133,03;296,02
S;26;0;134,18;293,24
S;26;0;135,30;290,45
S;26;0;136,41;287,66
S;26;0;137,54;284,88
S;26;0;138,72;282,12
S;26;0;139,97;279,39
S;26;0;141,32;276,70
S;26;0;142,71;274,04
S;26;0;144,11;271,38
S;26;0;145,54;268,74
S;26;0;146,98;266,10
S;26;0;148,44;263,48
S;26;0;149,92;260,86
S;26;0;151,41;258,25
S;26;0;152,92;255,66
S;26;0;154,44;253,06
S;26;0;155,97;250,48
S;26;0;157,52;247,91
S;26;0;159,08;245,34
S;26;0;160,65;242,77
S;26;0;162,22;240,22
S;26;0;163,81;237,67
S;26;0;165,40;235,12
S;26;0;167,00;232,58
S;26;0;168,60;230,04
S;26;0;170,21;227,50
S;26;0;171,83;224,97
S;26;0;173,45;222,44
S;26;0;175,07;219,91
S;26;0;176,69;217,38
S;26;0;178,26;214,82
S;26;0;179,77;212,22
S;26;0;181,26;209,61
S;26;0;182,76;207,01
S;26;0;184,27;204,41
S;26;0;185,79;201,82
S;26;0;187,33;199,24
S;26;0;188,90;196,68
S;26;0;190,50;194,13
S;26;0;192,12;191,61
S;26;0;193,78;189,11
S;26;0;195,49;186,63
S;26;0;197,24;184,19
S;26;0;199,04;181,79
S;26;0;200,90;179,43
S;26;0;202,84;177,13
S;26;0;204,85;174,91
S;26;0;206,97;172,77
S;26;0;209,20;170,76
S;26;0;211,57;168,92
S;26;0;214,11;167,31
S;26;0;216,84;166,07
S;26;0;219,75;165,37
S;26;0;222,75;165,44
S;26;0;225,59;166,38
S;26;0;228,08;168,05
S;26;0;230,21;170,16
S;26;0;232,06;172,53
S;26;0;233,59;175,11
S;26;0;234,80;177,86
S;26;0;235,71;180,72
S;26;0;236,34;183,66
S;26;0;236,73;186,63
S;26;0;236,92;189,63
S;26;0;236,94;192,64
S;26;0;236,82;195,64
S;26;0;236,58;198,63
S;26;0;236,26;201,62
S;26;0;235,86;204,60
S;26;0;235,41;207,57
S;26;0;234,92;210,53
S;26;0;234,41;213,49
S;26;0;233,90;216,45
S;26;0;233,40;219,41
S;26;0;232,94;222,38
S;26;0;232,55;225,36
S;26;0;232,25;228,35
S;26;0;232,07;231,35
S;26;0;231,88;234,35
S;26;0;231,65;237,34
S;26;0;231,39;240,33
S;26;0;231,09;243,32
S;26;0;230,77;246,31
S;26;0;230,43;249,29
S;26;0;230,06;252,28
S;26;0;229,66;255,25
S;26;0;229,26;258,23
S;26;0;228,83;261,20
S;26;0;228,40;264,18
S;26;0;227,95;267,15
S;26;0;227,50;270,12
S;26;0;227,05;273,09
S;26;0;226,60;276,06
S;26;0;226,14;279,03
S;26;0;225,70;282,00
S;26;0;225,26;284,97
S;26;0;224,83;287,94
S;26;0;224,42;290,92
S;26;0;224,02;293,90
S;26;0;223,64;296,88
S;26;0;223,32;299,86
S;26;0;223,06;302,86
S;26;0;222,85;305,85
S;26;0;222,68;308,85
S;26;0;222,55;311,85
S;26;0;222,45;314,86
S;26;0;222,37;317,86
S;26;0;222,29;320,86
S;26;0;222,22;323,86
S;26;0;222,15;326,87
S;26;0;222,06;329,87
S;26;0;221,95;332,87
S;26;0;221,81;335,87
S;26;0;221,63;338,87
S;26;0;221,43;341,87
S;26;0;221,22;344,87
S;26;0;221,00;347,86
S;26;0;220,76;350,86
S;26;0;220,52;353,85
S;26;0;220,28;356,85
S;26;0;220,03;359,84
S;26;0;219,79;362,83
S;26;0;219,56;365,83
S;26;0;219,33;368,82
S;26;0;219,12;371,82
S;26;0;218,92;374,82
S;26;0;218,74;377,82
S;26;0;218,59;380,82
S;26;0;218,46;383,82
S;26;0;218,36;386,82
S;26;0;218,29;389,82
S;26;0;218,25;392,83
S;26;0;218,25;395,83
S;26;0;218,29;398,84
S;26;0;218,38;401,84
S;26;0;218,51;404,84
G;27;0000;cap_B
S;27;1;124,82;290,78
S;27;1;127,76;291,34
S;27;1;130,73;291,74
S;27;1;133,71;292,00
S;27;1;136,70;292,12
S;27;1;139,69;292,10
S;27;1;142,68;291,96
S;27;1;145,67;291,70
S;27;1;148,64;291,35
S;27;1;151,60;290,92
S;27;1;154,55;290,43
S;27;1;157,50;289,91
S;27;1;160,44;289,36
S;27;1;163,39;288,82
S;27;1;166,34;288,31
S;27;1;169,29;287,84
S;27;1;172,26;287,44
S;27;1;175,24;287,12
S;27;1;178,22;286,91
S;27;1;181,22;286,83
S;27;1;184,21;286,88
S;27;1;187,20;287,07
S;27;1;190,17;287,43
S;27;1;193,12;287,93
S;27;1;196,04;288,60
S;27;1;198,92;289,41
S;27;1;201,76;290,36
S;27;1;204,54;291,45
S;27;1;207,28;292,66
S;27;1;209,97;293,98
S;27;1;212,60;295,41
S;27;1;215,17;296,94
S;27;1;217,67;298,59
S;27;1;220,09;300,36
S;27;1;222,41;302,24
S;27;1;224,63;304,25
S;27;1;226,72;306,39
S;27;1;228,69;308,65
S;27;1;230,50;311,03
S;27;1;232,15;313,53
S;27;1;233,62;316,14
S;27;1;234,90;318,84
S;27;1;235,99;321,63
S;27;1;236,88;324,48
S;27;1;237,58;327,40
S;27;1;238,07;330,35
S;27;1;238,38;333,33
S;27;1;238,50;336,32
S;27;1;238,44;339,31
S;27;1;238,22;342,29
S;27;1;237,84;345,26
S;27;1;237,31;348,21
S;27;1;236,65;351,13
S;27;1;235,85;354,01
S;27;1;234,94;356,87
S;27;1;233,92;359,68
S;27;1;232,79;362,45
S;27;1;231,57;365,18
S;27;1;230,26;367,87
S;27;1;228,85;370,52
S;27;1;227,37;373,12
S;27;1;225,82;375,68
S;27;1;224,19;378,19
S;27;1;222,49;380,65
S;27;1;220,72;383,07
S;27;1;218,90;385,44
S;27;1;217,01;387,77
S;27;1;215,07;390,04
S;27;1;213,07;392,27
S;27;1;211,01;394,45
S;27;1;208,91;396,58
S;27;1;206,75;398,65
S;27;1;204,55;400,68
S;27;1;202,29;402,65
S;27;1;199,99;404,56
S;27;1;197,65;406,42
S;27;1;195,25;408,22
S;27;1;192,82;409,96
S;27;1;190,34;411,64
S;27;1;187,82;413,26
S;27;1;185,25;414,80
S;27;1;182,65;416,28
S;27;1;180,00;417,68
S;27;1;177,32;419,00
S;27;1;174,60;420,25
S;27;1;171,84;421,40
S;27;1;169,04;422,47
S;27;1;166,21;423,45
S;27;1;163,35;424,32
S;27;1;160,45;425,08
S;27;1;157,53;425,74
S;27;1;154,59;426,27
S;27;1;151,62;426,68
S;27;1;148,64;426,95
S;27;1;145,65;427,08
S;27;1;142,66;427,07
S;27;1;139,67;426,90
S;27;1;136,69;426,57
S;27;1;133,74;426,08
S;27;1;130,82;425,41
S;27;1;127,95;424,58
S;27;1;125,13;423,58
S;27;1;122,37;422,40
S;27;1;119,69;421,07
S;27;1;117,10;419,57
S;27;1;114,60;417,93
S;27;1;112,20;416,15
S;27;1;109,90;414,23
S;27;1;107,70;412,19
S;27;1;105,61;410,05
S;27;1;103,63;407,80
S;27;1;101,76;405,47
S;27;0;183,03;282,14
S;27;0;185,03;279,92
S;27;0;187,07;277,73
S;27;0;189,13;275,56
S;27;0;191,21;273,41
S;27;0;193,31;271,27
S;27;0;195,41;269,14
S;27;0;197,52;267,02
S;27;0;199,62;264,90
S;27;0;201,73;262,77
S;27;0;203,84;260,65
S;27;0;205,94;258,52
S;27;0;208,03;256,38
S;27;0;210,12;254,24
S;27;0;212,20;252,08
S;27;0;214,26;249,92
S;27;0;216,31;247,73
S;27;0;218,34;245,54
S;27;0;220,35;243,32
S;27;0;222,34;241,09
S;27;0;224,31;238,84
S;27;0;226,25;236,56
S;27;0;228,16;234,25
S;27;0;230,03;231,92
S;27;0;231,86;229,56
S;27;0;233,65;227,16
S;27;0;235,39;224,72
S;27;0;237,07;222,25
S;27;0;238,68;219,73
S;27;0;240,21;217,16
S;27;0;241,65;214,54
S;27;0;242,99;211,86
S;27;0;244,19;209,12
S;27;0;245,23;206,32
S;27;0;246,09;203,45
S;27;0;246,73;200,53
S;27;0;247,09;197,56
S;27;0;247,19;194,57
S;27;0;246,98;191,59
S;27;0;246,45;188,64
S;27;0;245,60;185,78
S;27;0;244,43;183,02
S;27;0;242,96;180,42
S;27;0;241,22;177,98
S;27;0;239,26;175,73
S;27;0;237,09;173,67
S;27;0;234,76;171,79
S;27;0;232,29;170,10
S;27;0;229,72;168,58
S;27;0;227,05;167,23
S;27;0;224,30;166,04
S;27;0;221,50;165,00
S;27;0;218,64;164,11
S;27;0;215,75;163,36
S;27;0;212,82;162,75
S;27;0;209,86;162,27
S;27;0;206,89;161,93
S;27;0;203,91;161,72
S;27;0;200,92;161,65
S;27;0;197,93;161,72
S;27;0;194,94;161,94
S;27;0;191,97;162,32
S;27;0;189,03;162,86
S;27;0;186,13;163,57
S;27;0;183,28;164,49
S;27;0;180,51;165,62
S;27;0;177,85;166,98
S;27;0;175,34;168,62
S;27;0;173,07;170,56
S;27;0;171,08;172,79
S;27;0;169,29;175,18
S;27;0;167,65;177,69
S;27;0;166,13;180,26
S;27;0;164,70;182,89
S;27;0;163,34;185,56
S;27;0;162,05;188,25
S;27;0;160,80;190,97
S;27;0;159,60;193,71
S;27;0;158,44;196,47
S;27;0;157,31;199,24
S;27;0;156,21;202,02
S;27;0;155,13;204,81
S;27;0;154,07;207,61
S;27;0;153,03;210,42
S;27;0;152,00;213,22
S;27;0;150,98;216,04
S;27;0;149,96;218,85
S;27;0;148,95;221,67
S;27;0;147,94;224,48
S;27;0;146,92;227,29
S;27;0;145,87;230,10
S;27;0;144,79;232,89
S;27;0;143,68;235,67
S;27;0;142,61;238,46
S;27;0;141,56;241,26
S;27;0;140,53;244,07
S;27;0;139,51;246,88
S;27;0;138,52;249,71
S;27;0;137,53;252,53
S;27;0;136,55;255,36
S;27;0;135,58;258,19
S;27;0;134,60;261,01
S;27;0;133,62;263,84
S;27;0;132,64;266,67
S;27;0;131,65;269,49
S;27;0;130,64;272,31
S;27;0;129,61;275,12
S;27;0;128,56;277,92
S;27;0;127,49;280,71
S;27;0;126,39;283,49
S;27;0;125,26;286,26
S;27;0;124,09;289,02
S;27;0;122,90;291,76
S;27;0;121,70;294,50
S;27;0;120,50;297,24
S;27;0;119,28;299,98
S;27;0;118,06;302,71
S;27;0;116,84;305,44
S;27;0;115,61;308,17
S;27;0;114,38;310,89
S;27;0;113,14;313,62
S;27;0;111,91;316,34
S;27;0;110,68;319,07
S;27;0;109,45;321,80
S;27;0;108,22;324,53
S;27;0;107,00;327,26
S;27;0;105,79;329,99
S;27;0;104,57;332,73
S;27;0;103,37;335,47
S;27;0;102,18;338,21
S;27;0;101,00;340,96
S;27;0;99,83;343,71
S;27;0;98,67;346,47
S;27;0;97,52;349,24
S;27;0;96,39;352,01
S;27;0;95,28;354,78
S;27;0;94,18;357,57
S;27;0;93,10;360,36
S;27;0;92,05;363,16
S;27;0;91,01;365,96
S;27;0;89,99;368,78
S;27;0;89,00;371,60
S;27;0;88,04;374,43
S;27;0;87,10;377,27
S;27;0;86,19;380,12
S;27;0;85,31;382,98
S;27;0;84,46;385,85
S;27;0;83,64;388,73
S;27;0;82,85;391,61
S;27;0;82,10;394,51
G;28;0000;cap_C
S;28;0;220,86;240,99
S;28;0;222,39;238,41
S;28;0;223,93;235,83
S;28;0;225,45;233,25
S;28;0;226,97;230,66
S;28;0;228,47;228,06
S;28;0;229,94;225,44
S;28;0;231,37;222,80
S;28;0;232,76;220,14
S;28;0;234,11;217,46
S;28;0;235,40;214,75
S;28;0;236,62;212,01
S;28;0;237,78;209,24
S;28;0;238,84;206,44
S;28;0;239,82;203,60
S;28;0;240,68;200,72
S;28;0;241,41;197,81
S;28;0;242,01;194,87
S;28;0;242,43;191,90
S;28;0;242,67;188,91
S;28;0;242,70;185,91
S;28;0;242,49;182,92
S;28;0;242,03;179,95
S;28;0;241,29;177,05
S;28;0;240,28;174,22
S;28;0;238,99;171,51
S;28;0;237,44;168,94
S;28;0;235,65;166,53
S;28;0;233,58;164,36
S;28;0;231,24;162,50
S;28;0;228,65;160,98
S;28;0;225,86;159,87
S;28;0;222,94;159,20
S;28;0;219,95;158,99
S;28;0;216,96;159,25
S;28;0;214,04;159,92
S;28;0;211,20;160,89
S;28;0;208,45;162,08
S;28;0;205,77;163,45
S;28;0;203,17;164,95
S;28;0;200,64;166,55
S;28;0;198,16;168,24
S;28;0;195,73;170,00
S;28;0;193,34;171,82
S;28;0;191,00;173,70
S;28;0;188,70;175,63
S;28;0;186,43;177,59
S;28;0;184,20;179,60
S;28;0;181,99;181,63
S;28;0;179,82;183,70
S;28;0;177,67;185,79
S;28;0;175,54;187,91
S;28;0;173,44;190,06
S;28;0;171,37;192,22
S;28;0;169,31;194,41
S;28;0;167,28;196,62
S;28;0;165,27;198,85
S;28;0;163,28;201,10
S;28;0;161,31;203,36
S;28;0;159,37;205,65
S;28;0;157,45;207,95
S;28;0;155,55;210,28
S;28;0;153,68;212,62
S;28;0;151,84;214,99
S;28;0;150,04;217,39
S;28;0;148,27;219,82
S;28;0;146,52;222,26
S;28;0;144,79;224,71
S;28;0;143,08;227,18
S;28;0;141,40;229,66
S;28;0;139,73;232,16
S;28;0;138,09;234,67
S;28;0;136,47;237,19
S;28;0;134,87;239,73
S;28;0;133,29;242,29
S;28;0;131,74;244,85
S;28;0;130,21;247,44
S;28;0;128,70;250,03
S;28;0;127,22;252,64
S;28;0;125,76;255,26
S;28;0;124,33;257,90
S;28;0;122,92;260,55
S;28;0;121,54;263,22
S;28;0;120,19;265,90
S;28;0;118,86;268,59
S;28;0;117,56;271,30
S;28;0;116,30;274,02
S;28;0;115,06;276,75
S;28;0;113,85;279,50
S;28;0;112,68;282,26
S;28;0;111,53;285,03
S;28;0;110,42;287,82
S;28;0;109,35;290,62
S;28;0;108,31;293,44
S;28;0;107,30;296,27
S;28;0;106,34;299,11
S;28;0;105,41;301,96
S;28;0;104,52;304,83
S;28;0;103,67;307,71
S;28;0;102,87;310,60
S;28;0;102,11;313,50
S;28;0;101,39;316,42
S;28;0;100,72;319,34
S;28;0;100,10;322,28
S;28;0;99,53;325,22
S;28;0;99,01;328,18
S;28;0;98,55;331,14
S;28;0;98,13;334,12
S;28;0;97,78;337,10
S;28;0;97,48;340,08
S;28;0;97,24;343,07
S;28;0;97,07;346,07
S;28;0;96,96;349,07
S;28;0;96,91;352,07
S;28;0;96,93;355,07
S;28;0;97,02;358,07
S;28;0;97,17;361,07
S;28;0;97,40;364,06
S;28;0;97,71;367,05
S;28;0;98,07;370,02
S;28;0;98,45;373,00
S;28;0;98,87;375,97
S;28;0;99,32;378,94
S;28;0;99,83;381,90
S;28;0;100,39;384,85
S;28;0;101,02;387,78
S;28;0;101,73;390,70
S;28;0;102,52;393,59
S;28;0;103,43;396,45
S;28;0;104,45;399,27
S;28;0;105,62;402,04
S;28;0;106,94;404,73
S;28;0;108,45;407,32
S;28;0;110,16;409,79
S;28;0;112,09;412,09
S;28;0;114,25;414,17
S;28;0;116,64;415,98
S;28;0;119,24;417,47
S;28;0;122,01;418,63
S;28;0;124,90;419,43
S;28;0;127,86;419,90
S;28;0;130,86;420,06
S;28;0;133,85;419,96
S;28;0;136,83;419,62
S;28;0;139,79;419,08
S;28;0;142,70;418,38
S;28;0;145,58;417,53
S;28;0;148,43;416,59
S;28;0;151,26;415,59
S;28;0;154,07;414,54
S;28;0;156,86;413,43
S;28;0;159,63;412,28
S;28;0;162,39;411,09
S;28;0;165,13;409,87
S;28;0;167,86;408,61
S;28;0;170,57;407,34
S;28;0;173,28;406,04
S;28;0;175,97;404,72
S;28;0;178,66;403,39
S;28;0;181,35;402,04
S;28;0;184,03;400,69
S;28;0;186,70;399,32
S;28;0;189,34;397,91
S;28;0;191,97;396,46
S;28;0;194,58;394,97
S;28;0;197,16;393,44
S;28;0;199,72;391,87
S;28;0;202,25;390,27
S;28;0;204,76;388,62
S;28;0;207,25;386,94
S;28;0;209,71;385,23
S;28;0;212,15;383,48
S;28;0;214,56;381,69
S;28;0;216,95;379,87
S;28;0;219,31;378,01
S;28;0;221,64;376,12
S;28;0;223,94;374,20
G;29;0000;cap_D
S;29;1;171,09;156,61
S;29;1;170,17;159,48
S;29;1;169,24;162,34
S;29;1;168,31;165,21
S;29;1;167,37;168,07
S;29;1;166,43;170,93
S;29;1;165,49;173,79
S;29;1;164,54;176,65
S;29;1;163,58;179,51
S;29;1;162,63;182,37
S;29;1;161,67;185,22
S;29;1;160,70;188,08
S;29;1;159,74;190,93
S;29;1;158,77;193,78
S;29;1;157,80;196,63
S;29;1;156,82;199,48
S;29;1;155,85;202,33
S;29;1;154,87;205,18
S;29;1;153,89;208,03
S;29;1;152,91;210,88
S;29;1;151,93;213,73
S;29;1;150,95;216,58
S;29;1;149,97;219,43
S;29;1;148,99;222,28
S;29;1;148,01;225,12
S;29;1;147,03;227,97
S;29;1;146,05;230,82
S;29;1;145,06;233,67
S;29;1;144,09;236,52
S;29;1;143,11;239,37
S;29;1;142,13;242,22
S;29;1;141,16;245,07
S;29;1;140,18;247,92
S;29;1;139,21;250,77
S;29;1;138,24;253,62
S;29;1;137,28;256,47
S;29;1;136,32;259,33
S;29;1;135,36;262,18
S;29;1;134,40;265,04
S;29;1;133,45;267,90
S;29;1;132,50;270,76
S;29;1;131,55;273,62
S;29;1;130,61;276,48
S;29;1;129,68;279,34
S;29;1;128,74;282,21
S;29;1;127,82;285,08
S;29;1;126,90;287,94
S;29;1;125,98;290,81
S;29;1;125,07;293,69
S;29;1;124,17;296,56
S;29;1;123,27;299,43
S;29;1;122,38;302,31
S;29;1;121,50;305,19
S;29;1;120,62;308,07
S;29;1;119,75;310,96
S;29;1;118,89;313,85
S;29;1;118,04;316,73
S;29;1;117,19;319,63
S;29;1;116,35;322,52
S;29;1;115,52;325,42
S;29;1;114,70;328,31
S;29;1;113,89;331,22
S;29;1;113,09;334,12
S;29;1;112,30;337,03
S;29;1;111,52;339,93
S;29;1;110,74;342,85
S;29;1;109,98;345,76
S;29;1;109,23;348,68
S;29;1;108,49;351,60
S;29;1;107,76;354,52
S;29;1;107,05;357,45
S;29;1;106,34;360,38
S;29;1;105,65;363,31
S;29;1;104,97;366,24
S;29;1;104,30;369,18
S;29;1;103,64;372,12
S;29;1;103,00;375,06
S;29;1;102,37;378,01
S;29;1;101,75;380,96
S;29;1;101,15;383,91
S;29;1;100,56;386,86
S;29;1;99,99;389,82
S;29;0;123,67;148,35
S;29;0;126,47;149,42
S;29;0;129,33;150,34
S;29;0;132,23;151,10
S;29;0;135,17;151,71
S;29;0;138,13;152,18
S;29;0;141,11;152,54
S;29;0;144,10;152,78
S;29;0;147,09;152,93
S;29;0;150,09;153,00
S;29;0;153,09;153,00
S;29;0;156,09;152,96
S;29;0;159,09;152,87
S;29;0;162,09;152,77
S;29;0;165,08;152,65
S;29;0;168,08;152,54
S;29;0;171,08;152,45
S;29;0;174,08;152,39
S;29;0;177,08;152,40
S;29;0;180,08;152,50
S;29;0;183,07;152,68
S;29;0;186,06;152,95
S;29;0;189,04;153,31
S;29;0;192,00;153,75
S;29;0;194,96;154,27
S;29;0;197,89;154,89
S;29;0;200,81;155,59
S;29;0;203,71;156,37
S;29;0;206,58;157,25
S;29;0;209,42;158,20
S;29;0;212,23;159,24
S;29;0;215,01;160,36
S;29;0;217,76;161,57
S;29;0;220,47;162,85
S;29;0;223,15;164,21
S;29;0;225,78;165,65
S;29;0;228,37;167,16
S;29;0;230,92;168,75
S;29;0;233,42;170,41
S;29;0;235,87;172,13
S;29;0;238,27;173,93
S;29;0;240,63;175,79
S;29;0;242,93;177,71
S;29;0;245,18;179,69
S;29;0;247,37;181,74
S;29;0;249,51;183,85
S;29;0;251,57;186,02
S;29;0;253,57;188,26
S;29;0;255,49;190,56
S;29;0;257,34;192,92
S;29;0;259,12;195,34
S;29;0;260,81;197,82
S;29;0;262,42;200,35
S;29;0;263,96;202,92
S;29;0;265,40;205,55
S;29;0;266,77;208,22
S;29;0;268,05;210,94
S;29;0;269,24;213,69
S;29;0;270,35;216,47
S;29;0;271,38;219,29
S;29;0;272,32;222,14
S;29;0;273,17;225,02
S;29;0;273,95;227,92
S;29;0;274,64;230,83
S;29;0;275,25;233,77
S;29;0;275,78;236,72
S;29;0;276,23;239,69
S;29;0;276,61;242,67
S;29;0;276,91;245,65
S;29;0;277,14;248,64
S;29;0;277,29;251,64
S;29;0;277,38;254,64
S;29;0;277,39;257,63
S;29;0;277,34;260,63
S;29;0;277,22;263,63
S;29;0;277,04;266,63
S;29;0;276,80;269,62
S;29;0;276,49;272,60
S;29;0;276,13;275,58
S;29;0;275,70;278,55
S;29;0;275,22;281,51
S;29;0;274,68;284,46
S;29;0;274,09;287,40
S;29;0;273,44;290,33
S;29;0;272,74;293,25
S;29;0;271,99;296,15
S;29;0;271,19;299,04
S;29;0;270,34;301,92
S;29;0;269,43;304,78
S;29;0;268,48;307,62
S;29;0;267,48;310,45
S;29;0;266,44;313,26
S;29;0;265,34;316,06
S;29;0;264,21;318,83
S;29;0;263,02;321,59
S;29;0;261,79;324,32
S;29;0;260,52;327,04
S;29;0;259,20;329,73
S;29;0;257,83;332,40
S;29;0;256,43;335,05
S;29;0;254,97;337,68
S;29;0;253,48;340,28
S;29;0;251,94;342,85
S;29;0;250,36;345,40
S;29;0;248,73;347,92
S;29;0;247,06;350,41
S;29;0;245,34;352,87
S;29;0;243,58;355,30
S;29;0;241,77;357,70
S;29;0;239,92;360,05
S;29;0;238,01;362,37
S;29;0;236,06;364,64
S;29;0;234,06;366,88
S;29;0;232,02;369,08
S;29;0;229,94;371,24
S;29;0;227,82;373,36
S;29;0;225,66;375,45
S;29;0;223,48;377,50
S;29;0;221,25;379,52
S;29;0;219,00;381,50
S;29;0;216,72;383,45
S;29;0;214,41;385,36
S;29;0;212,08;387,25
S;29;0;209,72;389,10
S;29;0;207,34;390,92
S;29;0;204,93;392,72
S;29;0;202,51;394,49
S;29;0;200,07;396,23
S;29;0;197,60;397,94
S;29;0;195,13;399,63
S;29;0;192,63;401,30
S;29;0;190,13;402,95
S;29;0;187,60;404,57
S;29;0;185,07;406,18
S;29;0;182,53;407,77
S;29;0;179,97;409,34
S;29;0;177,41;410,90
S;29;0;174,83;412,44
S;29;0;172,25;413,95
S;29;0;169,64;415,44
S;29;0;167,02;416,91
S;29;0;164,39;418,34
S;29;0;161,74;419,75
S;29;0;159,07;421,12
S;29;0;156,38;422,45
S;29;0;153,68;423,74
S;29;0;150,95;424,99
S;29;0;148,20;426,20
S;29;0;145,43;427,35
S;29;0;142,64;428,44
S;29;0;139,82;429,48
S;29;0;136,99;430,45
S;29;0;134,12;431,35
S;29;0;131,24;432,17
S;29;0;128,33;432,90
S;29;0;125,40;433,53
S;29;0;122,44;434,06
S;29;0;119,47;434,47
S;29;0;116,49;434,75
S;29;0;113,49;434,89
S;29;0;110,49;434,87
S;29;0;107,50;434,67
S;29;0;104,52;434,29
S;29;0;101,58;433,71
S;29;0;98,69;432,91
S;29;0;95,87;431,90
S;29;0;93,14;430,66
S;29;0;90,52;429,20
S;29;0;88,02;427,53
S;29;0;85,68;425,67
S;29;0;83,48;423,62
S;29;0;81,44;421,43
S;29;0;79,55;419,09
S;29;0;77,82;416,64
S;29;0;76,24;414,10
S;29;0;74,79;411,47
G;30;0000;cap_E
S;30;1;108,46;288,05
S;30;1;111,03;289,53
S;30;1;113,70;290,81
S;30;1;116,46;291,89
S;30;1;119,29;292,78
S;30;1;122,17;293,48
S;30;1;125,08;294,01
S;30;1;128,03;294,36
S;30;1;130,98;294,57
S;30;1;133,95;294,64
S;30;1;136,91;294,59
S;30;1;139,87;294,42
S;30;1;142,82;294,15
S;30;1;145,77;293,79
S;30;1;148,70;293,36
S;30;1;151,62;292,85
S;30;1;154,53;292,27
S;30;1;157,42;291,64
S;30;1;160,31;290,96
S;30;1;163,18;290,24
S;30;1;166,05;289,47
S;30;1;168,90;288,68
S;30;1;171,75;287,85
S;30;1;174,59;287,00
S;30;1;177,42;286,13
S;30;1;180,25;285,24
S;30;1;183,08;284,34
S;30;1;185,90;283,44
S;30;1;188,72;282,53
S;30;1;191,54;281,62
S;30;1;194,37;280,71
S;30;1;197,19;279,82
S;30;1;200,02;278,94
S;30;1;202,86;278,07
S;30;1;205,70;277,24
S;30;1;208,56;276,44
S;30;1;211,42;275,67
S;30;1;214,30;274,96
S;30;1;217,19;274,30
S;30;1;220,10;273,72
S;30;1;223,02;273,23
S;30;1;225,96;272,85
S;30;0;270,63;169,54
S;30;0;267,67;169,12
S;30;0;264,68;168,86
S;30;0;261,69;168,77
S;30;0;258,70;168,81
S;30;0;255,71;168,99
S;30;0;252,73;169,29
S;30;0;249,76;169,69
S;30;0;246,80;170,17
S;30;0;243,86;170,73
S;30;0;240,93;171,34
S;30;0;238,01;172,00
S;30;0;235,09;172,68
S;30;0;232,18;173,39
S;30;0;229,27;174,09
S;30;0;226,36;174,79
S;30;0;223,44;175,45
S;30;0;220,49;176,00
S;30;0;217,53;176,43
S;30;0;214,55;176,77
S;30;0;211,57;177,03
S;30;0;208,58;177,24
S;30;0;205,59;177,42
S;30;0;202,61;177,60
S;30;0;199,62;177,79
S;30;0;196,63;178,03
S;30;0;193,65;178,34
S;30;0;190,68;178,73
S;30;0;187,73;179,24
S;30;0;184,81;179,88
S;30;0;181,92;180,68
S;30;0;179,09;181,65
S;30;0;176,33;182,81
S;30;0;173,66;184,16
S;30;0;171,07;185,67
S;30;0;168,58;187,34
S;30;0;166,19;189,14
S;30;0;163,90;191,06
S;30;0;161,70;193,10
S;30;0;159,60;195,23
S;30;0;157,58;197,44
S;30;0;155,65;199,73
S;30;0;153,80;202,09
S;30;0;152,02;204,49
S;30;0;150,30;206,95
S;30;0;148,65;209,45
S;30;0;147,05;211,98
S;30;0;145,51;214,54
S;30;0;144,00;217,13
S;30;0;142,54;219,75
S;30;0;141,11;222,38
S;30;0;139,72;225,03
S;30;0;138,35;227,69
S;30;0;137,00;230,37
S;30;0;135,66;233,05
S;30;0;134,34;235,73
S;30;0;133,03;238,43
S;30;0;131,72;241,12
S;30;0;130,41;243,81
S;30;0;129,09;246,50
S;30;0;127,76;249,19
S;30;0;126,42;251,86
S;30;0;125,05;254,52
S;30;0;123,65;257,17
S;30;0;122,21;259,80
S;30;0;120,73;262,40
S;30;0;119,19;264,97
S;30;0;117,60;267,51
S;30;0;115,98;270,02
S;30;0;114,37;272,55
S;30;0;112,78;275,09
S;30;0;111,20;277,64
S;30;0;109,65;280,19
S;30;0;108,11;282,77
S;30;0;106,60;285,35
S;30;0;105,11;287,95
S;30;0;103,65;290,56
S;30;0;102,22;293,19
S;30;0;100,81;295,84
S;30;0;99,44;298,50
S;30;0;98,10;301,18
S;30;0;96,80;303,87
S;30;0;95,53;306,59
S;30;0;94,31;309,32
S;30;0;93,13;312,08
S;30;0;92,00;314,85
S;30;0;90,92;317,64
S;30;0;89,89;320,46
S;30;0;88,93;323,29
S;30;0;88,02;326,14
S;30;0;87,18;329,02
S;30;0;86,42;331,91
S;30;0;85,73;334,83
S;30;0;85,13;337,76
S;30;0;84,61;340,71
S;30;0;84,19;343,68
S;30;0;83,87;346,65
S;30;0;83,67;349,64
S;30;0;83,57;352,64
S;30;0;83,61;355,63
S;30;0;83,77;358,62
S;30;0;84,08;361,60
S;30;0;84,53;364,56
S;30;0;85,12;367,49
S;30;0;85,87;370,39
S;30;0;86,78;373,25
S;30;0;87,85;376,04
S;30;0;89,08;378,77
S;30;0;90,48;381,42
S;30;0;92,05;383,97
S;30;0;93,80;386,40
S;30;0;95,71;388,70
S;30;0;97,79;390,86
S;30;0;100,01;392,86
S;30;0;102,37;394,70
S;30;0;104,86;396,38
S;30;0;107,44;397,89
S;30;0;110,12;399,23
S;30;0;112,87;400,40
S;30;0;115,69;401,43
S;30;0;118,55;402,30
S;30;0;121,45;403,04
S;30;0;124,39;403,64
S;30;0;127,34;404,12
S;30;0;130,31;404,49
S;30;0;133,30;404,74
S;30;0;136,29;404,90
S;30;0;139,28;404,95
S;30;0;142,28;404,92
S;30;0;145,27;404,81
S;30;0;148,26;404,61
S;30;0;151,24;404,34
S;30;0;154,22;404,00
S;30;0;157,18;403,60
S;30;0;160,14;403,12
S;30;0;163,09;402,59
S;30;0;166,02;402,00
S;30;0;168,95;401,35
S;30;0;171,86;400,65
S;30;0;174,76;399,90
S;30;0;177,64;399,10
S;30;0;180,51;398,24
S;30;0;183,37;397,34
S;30;0;186,21;396,40
S;30;0;189,04;395,40
S;30;0;191,84;394,37
S;30;0;194,64;393,28
S;30;0;197,41;392,16
S;30;0;200,17;390,98
S;30;0;202,90;389,77
S;30;0;205,62;388,51
S;30;0;208,32;387,20
S;30;0;210,99;385,85
S;30;0;213,64;384,45
S;30;0;216,26;383,01
S;30;0;218,86;381,52
S;30;0;221,42;379,97
S;30;0;223,96;378,38
S;30;0;226,45;376,72
S;30;0;228,91;375,01
S;30;0;231,33;373,24
S;30;0;233,69;371,40
S;30;0;235,99;369,49
S;30;0;238,23;367,50
S;30;0;240,38;365,42
S;30;0;242,44;363,24
G;31;0000;cap_F
S;31;2;128,48;283,37
S;31;2;131,14;284,65
S;31;2;134,06;285,25
S;31;2;137,01;285,59
S;31;2;139,98;285,78
S;31;2;142,96;285,88
S;31;2;145,94;285,93
S;31;2;148,91;285,96
S;31;2;151,89;286,01
S;31;2;154,86;286,19
S;31;2;157,83;286,38
S;31;2;160,81;286,48
S;31;2;163,78;286,51
S;31;2;166,76;286,48
S;31;2;169,74;286,38
S;31;2;172,71;286,23
S;31;2;175,68;286,03
S;31;2;178,65;285,80
S;31;2;181,61;285,53
S;31;2;184,58;285,25
S;31;2;187,54;284,94
S;31;2;190,50;284,63
S;31;2;193,46;284,32
S;31;2;196,42;284,02
S;31;2;199,38;283,73
S;31;2;202,35;283,46
S;31;2;205,32;283,22
S;31;2;208,29;283,03
S;31;2;211,26;282,87
S;31;2;214,23;282,77
S;31;2;217,21;282,78
S;31;2;220,15;283,25
S;31;2;223,02;284,02
S;31;2;225,86;284,92
S;31;2;228,69;285,84
S;31;2;231,57;286,61
S;31;2;234,52;286,91
S;31;1;157,86;189,35
S;31;1;157,13;192,27
S;31;1;156,38;195,19
S;31;1;155,61;198,10
S;31;1;154,81;201,01
S;31;1;154,00;203,90
S;31;1;153,16;206,80
S;31;1;152,31;209,69
S;31;1;151,44;212,57
S;31;1;150,55;215,45
S;31;1;149,64;218,32
S;31;1;148,71;221,19
S;31;1;147,77;224,05
S;31;1;146,82;226,90
S;31;1;145,84;229,75
S;31;1;144,86;232,60
S;31;1;143,86;235,44
S;31;1;142,85;238,28
S;31;1;141,82;241,11
S;31;1;140,79;243,94
S;31;1;139,74;246,76
S;31;1;138,68;249,58
S;31;1;137,61;252,40
S;31;1;136,53;255,21
S;31;1;135,45;258,02
S;31;1;134,35;260,83
S;31;1;133,25;263,63
S;31;1;132,14;266,43
S;31;1;131,02;269,23
S;31;1;129,90;272,02
S;31;1;128,77;274,81
S;31;1;127,64;277,60
S;31;1;126,50;280,39
S;31;1;125,36;283,18
S;31;1;124,21;285,96
S;31;1;123,06;288,75
S;31;1;121,91;291,53
S;31;1;120,76;294,32
S;31;1;119,61;297,10
S;31;1;118,45;299,88
S;31;1;117,30;302,66
S;31;1;116,15;305,44
S;31;1;114,99;308,23
S;31;1;113,84;311,01
S;31;1;112,69;313,79
S;31;1;111,55;316,58
S;31;1;110,40;319,37
S;31;1;109,26;322,15
S;31;1;108,13;324,94
S;31;1;107,00;327,74
S;31;1;105,88;330,53
S;31;1;104,76;333,33
S;31;1;103,64;336,12
S;31;1;102,54;338,93
S;31;1;101,44;341,73
S;31;1;100,35;344,54
S;31;1;99,26;347,35
S;31;1;98,14;350,14
S;31;1;96,98;352,92
S;31;1;95,81;355,70
S;31;1;94,63;358,47
S;31;1;93,46;361,24
S;31;1;92,30;364,02
S;31;1;91,16;366,81
S;31;1;90,05;369,61
S;31;1;88,99;372,43
S;31;1;87,98;375,27
S;31;1;87,04;378,13
S;31;1;86,16;381,01
S;31;1;85,37;383,92
S;31;1;84,68;386,85
S;31;1;84,11;389,80
S;31;1;83,66;392,78
S;31;1;83,36;395,78
S;31;1;83,22;398,79
S;31;1;83,26;401,80
S;31;1;83,49;404,80
S;31;1;83,93;407,78
S;31;1;84,58;410,72
S;31;1;85,45;413,60
S;31;1;86,54;416,41
S;31;0;120,98;190,34
S;31;0;123,84;189,41
S;31;0;126,76;188,73
S;31;0;129,73;188,28
S;31;0;132,73;188,00
S;31;0;135,73;187,87
S;31;0;138,73;187,83
S;31;0;141,74;187,83
S;31;0;144,74;187,81
S;31;0;147,75;187,73
S;31;0;150,74;187,53
S;31;0;153,73;187,18
S;31;0;156,68;186,62
S;31;0;159,56;185,78
S;31;0;162,38;184,73
S;31;0;165,15;183,57
S;31;0;167,91;182,38
S;31;0;170,70;181,26
S;31;0;173,55;180,31
S;31;0;176,47;179,60
S;31;0;179,40;178,95
S;31;0;182,34;178,32
S;31;0;185,28;177,71
S;31;0;188,23;177,13
S;31;0;191,18;176,57
S;31;0;194,14;176,04
S;31;0;197,10;175,54
S;31;0;200,07;175,06
S;31;0;203,04;174,62
S;31;0;206,02;174,20
S;31;0;209,00;173,82
S;31;0;211,98;173,47
S;31;0;214,97;173,16
S;31;0;217,96;172,88
S;31;0;220,96;172,64
S;31;0;223,96;172,45
S;31;0;226,96;172,29
S;31;0;229,96;172,18
S;31;0;232,97;172,12
S;31;0;235,97;172,11
S;31;0;238,98;172,14
S;31;0;241,98;172,23
S;31;0;244,98;172,38
S;31;0;247,98;172,59
S;31;0;250,97;172,86
S;31;0;253,96;173,19
S;31;0;256,94;173,59
S;31;0;259,90;174,07
S;31;0;262,86;174,61
S;31;0;265,80;175,24
S;31;0;268,72;175,95
S;31;0;271,62;176,74
S;31;0;274,49;177,62
S;31;0;277,33;178,59
S;31;0;280,14;179,66
G;32;0000;cap_G
S;32;0;253,67;183,92
S;32;0;252,39;181,20
S;32;0;250,93;178,57
S;32;0;249,30;176,04
S;32;0;247,50;173,64
S;32;0;245,51;171,38
S;32;0;243,34;169,30
S;32;0;241,01;167,40
S;32;0;238,53;165,70
S;32;0;235,91;164,23
S;32;0;233,17;162,98
S;32;0;230,35;161,95
S;32;0;227,45;161,14
S;32;0;224,50;160,54
S;32;0;221,52;160,15
S;32;0;218,52;159,95
S;32;0;215,51;159,92
S;32;0;212,51;160,06
S;32;0;209,52;160,36
S;32;0;206,54;160,81
S;32;0;203,59;161,39
S;32;0;200,67;162,09
S;32;0;197,78;162,92
S;32;0;194,92;163,86
S;32;0;192,10;164,91
S;32;0;189,32;166,06
S;32;0;186,59;167,31
S;32;0;183,90;168,66
S;32;0;181,26;170,10
S;32;0;178,68;171,63
S;32;0;176,15;173,26
S;32;0;173,68;174,98
S;32;0;171,28;176,79
S;32;0;168,95;178,69
S;32;0;166,70;180,69
S;32;0;164,54;182,78
S;32;0;162,48;184,97
S;32;0;160,48;187,22
S;32;0;158,53;189,52
S;32;0;156,63;191,85
S;32;0;154,78;194,22
S;32;0;152,97;196,62
S;32;0;151,21;199,05
S;32;0;149,48;201,52
S;32;0;147,80;204,01
S;32;0;146,15;206,53
S;32;0;144,54;209,07
S;32;0;142,97;211,63
S;32;0;141,43;214,21
S;32;0;139,92;216,82
S;32;0;138,45;219,44
S;32;0;137,01;222,08
S;32;0;135,60;224,74
S;32;0;134,22;227,41
S;32;0;132,87;230,10
S;32;0;131,55;232,80
S;32;0;130,25;235,51
S;32;0;128,98;238,24
S;32;0;127,74;240,98
S;32;0;126,53;243,73
S;32;0;125,34;246,49
S;32;0;124,17;249,27
S;32;0;123,03;252,05
S;32;0;121,91;254,84
S;32;0;120,82;257,64
S;32;0;119,75;260,45
S;32;0;118,71;263,27
S;32;0;117,68;266,10
S;32;0;116,68;268,94
S;32;0;115,70;271,78
S;32;0;114,75;274,63
S;32;0;113,81;277,49
S;32;0;112,90;280,36
S;32;0;112,01;283,23
S;32;0;111,14;286,11
S;32;0;110,29;289,00
S;32;0;109,47;291,89
S;32;0;108,67;294,79
S;32;0;107,89;297,69
S;32;0;107,13;300,60
S;32;0;106,39;303,52
S;32;0;105,68;306,44
S;32;0;104,99;309,37
S;32;0;104,32;312,30
S;32;0;103,68;315,24
S;32;0;103,06;318,18
S;32;0;102,46;321,13
S;32;0;101,89;324,08
S;32;0;101,35;327,04
S;32;0;100,83;330,00
S;32;0;100,34;332,97
S;32;0;99,88;335,94
S;32;0;99,45;338,92
S;32;0;99,05;341,90
S;32;0;98,65;344,88
S;32;0;98,22;347,86
S;32;0;97,77;350,83
S;32;0;97,33;353,81
S;32;0;96,90;356,79
S;32;0;96,50;359,77
S;32;0;96,14;362,75
S;32;0;95,84;365,75
S;32;0;95,60;368,74
S;32;0;95,45;371,75
S;32;0;95,40;374,76
S;32;0;95,47;377,76
S;32;0;95,67;380,76
S;32;0;96,03;383,75
S;32;0;96,56;386,71
S;32;0;97,28;389,63
S;32;0;98,21;392,49
S;32;0;99,35;395,27
S;32;0;100,72;397,95
S;32;0;102,32;400,50
S;32;0;104,16;402,87
S;32;0;106,25;405,03
S;32;0;108,56;406,95
S;32;0;111,07;408,61
S;32;0;113,74;409,99
S;32;0;116,53;411,11
S;32;0;119,41;411,97
S;32;0;122,35;412,58
S;32;0;125,34;412,98
S;32;0;128,34;413,16
S;32;0;131,34;413,17
S;32;0;134,35;412,99
S;32;0;137,34;412,67
S;32;0;140,31;412,19
S;32;0;143,25;411,58
S;32;0;146,16;410,84
S;32;0;149,04;409,97
S;32;0;151,88;408,98
S;32;0;154,68;407,86
S;32;0;157,42;406,62
S;32;0;160,12;405,30
S;32;0;162,78;403,91
S;32;0;165,41;402,45
S;32;0;168,01;400,93
S;32;0;170,57;399,35
S;32;0;173,10;397,72
S;32;0;175,59;396,03
S;32;0;178,04;394,30
S;32;0;180,46;392,51
S;32;0;182,85;390,68
S;32;0;185,19;388,79
S;32;0;187,50;386,87
S;32;0;189,77;384,90
S;32;0;192,01;382,88
S;32;0;194,20;380,82
S;32;0;196,35;378,72
S;32;0;198,46;376,58
S;32;0;200,52;374,39
S;32;0;202,54;372,16
S;32;0;204,51;369,88
S;32;0;206,43;367,57
S;32;0;208,30;365,21
S;32;0;210,11;362,82
S;32;0;211,88;360,38
S;32;0;213,59;357,91
S;32;0;215,25;355,40
S;32;0;216,85;352,85
S;32;0;218,39;350,27
S;32;0;219,86;347,64
S;32;0;221,26;344,98
S;32;0;222,59;342,28
S;32;0;223,83;339,55
S;32;0;224,99;336,77
S;32;0;226,04;333,95
S;32;0;226,99;331,10
S;32;0;227,81;328,20
S;32;0;228,48;325,27
S;32;0;228,99;322,31
S;32;0;229,30;319,32
S;32;0;229,38;316,31
S;32;0;229,21;313,31
S;32;0;228,72;310,34
S;32;0;227,88;307,46
S;32;0;226,67;304,71
S;32;0;225,07;302,17
S;32;0;223,11;299,89
S;32;0;220,83;297,92
S;32;0;218,32;296,28
S;32;0;215,63;294,94
S;32;0;212,81;293,88
S;32;0;209,92;293,06
S;32;0;206,97;292,46
S;32;0;204,00;292,04
S;32;0;201,00;291,78
S;32;0;198,00;291,66
S;32;0;194,99;291,65
S;32;0;191,98;291,76
S;32;0;188,98;291,95
S;32;0;185,99;292,23
S;32;0;183,00;292,58
G;33;0000;cap_H
S;33;2;123,71;284,53
S;33;2;126,49;285,59
S;33;2;129,42;286,11
S;33;2;132,39;286,44
S;33;2;135,37;286,66
S;33;2;138,35;286,81
S;33;2;141,34;286,91
S;33;2;144,32;286,97
S;33;2;147,31;287,00
S;33;2;150,30;287,01
S;33;2;153,28;286,99
S;33;2;156,27;286,96
S;33;2;159,26;286,91
S;33;2;162,24;286,85
S;33;2;165,23;286,78
S;33;2;168,21;286,70
S;33;2;171,20;286,61
S;33;2;174,18;286,51
S;33;2;177,17;286,40
S;33;2;180,15;286,29
S;33;2;183,14;286,17
S;33;2;186,12;286,04
S;33;2;189,10;285,92
S;33;2;192,09;285,78
S;33;2;195,07;285,65
S;33;2;198,06;285,51
S;33;2;201,04;285,37
S;33;2;204,02;285,23
S;33;2;207,01;285,09
S;33;2;209,99;284,96
S;33;2;212,97;284,82
S;33;2;215,96;284,70
S;33;2;218,94;284,60
S;33;2;221,93;284,54
S;33;2;224,91;284,68
S;33;2;227,89;284,93
S;33;2;230,86;285,21
S;33;2;233,83;285,50
S;33;2;236,80;285,79
S;33;2;239,78;286,05
S;33;2;242,76;286,28
S;33;2;245,74;286,45
S;33;2;248,72;286,50
S;33;2;251,67;286,12
S;33;1;299,83;168,32
S;33;1;298,37;170,96
S;33;1;296,97;173,62
S;33;1;295,61;176,31
S;33;1;294,31;179,03
S;33;1;293,04;181,76
S;33;1;291,82;184,52
S;33;1;290,64;187,29
S;33;1;289,50;190,08
S;33;1;288,40;192,88
S;33;1;287,32;195,70
S;33;1;286,28;198,52
S;33;1;285,26;201,36
S;33;1;284,27;204,20
S;33;1;283,30;207,06
S;33;1;282,34;209,91
S;33;1;281,40;212,78
S;33;1;280,48;215,65
S;33;1;279,57;218,52
S;33;1;278,66;221,39
S;33;1;277,76;224,26
S;33;1;276,86;227,14
S;33;1;275,96;230,02
S;33;1;275,06;232,89
S;33;1;274,15;235,76
S;33;1;273,23;238,63
S;33;1;272,30;241,50
S;33;1;271,36;244,36
S;33;1;270,39;247,22
S;33;1;269,41;250,06
S;33;1;268,41;252,90
S;33;1;267,36;255,73
S;33;1;266,26;258,53
S;33;1;265,10;261,32
S;33;1;263,92;264,09
S;33;1;262,71;266,85
S;33;1;261,50;269,60
S;33;1;260,29;272,36
S;33;1;259,10;275,13
S;33;1;257,95;277,92
S;33;1;256,85;280,72
S;33;1;255,81;283,55
S;33;1;254,85;286,41
S;33;1;253,98;289,29
S;33;1;253,20;292,20
S;33;1;252,45;295,12
S;33;1;251,73;298,05
S;33;1;251,03;300,98
S;33;1;250,34;303,91
S;33;1;249,67;306,85
S;33;1;249,00;309,78
S;33;1;248,34;312,72
S;33;1;247,68;315,66
S;33;1;247,01;318,60
S;33;1;246,33;321,54
S;33;1;245,64;324,47
S;33;1;244,93;327,40
S;33;1;244,20;330,32
S;33;1;243,44;333,24
S;33;1;242,66;336,15
S;33;1;241,84;339,04
S;33;1;240,98;341,93
S;33;1;240,08;344,81
S;33;1;239,13;347,67
S;33;1;238,13;350,51
S;33;1;237,09;353,34
S;33;1;236,01;356,15
S;33;1;234,91;358,95
S;33;1;233,81;361,76
S;33;1;232,71;364,57
S;33;1;231,63;367,38
S;33;1;230,58;370,20
S;33;1;229,55;373,03
S;33;1;228,55;375,88
S;33;1;227,60;378,73
S;33;1;226,70;381,61
S;33;1;225,85;384,50
S;33;1;225,07;387,41
S;33;1;224,37;390,34
S;33;1;223,76;393,29
S;33;1;223,25;396,26
S;33;1;222,86;399,25
S;33;1;222,60;402,25
S;33;1;222,49;405,26
S;33;1;222,57;408,27
S;33;1;222,85;411,27
S;33;1;223,35;414,24
S;33;1;224,12;417,15
S;33;1;225,15;419,98
S;33;1;226,48;422,69
S;33;1;228,09;425,23
S;33;0;175,39;151,65
S;33;0;173,93;154,25
S;33;0;172,48;156,87
S;33;0;171,05;159,49
S;33;0;169,64;162,13
S;33;0;168,25;164,77
S;33;0;166,87;167,42
S;33;0;165,51;170,08
S;33;0;164,17;172,75
S;33;0;162,84;175,43
S;33;0;161,53;178,11
S;33;0;160,24;180,81
S;33;0;158,96;183,50
S;33;0;157,69;186,21
S;33;0;156,44;188,92
S;33;0;155,20;191,64
S;33;0;153,98;194,37
S;33;0;152,77;197,10
S;33;0;151,58;199,84
S;33;0;150,39;202,58
S;33;0;149,22;205,33
S;33;0;148,07;208,09
S;33;0;146,92;210,85
S;33;0;145,79;213,61
S;33;0;144,67;216,38
S;33;0;143,56;219,15
S;33;0;142,46;221,93
S;33;0;141,38;224,72
S;33;0;140,30;227,50
S;33;0;139,24;230,30
S;33;0;138,18;233,09
S;33;0;137,14;235,89
S;33;0;136,11;238,69
S;33;0;135,09;241,50
S;33;0;134,07;244,31
S;33;0;133,07;247,13
S;33;0;132,08;249,94
S;33;0;131,09;252,77
S;33;0;130,12;255,59
S;33;0;129,15;258,42
S;33;0;128,20;261,25
S;33;0;127,25;264,08
S;33;0;126,31;266,92
S;33;0;125,38;269,76
S;33;0;124,45;272,60
S;33;0;123,54;275,44
S;33;0;122,63;278,29
S;33;0;121,73;281,14
S;33;0;120,84;283,99
S;33;0;119,96;286,84
S;33;0;119,08;289,70
S;33;0;118,21;292,56
S;33;0;117,35;295,42
S;33;0;116,49;298,28
S;33;0;115,64;301,14
S;33;0;114,80;304,01
S;33;0;113,96;306,88
S;33;0;113,13;309,75
S;33;0;112,31;312,62
S;33;0;111,49;315,49
S;33;0;110,68;318,37
S;33;0;109,87;321,25
S;33;0;109,07;324,12
S;33;0;108,27;327,00
S;33;0;107,48;329,88
S;33;0;106,70;332,77
S;33;0;105,92;335,65
S;33;0;105,14;338,54
S;33;0;104,37;341,42
S;33;0;103,61;344,31
S;33;0;102,85;347,20
S;33;0;102,09;350,09
S;33;0;101,34;352,98
S;33;0;100,59;355,87
S;33;0;99,85;358,77
S;33;0;99,06;361,65
S;33;0;98,23;364,52
S;33;0;97,35;367,38
S;33;0;96,45;370,22
S;33;0;95,52;373,06
S;33;0;94,58;375,90
S;33;0;93,64;378,73
S;33;0;92,69;381,57
S;33;0;91,76;384,41
S;33;0;90,83;387,25
S;33;0;89,93;390,10
S;33;0;89,05;392,95
S;33;0;88,21;395,82
S;33;0;87,41;398,70
S;33;0;86,65;401,59
S;33;0;85,95;404,49
S;33;0;85,31;407,41
S;33;0;84,74;410,34
S;33;0;84,25;413,29
S;33;0;83,85;416,25
S;33;0;83,55;419,22
S;33;0;83,37;422,20
S;33;0;83,30;425,19
S;33;0;83,38;428,18
S;33;0;83,59;431,16
S;33;0;83,96;434,12
S;33;0;84,50;437,06
S;33;0;85,21;439,96
G;34;0000;cap_I
S;34;2;68,51;405,41
S;34;2;71,50;405,57
S;34;2;74,49;405,10
S;34;2;77,45;404,51
S;34;2;80,43;403,96
S;34;2;83,44;403,74
S;34;2;86,46;403,81
S;34;2;89,48;404,01
S;34;2;92,49;404,28
S;34;2;95,50;404,59
S;34;2;98,51;404,88
S;34;2;101,53;405,11
S;34;2;104,55;405,23
S;34;2;107,58;405,17
S;34;2;110,59;404,86
S;34;2;113,57;404,36
S;34;2;116,53;403,76
S;34;2;119,49;403,14
S;34;2;122,47;402,59
S;34;2;125,47;402,19
S;34;2;128,48;402,00
S;34;2;131,51;401,91
S;34;2;134,53;401,87
S;34;2;137,56;401,88
S;34;2;140,58;401,91
S;34;2;143,61;401,96
S;34;2;146,63;402,01
S;34;2;149,66;402,05
S;34;2;152,68;402,07
S;34;2;155,70;402,05
S;34;2;158,73;401,99
S;34;2;161,75;401,88
S;34;2;164,78;401,78
S;34;2;167,80;401,68
S;34;2;170,82;401,57
S;34;2;173,84;401,43
S;34;2;176,86;401,27
S;34;2;179,88;401,06
S;34;2;182,89;400,79
S;34;2;185,89;400,39
S;34;2;188,76;399,51
S;34;1;186,43;186,59
S;34;1;185,65;189,48
S;34;1;184,87;192,38
S;34;1;184,08;195,27
S;34;1;183,29;198,16
S;34;1;182,49;201,04
S;34;1;181,69;203,93
S;34;1;180,88;206,82
S;34;1;180,07;209,70
S;34;1;179,26;212,59
S;34;1;178,44;215,47
S;34;1;177,62;218,35
S;34;1;176,79;221,23
S;34;1;175,96;224,11
S;34;1;175,13;226,99
S;34;1;174,29;229,87
S;34;1;173,46;232,74
S;34;1;172,61;235,62
S;34;1;171,77;238,49
S;34;1;170,92;241,37
S;34;1;170,07;244,24
S;34;1;169,22;247,11
S;34;1;168,36;249,98
S;34;1;167,51;252,86
S;34;1;166,65;255,73
S;34;1;165,79;258,60
S;34;1;164,92;261,47
S;34;1;164,06;264,33
S;34;1;163,19;267,20
S;34;1;162,33;270,07
S;34;1;161,46;272,94
S;34;1;160,58;275,80
S;34;1;159,71;278,67
S;34;1;158,84;281,54
S;34;1;157,97;284,40
S;34;1;157,09;287,27
S;34;1;156,22;290,14
S;34;1;155,34;293,00
S;34;1;154,46;295,87
S;34;1;153,58;298,73
S;34;1;152,71;301,60
S;34;1;151,83;304,46
S;34;1;150,95;307,33
S;34;1;150,08;310,19
S;34;1;149,20;313,06
S;34;1;148,32;315,92
S;34;1;147,44;318,79
S;34;1;146,57;321,65
S;34;1;145,69;324,52
S;34;1;144,82;327,38
S;34;1;143,95;330,25
S;34;1;143,07;333,12
S;34;1;142,20;335,98
S;34;1;141,33;338,85
S;34;1;140,47;341,72
S;34;1;139,60;344,59
S;34;1;138,73;347,46
S;34;1;137,87;350,33
S;34;1;137,01;353,20
S;34;1;136,15;356,07
S;34;1;135,29;358,94
S;34;1;134,44;361,81
S;34;1;133,59;364,68
S;34;1;132,74;367,55
S;34;1;131,89;370,43
S;34;1;131,04;373,30
S;34;1;130,20;376,18
S;34;1;129,36;379,06
S;34;1;128,53;381,93
S;34;1;127,70;384,81
S;34;1;126,87;387,69
S;34;1;126,04;390,57
S;34;1;125,22;393,45
S;34;1;124,40;396,34
S;34;1;123,59;399,22
S;34;0;126,11;191,88
S;34;0;129,01;191,25
S;34;0;131,89;190,51
S;34;0;134,74;189,69
S;34;0;137,59;188,84
S;34;0;140,44;187,99
S;34;0;143,29;187,18
S;34;0;146,17;186,45
S;34;0;149,08;185,83
S;34;0;152,01;185,36
S;34;0;154,96;185,05
S;34;0;157,93;184,86
S;34;0;160,90;184,76
S;34;0;163,87;184,71
S;34;0;166,84;184,68
S;34;0;169,81;184,64
S;34;0;172,78;184,56
S;34;0;175,74;184,40
S;34;0;178,70;184,13
S;34;0;181,64;183,72
S;34;0;184,55;183,12
S;34;0;187,40;182,29
S;34;0;190,19;181,26
S;34;0;192,92;180,10
S;34;0;195,63;178,88
S;34;0;198,34;177,67
S;34;0;201,08;176,53
S;34;0;203,88;175,55
S;34;0;206,75;174,77
S;34;0;209,68;174,28
S;34;0;212,64;173,99
S;34;0;215,60;173,76
S;34;0;218,56;173,60
S;34;0;221,53;173,50
S;34;0;224,50;173,45
S;34;0;227,47;173,45
S;34;0;230,44;173,48
S;34;0;233,41;173,55
S;34;0;236,38;173,64
S;34;0;239,35;173,74
S;34;0;242,32;173,86
S;34;0;245,29;173,98
S;34;0;248,25;174,09
S;34;0;251,22;174,20
S;34;0;254,19;174,29
S;34;0;257,16;174,36
S;34;0;260,13;174,40
G;35;0000;cap_J
S;35;0;141,69;161,08
S;35;0;144,64;161,57
S;35;0;147,62;161,57
S;35;0;150,60;161,26
S;35;0;153,54;160,75
S;35;0;156,46;160,12
S;35;0;159,37;159,42
S;35;0;162,27;158,70
S;35;0;165,18;157,99
S;35;0;168,09;157,33
S;35;0;171,03;156,77
S;35;0;173,99;156,35
S;35;0;176,97;156,14
S;35;0;179,96;156,24
S;35;0;182,90;156,75
S;35;0;185,69;157,79
S;35;0;188,19;159,42
S;35;0;190,27;161,57
S;35;0;191,73;164,16
S;35;0;192,27;167,09
S;35;0;192,31;170,08
S;35;0;192,08;173,06
S;35;0;191,68;176,02
S;35;0;191,15;178,96
S;35;0;190,54;181,89
S;35;0;189,85;184,80
S;35;0;189,10;187,69
S;35;0;188,31;190,57
S;35;0;187,47;193,45
S;35;0;186,60;196,31
S;35;0;185,71;199,16
S;35;0;184,78;202,00
S;35;0;183,83;204,83
S;35;0;182,86;207,66
S;35;0;181,87;210,48
S;35;0;180,87;213,30
S;35;0;179,84;216,11
S;35;0;178,81;218,91
S;35;0;177,76;221,71
S;35;0;176,70;224,51
S;35;0;175,63;227,30
S;35;0;174,55;230,09
S;35;0;173,47;232,88
S;35;0;172,38;235,66
S;35;0;171,30;238,45
S;35;0;170,25;241,25
S;35;0;169,21;244,05
S;35;0;168,19;246,86
S;35;0;167,18;249,67
S;35;0;166,18;252,49
S;35;0;165,20;255,32
S;35;0;164,23;258,14
S;35;0;163,27;260,98
S;35;0;162,32;263,81
S;35;0;161,38;266,65
S;35;0;160,45;269,49
S;35;0;159,53;272,34
S;35;0;158,62;275,18
S;35;0;157,71;278,03
S;35;0;156,81;280,88
S;35;0;155,91;283,73
S;35;0;155,02;286,59
S;35;0;154,13;289,44
S;35;0;153,25;292,30
S;35;0;152,37;295,15
S;35;0;151,49;298,01
S;35;0;150,61;300,87
S;35;0;149,73;303,73
S;35;0;148,85;306,59
S;35;0;147,98;309,44
S;35;0;147,10;312,30
S;35;0;146,22;315,16
S;35;0;145,34;318,02
S;35;0;144,45;320,87
S;35;0;143,57;323,73
S;35;0;142,68;326,58
S;35;0;141,78;329,43
S;35;0;140,88;332,29
S;35;0;139,98;335,14
S;35;0;139,07;337,98
S;35;0;138,15;340,83
S;35;0;137,23;343,67
S;35;0;136,30;346,51
S;35;0;135,36;349,35
S;35;0;134,41;352,19
S;35;0;133,45;355,02
S;35;0;132,48;357,85
S;35;0;131,50;360,67
S;35;0;130,51;363,49
S;35;0;129,51;366,31
S;35;0;128,50;369,12
S;35;0;127,47;371,93
S;35;0;126,43;374,73
S;35;0;125,38;377,53
S;35;0;124,31;380,32
S;35;0;123,23;383,11
S;35;0;122,13;385,89
S;35;0;121,01;388,66
S;35;0;119,87;391,43
S;35;0;118,72;394,19
S;35;0;117,55;396,94
S;35;0;116,36;399,68
S;35;0;115,15;402,41
S;35;0;113,91;405,14
S;35;0;112,66;407,85
S;35;0;111,38;410,55
S;35;0;110,08;413,24
S;35;0;108,76;415,93
S;35;0;107,41;418,59
S;35;0;106,03;421,25
S;35;0;104,63;423,89
S;35;0;103,20;426,51
S;35;0;101,74;429,12
S;35;0;100,25;431,72
S;35;0;98,74;434,29
S;35;0;97,19;436,85
S;35;0;95,61;439,39
S;35;0;94,00;441,91
S;35;0;92,36;444,41
S;35;0;90,68;446,89
S;35;0;88,97;449,34
S;35;0;87,22;451,76
S;35;0;85,34;454,08
S;35;0;83,31;456,28
S;35;0;81,14;458,33
S;35;0;78,83;460,23
S;35;0;76,40;461,97
S;35;0;73,85;463,53
S;35;0;71,19;464,89
S;35;0;68,43;466,04
S;35;0;65,59;466,97
S;35;0;62,68;467,64
S;35;0;59,72;468,04
S;35;0;56,73;468,16
S;35;0;53,75;467,96
S;35;0;50,81;467,43
S;35;0;47,95;466,57
S;35;0;45,21;465,37
S;35;0;42,63;463,86
S;35;0;40,25;462,06
S;35;0;38,08;460,00
S;35;0;36,15;457,72
S;35;0;34,44;455,27
S;35;0;32,95;452,67
S;35;0;31,68;449,97
G;36;0000;cap_K
S;36;1;286,66;176,30
S;36;1;284,12;177,92
S;36;1;281,58;179,54
S;36;1;279,05;181,16
S;36;1;276,52;182,79
S;36;1;273,99;184,43
S;36;1;271,47;186,07
S;36;1;268,95;187,72
S;36;1;266,44;189,38
S;36;1;263,93;191,04
S;36;1;261,42;192,71
S;36;1;258,93;194,39
S;36;1;256,43;196,08
S;36;1;253,95;197,78
S;36;1;251,47;199,48
S;36;1;248,99;201,20
S;36;1;246,53;202,93
S;36;1;244,07;204,66
S;36;1;241,62;206,41
S;36;1;239,18;208,17
S;36;1;236,74;209,94
S;36;1;234,32;211,73
S;36;1;231,90;213,53
S;36;1;229,50;215,34
S;36;1;227,10;217,16
S;36;1;224,72;219,00
S;36;1;222,34;220,85
S;36;1;219,98;222,72
S;36;1;217,64;224,60
S;36;1;215,31;226,51
S;36;1;213,01;228,46
S;36;1;210,73;230,42
S;36;1;208,47;232,41
S;36;1;206,22;234,41
S;36;1;203,98;236,43
S;36;1;201,75;238,44
S;36;1;199,51;240,45
S;36;1;197,26;242,46
S;36;1;195,00;244,45
S;36;1;192,73;246,42
S;36;1;190,44;248,37
S;36;1;188,12;250,29
S;36;1;185,78;252,18
S;36;1;183,40;254,03
S;36;1;180,98;255,82
S;36;1;178,53;257,57
S;36;1;176,04;259,26
S;36;1;173,52;260,91
S;36;1;170,98;262,53
S;36;1;168,43;264,12
S;36;1;165,86;265,69
S;36;1;163,28;267,25
S;36;1;160,70;268,80
S;36;1;158,12;270,34
S;36;1;155,54;271,89
S;36;1;152,96;273,45
S;36;1;150,39;275,02
S;36;1;147,84;276,62
S;36;1;145,30;278,24
S;36;1;142,79;279,89
S;36;1;140,29;281,58
S;36;1;137,83;283,31
S;36;1;135,41;285,09
S;36;1;133,02;286,93
S;36;1;130,69;288,83
S;36;1;128,41;290,80
S;36;1;126,19;292,83
S;36;1;124,05;294,95
S;36;1;122,00;297,15
S;36;1;120,04;299,44
S;36;1;118,19;301,81
S;36;1;116,47;304,28
S;36;1;114,90;306,85
S;36;1;113,48;309,50
S;36;1;112,18;312,22
S;36;1;111,01;314,99
S;36;1;109,93;317,80
S;36;1;108,93;320,64
S;36;1;108,00;323,51
S;36;1;107,13;326,39
S;36;1;106,30;329,28
S;36;1;105,49;332,18
S;36;1;104,69;335,08
S;36;1;103,89;337,98
S;36;1;103,06;340,88
S;36;1;102,20;343,76
S;36;1;101,29;346,63
S;36;1;100,35;349,49
S;36;1;99,40;352,35
S;36;1;98,44;355,20
S;36;1;97,49;358,06
S;36;1;96,53;360,91
S;36;1;95,58;363,77
S;36;1;94,63;366,62
S;36;1;93,68;369,48
S;36;1;92,75;372,35
S;36;1;91,83;375,21
S;36;1;90,92;378,08
S;36;1;90,02;380,95
S;36;1;89,14;383,83
S;36;1;88,28;386,72
S;36;1;87,45;389,61
S;36;1;86,64;392,51
S;36;1;85,85;395,42
S;36;1;85,10;398,33
S;36;1;84,38;401,25
S;36;1;83,69;404,19
S;36;1;83,04;407,12
S;36;1;82,43;410,07
S;36;1;81,87;413,03
S;36;0;172,49;166,48
S;36;0;171,17;169,16
S;36;0;169,89;171,86
S;36;0;168,64;174,58
S;36;0;167,42;177,30
S;36;0;166,22;180,04
S;36;0;165,04;182,79
S;36;0;163,88;185,54
S;36;0;162,73;188,30
S;36;0;161,58;191,06
S;36;0;160,44;193,82
S;36;0;159,30;196,58
S;36;0;158,15;199,34
S;36;0;157,00;202,09
S;36;0;155,83;204,84
S;36;0;154,64;207,58
S;36;0;153,43;210,32
S;36;0;152,20;213,04
S;36;0;150,93;215,74
S;36;0;149,63;218,43
S;36;0;148,30;221,11
S;36;0;146,95;223,78
S;36;0;145,60;226,44
S;36;0;144,25;229,11
S;36;0;142,92;231,78
S;36;0;141,60;234,47
S;36;0;140,32;237,16
S;36;0;139,07;239,88
S;36;0;137,87;242,62
S;36;0;136,74;245,38
S;36;0;135,67;248,17
S;36;0;134,68;250,99
S;36;0;133,78;253,84
S;36;0;132,99;256,72
S;36;0;132,33;259,63
S;36;0;131,80;262,57
S;36;0;131,44;265,54
S;36;0;131,30;268,52
S;36;0;131,37;271,51
S;36;0;131,63;274,49
S;36;0;132,07;277,44
S;36;0;132,67;280,37
S;36;0;133,39;283,27
S;36;0;134,21;286,14
S;36;0;135,10;288,99
S;36;0;136,04;291,83
S;36;0;137,00;294,66
S;36;0;137,97;297,49
S;36;0;138,91;300,32
S;36;0;139,80;303,17
S;36;0;140,65;306,04
S;36;0;141,51;308,90
S;36;0;142,39;311,76
S;36;0;143,28;314,61
S;36;0;144,19;317,46
S;36;0;145,11;320,30
S;36;0;146,06;323,13
S;36;0;147,02;325,96
S;36;0;148,01;328,78
S;36;0;149,03;331,59
S;36;0;150,06;334,39
S;36;0;151,13;337,18
S;36;0;152,22;339,96
S;36;0;153,35;342,73
S;36;0;154,50;345,49
S;36;0;155,69;348,23
S;36;0;156,91;350,96
S;36;0;158,17;353,67
S;36;0;159,46;356,36
S;36;0;160,80;359,03
S;36;0;162,17;361,69
S;36;0;163,59;364,32
S;36;0;165,05;366,93
S;36;0;166,55;369,51
S;36;0;168,10;372,06
S;36;0;169,71;374,58
S;36;0;171,36;377,07
S;36;0;173,06;379,53
S;36;0;174,82;381,94
S;36;0;176,63;384,32
S;36;0;178,50;386,65
S;36;0;180,43;388,93
S;36;0;182,42;391,16
S;36;0;184,46;393,34
S;36;0;186,57;395,46
S;36;0;188,74;397,52
S;36;0;190,97;399,51
S;36;0;193,26;401,42
S;36;0;195,61;403,27
S;36;0;198,02;405,04
S;36;0;200,48;406,72
S;36;0;203,01;408,32
S;36;0;205,59;409,83
S;36;0;208,22;411,25
S;36;0;210,90;412,57
S;36;0;213,62;413,80
S;36;0;216,39;414,93
S;36;0;219,19;415,96
G;37;0000;cap_L
S;37;0;181,51;158,80
S;37;0;179,62;161,14
S;37;0;177,75;163,50
S;37;0;175,90;165,87
S;37;0;174,08;168,27
S;37;0;172,27;170,68
S;37;0;170,49;173,11
S;37;0;168,73;175,55
S;37;0;166,99;178,00
S;37;0;165,27;180,47
S;37;0;163,57;182,96
S;37;0;161,89;185,45
S;37;0;160,22;187,96
S;37;0;158,58;190,48
S;37;0;156,95;193,01
S;37;0;155,34;195,56
S;37;0;153,75;198,11
S;37;0;152,17;200,67
S;37;0;150,61;203,25
S;37;0;149,06;205,83
S;37;0;147,54;208,43
S;37;0;146,02;211,03
S;37;0;144,53;213,64
S;37;0;143,05;216,26
S;37;0;141,58;218,89
S;37;0;140,13;221,53
S;37;0;138,70;224,18
S;37;0;137,28;226,83
S;37;0;135,88;229,49
S;37;0;134,49;232,16
S;37;0;133,12;234,84
S;37;0;131,76;237,53
S;37;0;130,41;240,22
S;37;0;129,09;242,92
S;37;0;127,77;245,63
S;37;0;126,47;248,35
S;37;0;125,19;251,07
S;37;0;123,92;253,80
S;37;0;122,67;256,54
S;37;0;121,43;259,28
S;37;0;120,21;262,03
S;37;0;119,00;264,79
S;37;0;117,81;267,55
S;37;0;116,64;270,32
S;37;0;115,48;273,10
S;37;0;114,33;275,89
S;37;0;113,21;278,68
S;37;0;112,10;281,47
S;37;0;111,00;284,28
S;37;0;109,93;287,09
S;37;0;108,87;289,91
S;37;0;107,83;292,73
S;37;0;106,80;295,56
S;37;0;105,80;298,40
S;37;0;104,81;301,24
S;37;0;103,84;304,09
S;37;0;102,89;306,95
S;37;0;101,96;309,81
S;37;0;101,06;312,68
S;37;0;100,17;315,56
S;37;0;99,30;318,44
S;37;0;98,46;321,33
S;37;0;97,64;324,23
S;37;0;96,85;327,13
S;37;0;96,07;330,04
S;37;0;95,33;332,96
S;37;0;94,61;335,88
S;37;0;93,91;338,81
S;37;0;93,25;341,74
S;37;0;92,61;344,69
S;37;0;92,01;347,63
S;37;0;91,46;350,59
S;37;0;91,01;353,57
S;37;0;90,67;356,56
S;37;0;90,44;359,56
S;37;0;90,34;362,57
S;37;0;90,36;365,58
S;37;0;90,51;368,58
S;37;0;90,81;371,58
S;37;0;91,26;374,56
S;37;0;91,87;377,50
S;37;0;92,63;380,41
S;37;0;93,57;383,28
S;37;0;94,67;386,08
S;37;0;95,95;388,80
S;37;0;97,40;391,44
S;37;0;99,03;393,97
S;37;0;100,82;396,38
S;37;0;102,78;398,67
S;37;0;104,89;400,81
S;37;0;107,15;402,80
S;37;0;109,54;404,63
S;37;0;112,05;406,29
S;37;0;114,67;407,78
S;37;0;117,37;409,09
S;37;0;120,16;410,24
S;37;0;123,01;411,21
S;37;0;125,91;412,01
S;37;0;128,85;412,65
S;37;0;131,82;413,14
S;37;0;134,81;413,48
S;37;0;137,81;413,67
S;37;0;140,82;413,72
S;37;0;143,83;413,64
S;37;0;146,83;413,44
S;37;0;149,83;413,13
S;37;0;152,81;412,70
S;37;0;155,77;412,16
S;37;0;158,71;411,53
S;37;0;161,64;410,84
S;37;0;164,57;410,14
S;37;0;167,49;409,42
S;37;0;170,41;408,68
S;37;0;173,32;407,92
S;37;0;176,23;407,14
S;37;0;179,13;406,34
S;37;0;182,03;405,52
S;37;0;184,92;404,68
S;37;0;187,80;403,81
S;37;0;190,68;402,93
S;37;0;193,55;402,02
S;37;0;196,41;401,10
S;37;0;199,27;400,15
S;37;0;202,12;399,18
S;37;0;204,96;398,19
G;38;0000;cap_M
S;38;2;179,31;223,49
S;38;2;176,41;224,19
S;38;2;173,74;225,55
S;38;2;171,27;227,24
S;38;2;168,94;229,13
S;38;2;166,72;231,14
S;38;2;164,58;233,24
S;38;2;162,52;235,41
S;38;2;160,51;237,64
S;38;2;158,56;239,92
S;38;2;156,66;242,24
S;38;2;154,81;244,59
S;38;2;153,00;246,98
S;38;2;151,24;249,41
S;38;2;149,52;251,87
S;38;2;147,86;254,36
S;38;2;146,26;256,89
S;38;2;144,75;259,48
S;38;2;143,38;262,15
S;38;2;142,13;264,87
S;38;2;140,85;267,58
S;38;2;139,57;270,29
S;38;2;138,26;272,99
S;38;2;136,94;275,68
S;38;2;135,61;278,36
S;38;2;134,26;281,04
S;38;2;132,90;283,71
S;38;2;131,53;286,38
S;38;2;130,14;289,04
S;38;2;128,75;291,69
S;38;2;127,34;294,34
S;38;2;125,93;296,98
S;38;2;124,50;299,62
S;38;2;123,07;302,25
S;38;2;121,63;304,88
S;38;2;120,18;307,50
S;38;2;118,73;310,12
S;38;2;117,27;312,74
S;38;2;115,80;315,35
S;38;2;114,33;317,96
S;38;2;112,85;320,57
S;38;2;111,37;323,18
S;38;2;109,89;325,79
S;38;2;108,41;328,39
S;38;2;106,92;330,99
S;38;2;105,43;333,59
S;38;2;103,94;336,20
S;38;2;102,45;338,80
S;38;2;100,96;341,40
S;38;2;99,47;344,00
S;38;2;97,99;346,60
S;38;2;96,50;349,21
S;38;2;95,02;351,81
S;38;2;93,54;354,42
S;38;2;92,07;357,03
S;38;2;90,60;359,64
S;38;2;89,13;362,26
S;38;2;87,67;364,87
S;38;2;86,22;367,49
S;38;2;84,77;370,12
S;38;2;83,33;372,75
S;38;2;81,90;375,38
S;38;2;80,48;378,02
S;38;2;79,06;380,66
S;38;2;77,63;383,30
S;38;2;76,22;385,94
S;38;2;74,84;388,60
S;38;2;73,49;391,28
S;38;2;72,18;393,97
S;38;2;70,92;396,70
S;38;2;69,73;399,44
S;38;2;68,61;402,22
S;38;2;67,57;405,04
S;38;2;66,64;407,88
S;38;2;65,84;410,77
S;38;2;65,21;413,70
S;38;2;64,80;416,67
S;38;2;64,67;419,66
S;38;2;64,94;422,65
S;38;2;65,74;425,53
S;38;1;330,00;176,89
S;38;1;330,25;179,88
S;38;1;330,44;182,88
S;38;1;330,54;185,88
S;38;1;330,58;188,88
S;38;1;330,55;191,88
S;38;1;330,46;194,88
S;38;1;330,30;197,88
S;38;1;330,09;200,87
S;38;1;329,81;203,86
S;38;1;329,48;206,84
S;38;1;329,10;209,82
S;38;1;328,67;212,79
S;38;1;328,20;215,75
S;38;1;327,69;218,71
S;38;1;327,13;221,66
S;38;1;326,54;224,60
S;38;1;325,91;227,54
S;38;1;325,26;230,47
S;38;1;324,57;233,39
S;38;1;323,87;236,31
S;38;1;323,13;239,22
S;38;1;322,38;242,13
S;38;1;321,62;245,03
S;38;1;320,84;247,92
S;38;1;320,04;250,82
S;38;1;319,24;253,71
S;38;1;318,43;256,60
S;38;1;317,62;259,49
S;38;1;316,81;262,38
S;38;1;316,00;265,27
S;38;1;315,19;268,16
S;38;1;314,39;271,06
S;38;1;313,60;273,95
S;38;1;312,82;276,85
S;38;1;312,05;279,75
S;38;1;311,30;282,66
S;38;1;310,58;285,57
S;38;1;309,87;288,49
S;38;1;309,20;291,41
S;38;1;308,54;294,34
S;38;1;307,89;297,27
S;38;1;307,24;300,20
S;38;1;306,61;303,14
S;38;1;305,99;306,07
S;38;1;305,38;309,01
S;38;1;304,78;311,95
S;38;1;304,19;314,90
S;38;1;303,61;317,84
S;38;1;303,04;320,79
S;38;1;302,48;323,74
S;38;1;301,93;326,69
S;38;1;301,39;329,64
S;38;1;300,86;332,59
S;38;1;300,34;335,55
S;38;1;299,83;338,51
S;38;1;299,32;341,47
S;38;1;298,83;344,43
S;38;1;298,35;347,39
S;38;1;297,88;350,36
S;38;1;297,42;353,32
S;38;1;296,97;356,29
S;38;1;296,53;359,26
S;38;1;296,10;362,23
S;38;1;295,67;365,20
S;38;1;295,26;368,17
S;38;1;294,86;371,15
S;38;1;294,47;374,12
S;38;1;294,08;377,10
S;38;1;293,71;380,08
S;38;1;293,35;383,06
S;38;1;292,99;386,04
S;38;1;292,65;389,02
S;38;1;292,31;392,00
S;38;1;291,99;394,99
S;38;1;291,67;397,97
S;38;1;291,36;400,96
S;38;1;291,07;403,94
S;38;1;290,78;406,93
S;38;1;290,50;409,92
S;38;1;290,23;412,91
S;38;1;289,97;415,90
S;38;0;192,90;174,14
S;38;0;193,33;177,11
S;38;0;193,62;180,09
S;38;0;193,76;183,08
S;38;0;193,69;186,07
S;38;0;193,38;189,05
S;38;0;192,80;191,99
S;38;0;191,93;194,86
S;38;0;190,80;197,63
S;38;0;189,48;200,32
S;38;0;188,08;202,97
S;38;0;186,71;205,64
S;38;0;185,46;208,36
S;38;0;184,40;211,16
S;38;0;183,56;214,03
S;38;0;182,94;216,96
S;38;0;182,53;219,93
S;38;0;182,29;222,92
S;38;0;182,19;225,91
S;38;0;182,20;228,91
S;38;0;182,29;231,90
S;38;0;182,43;234,90
S;38;0;182,58;237,89
S;38;0;182,72;240,88
S;38;0;182,81;243,88
S;38;0;182,82;246,87
S;38;0;182,73;249,87
S;38;0;182,50;252,85
S;38;0;182,13;255,83
S;38;0;181,71;258,79
S;38;0;181,26;261,75
S;38;0;180,77;264,71
S;38;0;180,26;267,66
S;38;0;179,73;270,61
S;38;0;179,17;273,56
S;38;0;178,60;276,50
S;38;0;178,02;279,44
S;38;0;177,42;282,37
S;38;0;176,82;285,31
S;38;0;176,21;288,24
S;38;0;175,60;291,17
S;38;0;175,00;294,11
S;38;0;174,40;297,04
S;38;0;173,81;299,98
S;38;0;173,22;302,92
S;38;0;172,66;305,86
S;38;0;172,11;308,81
S;38;0;171,58;311,76
S;38;0;171,08;314,71
S;38;0;170,60;317,67
S;38;0;170,16;320,63
S;38;0;169,75;323,60
S;38;0;169,37;326,57
S;38;0;169,04;329,55
S;38;0;168,75;332,53
S;38;0;168,38;335,50
S;38;0;167,95;338,47
S;38;0;167,49;341,43
S;38;0;167,04;344,39
S;38;0;166,60;347,36
S;38;0;166,19;350,32
S;38;0;165,81;353,30
S;38;0;165,48;356,27
S;38;0;165,21;359,26
S;38;0;165,01;362,25
S;38;0;164,91;365,24
S;38;0;164,92;368,24
S;38;0;165,08;371,23
S;38;0;165,42;374,20
S;38;0;166,02;377,14
S;38;0;166,95;379,98
S;38;0;168,34;382,63
S;38;0;170,31;384,88
S;38;0;172,74;386,62
S;38;0;175,52;387,73
S;38;0;178,49;388,04
S;38;0;181,43;387,56
S;38;0;184,22;386,45
S;38;0;186,79;384,93
S;38;0;189,18;383,12
S;38;0;191,41;381,12
S;38;0;193,50;378,98
S;38;0;195,49;376,73
S;38;0;197,38;374,41
S;38;0;199,19;372,02
S;38;0;200,94;369,59
S;38;0;202,62;367,11
S;38;0;204,26;364,60
S;38;0;205,85;362,06
S;38;0;207,40;359,50
S;38;0;208,92;356,92
S;38;0;210,41;354,32
S;38;0;211,88;351,71
S;38;0;213,35;349,10
S;38;0;214,81;346,48
S;38;0;216,31;343,89
S;38;0;217,87;341,33
S;38;0;219,43;338,77
S;38;0;221,00;336,22
S;38;0;222,58;333,67
S;38;0;224,15;331,12
S;38;0;225,73;328,58
S;38;0;227,31;326,03
S;38;0;228,89;323,48
S;38;0;230,47;320,94
S;38;0;232,05;318,39
S;38;0;233,63;315,85
S;38;0;235,21;313,30
S;38;0;236,79;310,76
S;38;0;238,37;308,21
S;38;0;239,95;305,66
S;38;0;241,52;303,12
S;38;0;243,10;300,57
S;38;0;244,67;298,01
S;38;0;246,23;295,46
S;38;0;247,80;292,91
S;38;0;249,36;290,35
S;38;0;250,91;287,79
S;38;0;252,46;285,22
S;38;0;254,00;282,65
S;38;0;255,54;280,08
S;38;0;257,07;277,51
S;38;0;258,60;274,93
S;38;0;260,12;272,35
S;38;0;261,63;269,76
S;38;0;263,13;267,17
S;38;0;264,63;264,57
S;38;0;266,11;261,97
S;38;0;267,59;259,36
S;38;0;269,06;256,75
S;38;0;270,53;254,14
S;38;0;271,99;251,53
S;38;0;273,45;248,91
S;38;0;274,91;246,29
S;38;0;276,38;243,68
S;38;0;277,84;241,07
S;38;0;279,32;238,46
S;38;0;280,79;235,85
S;38;0;282,28;233,25
S;38;0;283,78;230,66
S;38;0;285,29;228,07
S;38;0;286,82;225,49
S;38;0;288,36;222,92
S;38;0;289,92;220,37
S;38;0;291,50;217,82
S;38;0;293,11;215,29
S;38;0;294,74;212,78
S;38;0;296,39;210,28
S;38;0;298,07;207,79
S;38;0;299,77;205,33
S;38;0;301,51;202,89
S;38;0;303,27;200,47
S;38;0;305,07;198,07
S;38;0;306,90;195,70
S;38;0;308,75;193,35
S;38;0;310,65;191,02
S;38;0;312,57;188,72
S;38;0;314,52;186,46
S;38;0;316,51;184,21
S;38;0;318,53;182,00
S;38;0;320,58;179,82
S;38;0;322,67;177,66
S;38;0;324,78;175,54
G;39;0000;cap_N
S;39;0;309,72;142,23
S;39;0;309,02;145,15
S;39;0;308,32;148,07
S;39;0;307,63;150,99
S;39;0;306,94;153,91
S;39;0;306,25;156,83
S;39;0;305,57;159,75
S;39;0;304,89;162,67
S;39;0;304,22;165,60
S;39;0;303,55;168,52
S;39;0;302,88;171,45
S;39;0;302,21;174,37
S;39;0;301,55;177,30
S;39;0;300,88;180,23
S;39;0;300,22;183,16
S;39;0;299,57;186,08
S;39;0;298,91;189,01
S;39;0;298,25;191,94
S;39;0;297,60;194,87
S;39;0;296,95;197,80
S;39;0;296,30;200,73
S;39;0;295,65;203,66
S;39;0;295,00;206,59
S;39;0;294,35;209,52
S;39;0;293,70;212,45
S;39;0;293,05;215,38
S;39;0;292,40;218,31
S;39;0;291,75;221,24
S;39;0;291,10;224,17
S;39;0;290,45;227,09
S;39;0;289,80;230,02
S;39;0;289,14;232,95
S;39;0;288,49;235,88
S;39;0;287,83;238,81
S;39;0;287,18;241,74
S;39;0;286,52;244,67
S;39;0;285,86;247,59
S;39;0;285,19;250,52
S;39;0;284,53;253,45
S;39;0;283,86;256,37
S;39;0;283,19;259,30
S;39;0;282,51;262,22
S;39;0;281,84;265,14
S;39;0;281,15;268,07
S;39;0;280,47;270,99
S;39;0;279,78;273,91
S;39;0;279,09;276,83
S;39;0;278,40;279,75
S;39;0;277,69;282,67
S;39;0;276,99;285,58
S;39;0;276,28;288,50
S;39;0;275,57;291,41
S;39;0;274,85;294,33
S;39;0;274,12;297,24
S;39;0;273,39;300,15
S;39;0;272,66;303,06
S;39;0;271,92;305,97
S;39;0;271,17;308,88
S;39;0;270,42;311,78
S;39;0;269,66;314,68
S;39;0;268,89;317,59
S;39;0;268,12;320,49
S;39;0;267,34;323,38
S;39;0;266,56;326,28
S;39;0;265,77;329,17
S;39;0;264,97;332,07
S;39;0;264,16;334,96
S;39;0;263,34;337,84
S;39;0;262,52;340,73
S;39;0;261,69;343,61
S;39;0;260,85;346,50
S;39;0;260,00;349,37
S;39;0;259,15;352,25
S;39;0;258,27;355,12
S;39;0;257,38;357,99
S;39;0;256,47;360,85
S;39;0;255,53;363,70
S;39;0;254,57;366,54
S;39;0;253,58;369,37
S;39;0;252,57;372,20
S;39;0;251,52;375,01
S;39;0;250,44;377,81
S;39;0;249,32;380,59
S;39;0;248,16;383,36
S;39;0;246,95;386,11
S;39;0;245,69;388,83
S;39;0;244,36;391,52
S;39;0;242,96;394,18
S;39;0;241,47;396,78
S;39;0;239,87;399,32
S;39;0;238,14;401,77
S;39;0;236,22;404,07
S;39;0;234,05;406,15
S;39;0;231,56;407,81
S;39;0;228,70;408,67
S;39;0;225,72;408,48
S;39;0;222,80;407,80
S;39;0;220,03;406,64
S;39;0;217,49;405,05
S;39;0;215,21;403,10
S;39;0;213,20;400,88
S;39;0;211,44;398,45
S;39;0;209,90;395,88
S;39;0;208,54;393,20
S;39;0;207,35;390,44
S;39;0;206,30;387,63
S;39;0;205,36;384,78
S;39;0;204,52;381,90
S;39;0;203,76;379,00
S;39;0;203,07;376,08
S;39;0;202,44;373,15
S;39;0;201,84;370,21
S;39;0;201,27;367,26
S;39;0;200,72;364,31
S;39;0;200,15;361,36
S;39;0;199,54;358,43
S;39;0;198,92;355,49
S;39;0;198,31;352,55
S;39;0;197,73;349,61
S;39;0;197,16;346,66
S;39;0;196,62;343,71
S;39;0;196,10;340,75
S;39;0;195,60;337,79
S;39;0;195,13;334,83
S;39;0;194,68;331,86
S;39;0;194,25;328,89
S;39;0;193,85;325,92
S;39;0;193,47;322,94
S;39;0;193,12;319,96
S;39;0;192,79;316,98
S;39;0;192,48;313,99
S;39;0;192,20;311,01
S;39;0;191,95;308,02
S;39;0;191,72;305,02
S;39;0;191,51;302,03
S;39;0;191,33;299,03
S;39;0;191,17;296,04
S;39;0;191,03;293,04
S;39;0;190,91;290,04
S;39;0;190,81;287,04
S;39;0;190,73;284,04
S;39;0;190,67;281,04
S;39;0;190,63;278,04
S;39;0;190,61;275,04
S;39;0;190,61;272,04
S;39;0;190,61;269,04
S;39;0;190,64;266,04
S;39;0;190,68;263,04
S;39;0;190,73;260,04
S;39;0;190,79;257,04
S;39;0;190,86;254,04
S;39;0;190,98;251,04
S;39;0;191,14;248,04
S;39;0;191,31;245,05
S;39;0;191,48;242,05
S;39;0;191,65;239,05
S;39;0;191,79;236,06
S;39;0;191,89;233,06
S;39;0;191,95;230,06
S;39;0;191,95;227,06
S;39;0;191,88;224,06
S;39;0;191,72;221,06
S;39;0;191,47;218,07
S;39;0;191,09;215,09
S;39;0;190,58;212,14
S;39;0;189,91;209,21
S;39;0;189,07;206,33
S;39;0;188,03;203,52
S;39;0;186,77;200,79
S;39;0;185,28;198,19
S;39;0;183,54;195,75
S;39;0;181,13;194,01
S;39;0;178,19;194,13
S;39;0;175,62;195,65
S;39;0;173,44;197,70
S;39;0;171,51;200,00
S;39;0;169,75;202,43
S;39;0;168,12;204,95
S;39;0;166,58;207,53
S;39;0;165,11;210,14
S;39;0;163,70;212,79
S;39;0;162,35;215,47
S;39;0;161,04;218,17
S;39;0;159,76;220,89
S;39;0;158,52;223,62
S;39;0;157,30;226,36
S;39;0;156,11;229,12
S;39;0;154,94;231,88
S;39;0;153,80;234,65
S;39;0;152,66;237,43
S;39;0;151,54;240,22
S;39;0;150,42;243,00
S;39;0;149,23;245,75
S;39;0;148,03;248,50
S;39;0;146,84;251,26
S;39;0;145,67;254,02
S;39;0;144,52;256,79
S;39;0;143,37;259,57
S;39;0;142,24;262,35
S;39;0;141,12;265,13
S;39;0;140,01;267,92
S;39;0;138,91;270,71
S;39;0;137,81;273,50
S;39;0;136,73;276,30
S;39;0;135,65;279,10
S;39;0;134,58;281,90
S;39;0;133,51;284,71
S;39;0;132,45;287,52
S;39;0;131,39;290,32
S;39;0;130,33;293,13
S;39;0;129,28;295,94
S;39;0;128,23;298,75
S;39;0;127,18;301,56
S;39;0;126,12;304,37
S;39;0;125,07;307,18
S;39;0;124,01;309,99
S;39;0;122,95;312,80
S;39;0;121,89;315,61
S;39;0;120,82;318,41
S;39;0;119,75;321,21
S;39;0;118,67;324,01
S;39;0;117,58;326,81
S;39;0;116,48;329,60
S;39;0;115,38;332,39
S;39;0;114,27;335,18
S;39;0;113,16;337,97
S;39;0;112,05;340,76
S;39;0;110,94;343,55
S;39;0;109,83;346,33
S;39;0;108,73;349,12
S;39;0;107,62;351,91
S;39;0;106,52;354,71
S;39;0;105,43;357,50
S;39;0;104,33;360,30
S;39;0;103,25;363,09
S;39;0;102,17;365,89
S;39;0;101,10;368,70
S;39;0;100,04;371,50
S;39;0;98,99;374,31
S;39;0;97,94;377,13
S;39;0;96,91;379,95
S;39;0;95,89;382,77
S;39;0;94,89;385,60
S;39;0;93,89;388,43
S;39;0;92,91;391,26
S;39;0;91,95;394,11
S;39;0;91,00;396,95
S;39;0;90,07;399,81
S;39;0;89,16;402,67
S;39;0;88,26;405,53
S;39;0;87,39;408,40
S;39;0;86,53;411,28
S;39;0;85,70;414,16
S;39;0;84,88;417,05
S;39;0;84,09;419,94
S;39;0;83,32;422,84
S;39;0;82,58;425,75
G;40;0000;cap_O
S;40;0;205,94;165,39
S;40;0;208,93;165,66
S;40;0;211,90;166,10
S;40;0;214,84;166,70
S;40;0;217,74;167,48
S;40;0;220,58;168,45
S;40;0;223,35;169,62
S;40;0;226,02;171,00
S;40;0;228,58;172,57
S;40;0;231,01;174,33
S;40;0;233,30;176,27
S;40;0;235,43;178,38
S;40;0;237,41;180,64
S;40;0;239,22;183,03
S;40;0;240,88;185,54
S;40;0;242,38;188,14
S;40;0;243,73;190,82
S;40;0;244,94;193,57
S;40;0;246,01;196,38
S;40;0;246,96;199,22
S;40;0;247,79;202,11
S;40;0;248,52;205,02
S;40;0;249,14;207,96
S;40;0;249,67;210,92
S;40;0;250,12;213,89
S;40;0;250,48;216,87
S;40;0;250,77;219,86
S;40;0;250,98;222,85
S;40;0;251,13;225,85
S;40;0;251,22;228,85
S;40;0;251,24;231,86
S;40;0;251,21;234,86
S;40;0;251,13;237,86
S;40;0;251,00;240,86
S;40;0;250,82;243,86
S;40;0;250,58;246,85
S;40;0;250,26;249,84
S;40;0;249,88;252,82
S;40;0;249,44;255,79
S;40;0;248,94;258,75
S;40;0;248,39;261,70
S;40;0;247,78;264,64
S;40;0;247,14;267,58
S;40;0;246,45;270,50
S;40;0;245,72;273,41
S;40;0;244,95;276,31
S;40;0;244,14;279,21
S;40;0;243,30;282,09
S;40;0;242,42;284,96
S;40;0;241,51;287,82
S;40;0;240,57;290,68
S;40;0;239,60;293,52
S;40;0;238,60;296,35
S;40;0;237,56;299,17
S;40;0;236,50;301,98
S;40;0;235,41;304,78
S;40;0;234,30;307,56
S;40;0;233,15;310,34
S;40;0;231,98;313,11
S;40;0;230,78;315,86
S;40;0;229,55;318,60
S;40;0;228,30;321,33
S;40;0;227,02;324,05
S;40;0;225,71;326,75
S;40;0;224,38;329,44
S;40;0;223,02;332,12
S;40;0;221,63;334,78
S;40;0;220,22;337,43
S;40;0;218,78;340,07
S;40;0;217,31;342,68
S;40;0;215,81;345,29
S;40;0;214,28;347,87
S;40;0;212,73;350,44
S;40;0;211,15;353,00
S;40;0;209,53;355,53
S;40;0;207,89;358,04
S;40;0;206,22;360,54
S;40;0;204,51;363,01
S;40;0;202,77;365,46
S;40;0;201,00;367,88
S;40;0;199,20;370,28
S;40;0;197,36;372,66
S;40;0;195,48;375,00
S;40;0;193,57;377,32
S;40;0;191,62;379,60
S;40;0;189,64;381,86
S;40;0;187,61;384,07
S;40;0;185,54;386,25
S;40;0;183,43;388,39
S;40;0;181,28;390,48
S;40;0;179,08;392,52
S;40;0;176,83;394,51
S;40;0;174,53;396,45
S;40;0;172,19;398,33
S;40;0;169,80;400,14
S;40;0;167,35;401,88
S;40;0;164,85;403,54
S;40;0;162,30;405,12
S;40;0;159,69;406,61
S;40;0;157,02;408,00
S;40;0;154,31;409,28
S;40;0;151,54;410,44
S;40;0;148,72;411,48
S;40;0;145,86;412,39
S;40;0;142,97;413,22
S;40;0;140,06;413,94
S;40;0;137,12;414,55
S;40;0;134,15;415,03
S;40;0;131,17;415,36
S;40;0;128,17;415,51
S;40;0;125,17;415,46
S;40;0;122,18;415,19
S;40;0;119,22;414,66
S;40;0;116,33;413,85
S;40;0;113,55;412,73
S;40;0;110,91;411,31
S;40;0;108,45;409,58
S;40;0;106,21;407,58
S;40;0;104,21;405,34
S;40;0;102,45;402,91
S;40;0;100,92;400,33
S;40;0;99,60;397,63
S;40;0;98,49;394,84
S;40;0;97,55;391,99
S;40;0;96,77;389,09
S;40;0;96,13;386,16
S;40;0;95,62;383,20
S;40;0;95,23;380,22
S;40;0;94,93;377,23
S;40;0;94,73;374,24
S;40;0;94,60;371,24
S;40;0;94,56;368,23
S;40;0;94,58;365,23
S;40;0;94,66;362,23
S;40;0;94,80;359,23
S;40;0;95,00;356,23
S;40;0;95,24;353,24
S;40;0;95,54;350,25
S;40;0;95,87;347,27
S;40;0;96,25;344,29
S;40;0;96,66;341,31
S;40;0;97,11;338,34
S;40;0;97,59;335,38
S;40;0;98,11;332,42
S;40;0;98,67;329,47
S;40;0;99,29;326,53
S;40;0;99,95;323,60
S;40;0;100,67;320,68
S;40;0;101,42;317,78
S;40;0;102,22;314,88
S;40;0;103,06;312,00
S;40;0;103,94;309,13
S;40;0;104,86;306,27
S;40;0;105,81;303,42
S;40;0;106,79;300,58
S;40;0;107,80;297,75
S;40;0;108,83;294,93
S;40;0;109,89;292,12
S;40;0;110,98;289,32
S;40;0;112,08;286,53
S;40;0;113,21;283,75
S;40;0;114,35;280,97
S;40;0;115,51;278,20
S;40;0;116,68;275,43
S;40;0;117,86;272,67
S;40;0;119,05;269,91
S;40;0;120,25;267,16
S;40;0;121,46;264,42
S;40;0;122,69;261,68
S;40;0;123,94;258,94
S;40;0;125,20;256,22
S;40;0;126,49;253,50
S;40;0;127,79;250,80
S;40;0;129,11;248,10
S;40;0;130,46;245,42
S;40;0;131,84;242,75
S;40;0;133,24;240,09
S;40;0;134,67;237,45
S;40;0;136,12;234,83
S;40;0;137,61;232,22
S;40;0;139,14;229,63
S;40;0;140,70;227,06
S;40;0;142,29;224,52
S;40;0;143,93;222,00
S;40;0;145,60;219,51
S;40;0;147,31;217,04
S;40;0;149,07;214,60
S;40;0;150,86;212,19
S;40;0;152,70;209,82
S;40;0;154,58;207,48
S;40;0;156,51;205,18
S;40;0;158,48;202,91
S;40;0;160,50;200,69
S;40;0;162,56;198,50
S;40;0;164,66;196,36
S;40;0;166,81;194,26
S;40;0;169,00;192,20
S;40;0;171,23;190,19
S;40;0;173,50;188,23
S;40;0;175,81;186,31
S;40;0;178,16;184,44
S;40;0;180,54;182,61
S;40;0;182,96;180,83
S;40;0;185,42;179,10
S;40;0;187,90;177,41
S;40;0;190,42;175,77
S;40;0;192,96;174,18
S;40;0;195,53;172,63
S;40;0;198,13;171,12
S;40;0;200,75;169,66
S;40;0;203,40;168,23
S;40;0;206,06;166,85
S;40;0;208,75;165,51
G;41;0000;cap_P
S;41;0;117,91;317,43
S;41;0;120,89;317,71
S;41;0;123,88;317,90
S;41;0;126,88;318,00
S;41;0;129,88;318,02
S;41;0;132,87;317,96
S;41;0;135,86;317,81
S;41;0;138,85;317,59
S;41;0;141,83;317,29
S;41;0;144,81;316,92
S;41;0;147,77;316,48
S;41;0;150,72;315,97
S;41;0;153,66;315,38
S;41;0;156,59;314,73
S;41;0;159,50;314,02
S;41;0;162,39;313,23
S;41;0;165,26;312,38
S;41;0;168,12;311,46
S;41;0;170,95;310,48
S;41;0;173,75;309,43
S;41;0;176,53;308,31
S;41;0;179,29;307,13
S;41;0;182,01;305,88
S;41;0;184,70;304,56
S;41;0;187,35;303,15
S;41;0;189,95;301,67
S;41;0;192,52;300,12
S;41;0;195,04;298,50
S;41;0;197,52;296,82
S;41;0;199,96;295,09
S;41;0;202,37;293,30
S;41;0;204,73;291,45
S;41;0;207,05;289,56
S;41;0;209,34;287,63
S;41;0;211,58;285,64
S;41;0;213,79;283,61
S;41;0;215,95;281,54
S;41;0;218,08;279,43
S;41;0;220,16;277,27
S;41;0;222,20;275,07
S;41;0;224,19;272,83
S;41;0;226,13;270,55
S;41;0;228,03;268,23
S;41;0;229,87;265,87
S;41;0;231,67;263,47
S;41;0;233,40;261,03
S;41;0;235,08;258,54
S;41;0;236,69;256,02
S;41;0;238,24;253,46
S;41;0;239,72;250,85
S;41;0;241,13;248,20
S;41;0;242,45;245,51
S;41;0;243,69;242,79
S;41;0;244,84;240,02
S;41;0;245,89;237,21
S;41;0;246,83;234,36
S;41;0;247,65;231,48
S;41;0;248,35;228,57
S;41;0;248,92;225,63
S;41;0;249,34;222,66
S;41;0;249,61;219,68
S;41;0;249,71;216,68
S;41;0;249,64;213,69
S;41;0;249,38;210,70
S;41;0;248,94;207,74
S;41;0;248,31;204,81
S;41;0;247,48;201,93
S;41;0;246,45;199,11
S;41;0;245,24;196,37
S;41;0;243,85;193,72
S;41;0;242,30;191,16
S;41;0;240,58;188,70
S;41;0;238,72;186,36
S;41;0;236,73;184,12
S;41;0;234,62;181,99
S;41;0;232,41;179,97
S;41;0;230,10;178,05
S;41;0;227,71;176,24
S;41;0;225,22;174,58
S;41;0;222,61;173,11
S;41;0;219,91;171,81
S;41;0;217,15;170,65
S;41;0;214,33;169,62
S;41;0;211,47;168,73
S;41;0;208,58;167,95
S;41;0;205,66;167,30
S;41;0;202,71;166,76
S;41;0;199,74;166,35
S;41;0;196,76;166,05
S;41;0;193,77;165,89
S;41;0;190,77;165,86
S;41;0;187,78;165,98
S;41;0;184,79;166,26
S;41;0;181,83;166,70
S;41;0;178,90;167,34
S;41;0;176,03;168,19
S;41;0;173,23;169,26
S;41;0;170,55;170,59
S;41;0;168,01;172,18
S;41;0;165,67;174,05
S;41;0;163,58;176,20
S;41;0;161,79;178,60
S;41;0;160,32;181,21
S;41;0;159,13;183,96
S;41;0;158,16;186,79
S;41;0;157,33;189,67
S;41;0;156,57;192,57
S;41;0;155,84;195,47
S;41;0;155,04;198,36
S;41;0;154,12;201,21
S;41;0;153,11;204,03
S;41;0;152,08;206,85
S;41;0;151,05;209,66
S;41;0;150,00;212,47
S;41;0;148,95;215,28
S;41;0;147,89;218,08
S;41;0;146,83;220,88
S;41;0;145,77;223,68
S;41;0;144,70;226,49
S;41;0;143,63;229,29
S;41;0;142,57;232,09
S;41;0;141,51;234,89
S;41;0;140,45;237,69
S;41;0;139,40;240,50
S;41;0;138,37;243,31
S;41;0;137,34;246,13
S;41;0;136,32;248,95
S;41;0;135,31;251,77
S;41;0;134,32;254,60
S;41;0;133,33;257,42
S;41;0;132,33;260,25
S;41;0;131,34;263,08
S;41;0;130,34;265,90
S;41;0;129,35;268,73
S;41;0;128,35;271,56
S;41;0;127,36;274,38
S;41;0;126,36;277,21
S;41;0;125,36;280,03
S;41;0;124,36;282,86
S;41;0;123,37;285,69
S;41;0;122,37;288,51
S;41;0;121,37;291,34
S;41;0;120,38;294,16
S;41;0;119,38;296,99
S;41;0;118,39;299,82
S;41;0;117,39;302,64
S;41;0;116,40;305,47
S;41;0;115,41;308,30
S;41;0;114,42;311,13
S;41;0;113,43;313,96
S;41;0;112,44;316,79
S;41;0;111,46;319,62
S;41;0;110,48;322,45
S;41;0;109,50;325,28
S;41;0;108,52;328,11
S;41;0;107,54;330,95
S;41;0;106,57;333,78
S;41;0;105,60;336,62
S;41;0;104,63;339,45
S;41;0;103,66;342,29
S;41;0;102,70;345,13
S;41;0;101,74;347,96
S;41;0;100,79;350,81
S;41;0;99,83;353,65
S;41;0;98,89;356,49
S;41;0;97,94;359,33
S;41;0;97,00;362,18
S;41;0;96,06;365,03
S;41;0;95,13;367,87
S;41;0;94,20;370,72
S;41;0;93,28;373,57
S;41;0;92,36;376,43
S;41;0;91,45;379,28
S;41;0;90,54;382,14
S;41;0;89,64;384,99
S;41;0;88,74;387,85
S;41;0;87,85;390,71
S;41;0;86,96;393,57
S;41;0;86,08;396,44
S;41;0;85,20;399,30
S;41;0;84,33;402,17
S;41;0;83,47;405,04
S;41;0;82,61;407,91
S;41;0;81,76;410,79
S;41;0;80,92;413,66
S;41;0;80,08;416,54
G;42;0000;cap_Q
S;42;1;152,91;357,03
S;42;1;155,01;359,14
S;42;1;156,78;361,53
S;42;1;158,28;364,11
S;42;1;159,59;366,78
S;42;1;160,78;369,52
S;42;1;161,93;372,26
S;42;1;163,13;374,99
S;42;1;164,45;377,66
S;42;1;165,97;380,23
S;42;1;167,77;382,60
S;42;1;169,89;384,69
S;42;1;172,08;386,71
S;42;1;174,08;388,92
S;42;1;175,54;391,51
S;42;1;176,40;394,36
S;42;1;176,92;397,29
S;42;1;177,30;400,25
S;42;1;177,76;403,19
S;42;1;178,51;406,07
S;42;1;179,69;408,81
S;42;1;181,15;411,40
S;42;1;182,68;413,96
S;42;1;184,25;416,49
S;42;1;185,87;418,99
S;42;1;187,51;421,48
S;42;1;189,18;423,95
S;42;1;190,86;426,41
S;42;1;192,54;428,87
S;42;1;194,21;431,34
S;42;1;195,87;433,82
S;42;1;197,50;436,31
S;42;1;199,10;438,82
S;42;1;200,65;441,37
S;42;1;202,15;443,94
S;42;1;203,56;446,57
S;42;1;204,88;449,24
S;42;0;205,49;166,60
S;42;0;208,48;166,32
S;42;0;211,47;166,17
S;42;0;214,47;166,18
S;42;0;217,47;166,36
S;42;0;220,45;166,73
S;42;0;223,39;167,30
S;42;0;226,29;168,09
S;42;0;229,11;169,11
S;42;0;231,83;170,37
S;42;0;234,43;171,86
S;42;0;236,89;173,59
S;42;0;239,18;175,52
S;42;0;241,29;177,66
S;42;0;243,21;179,96
S;42;0;244,94;182,41
S;42;0;246,49;184,98
S;42;0;247,85;187,65
S;42;0;249,05;190,41
S;42;0;250,08;193,23
S;42;0;250,96;196,09
S;42;0;251,70;199,00
S;42;0;252,31;201,94
S;42;0;252,79;204,90
S;42;0;253,17;207,88
S;42;0;253,43;210,87
S;42;0;253,60;213,86
S;42;0;253,68;216,86
S;42;0;253,66;219,86
S;42;0;253,56;222,86
S;42;0;253,38;225,86
S;42;0;253,12;228,85
S;42;0;252,79;231,83
S;42;0;252,38;234,80
S;42;0;251,90;237,77
S;42;0;251,34;240,71
S;42;0;250,71;243,65
S;42;0;250,01;246,57
S;42;0;249,25;249,47
S;42;0;248,43;252,35
S;42;0;247,55;255,23
S;42;0;246,63;258,08
S;42;0;245,67;260,92
S;42;0;244,67;263,75
S;42;0;243,64;266,57
S;42;0;242,59;269,38
S;42;0;241,51;272,18
S;42;0;240,41;274,98
S;42;0;239,31;277,77
S;42;0;238,19;280,55
S;42;0;237,08;283,34
S;42;0;235,97;286,13
S;42;0;234,87;288,92
S;42;0;233,78;291,71
S;42;0;232,70;294,51
S;42;0;231,63;297,32
S;42;0;230,56;300,12
S;42;0;229,51;302,93
S;42;0;228,45;305,74
S;42;0;227,40;308,55
S;42;0;226,35;311,36
S;42;0;225,29;314,17
S;42;0;224,23;316,98
S;42;0;223,16;319,78
S;42;0;222,09;322,58
S;42;0;221,00;325,38
S;42;0;219,90;328,17
S;42;0;218,79;330,96
S;42;0;217,66;333,74
S;42;0;216,52;336,52
S;42;0;215,35;339,28
S;42;0;214,16;342,04
S;42;0;212,95;344,78
S;42;0;211,72;347,52
S;42;0;210,45;350,24
S;42;0;209,16;352,95
S;42;0;207,84;355,64
S;42;0;206,48;358,32
S;42;0;205,09;360,98
S;42;0;203,66;363,62
S;42;0;202,20;366,24
S;42;0;200,69;368,83
S;42;0;199,15;371,40
S;42;0;197,56;373,95
S;42;0;195,93;376,47
S;42;0;194,25;378,96
S;42;0;192,53;381,42
S;42;0;190,76;383,84
S;42;0;188,94;386,23
S;42;0;187,08;388,58
S;42;0;185,16;390,89
S;42;0;183,20;393,16
S;42;0;181,20;395,40
S;42;0;179,21;397,64
S;42;0;177,22;399,89
S;42;0;175,23;402,13
S;42;0;173,21;404,35
S;42;0;171,16;406,54
S;42;0;169,07;408,70
S;42;0;166,93;410,80
S;42;0;164,72;412,83
S;42;0;162,45;414,79
S;42;0;160,09;416,65
S;42;0;157,65;418,40
S;42;0;155,12;420,01
S;42;0;152,51;421,48
S;42;0;149,80;422,78
S;42;0;147,02;423,90
S;42;0;144,16;424,82
S;42;0;141,25;425,55
S;42;0;138,30;426,06
S;42;0;135,30;426,27
S;42;0;132,31;426,19
S;42;0;129,33;425,82
S;42;0;126,39;425,20
S;42;0;123,52;424,34
S;42;0;120,72;423,25
S;42;0;118,01;421,96
S;42;0;115,41;420,47
S;42;0;112,92;418,80
S;42;0;110,54;416,97
S;42;0;108,31;414,97
S;42;0;106,23;412,80
S;42;0;104,32;410,49
S;42;0;102,59;408,04
S;42;0;101,04;405,47
S;42;0;99,69;402,79
S;42;0;98,52;400,03
S;42;0;97,52;397,20
S;42;0;96,70;394,31
S;42;0;96,02;391,39
S;42;0;95,49;388,44
S;42;0;95,08;385,46
S;42;0;94,78;382,48
S;42;0;94,59;379,48
S;42;0;94,49;376,48
S;42;0;94,47;373,48
S;42;0;94,52;370,48
S;42;0;94,63;367,48
S;42;0;94,79;364,49
S;42;0;95,00;361,49
S;42;0;95,24;358,50
S;42;0;95,51;355,51
S;42;0;95,79;352,52
S;42;0;96,09;349,54
S;42;0;96,39;346,55
S;42;0;96,68;343,57
S;42;0;97,00;340,58
S;42;0;97,38;337,61
S;42;0;97,84;334,64
S;42;0;98,35;331,68
S;42;0;98,93;328,74
S;42;0;99,56;325,80
S;42;0;100,24;322,88
S;42;0;100,97;319,97
S;42;0;101,75;317,07
S;42;0;102,57;314,19
S;42;0;103,43;311,31
S;42;0;104,33;308,45
S;42;0;105,26;305,60
S;42;0;106,22;302,75
S;42;0;107,21;299,92
S;42;0;108,23;297,10
S;42;0;109,26;294,28
S;42;0;110,32;291,47
S;42;0;111,39;288,67
S;42;0;112,48;285,87
S;42;0;113,58;283,08
S;42;0;114,69;280,29
S;42;0;115,81;277,51
S;42;0;116,93;274,72
S;42;0;118,05;271,94
S;42;0;119,18;269,16
S;42;0;120,32;266,38
S;42;0;121,46;263,61
S;42;0;122,62;260,84
S;42;0;123,79;258,08
S;42;0;124,97;255,32
S;42;0;126,17;252,57
S;42;0;127,39;249,82
S;42;0;128,62;247,09
S;42;0;129,88;244,37
S;42;0;131,16;241,65
S;42;0;132,47;238,95
S;42;0;133,80;236,26
S;42;0;135,17;233,59
S;42;0;136,56;230,93
S;42;0;137,98;228,29
S;42;0;139,44;225,67
S;42;0;140,94;223,07
S;42;0;142,47;220,48
S;42;0;144,04;217,93
S;42;0;145,65;215,40
S;42;0;147,31;212,90
S;42;0;149,01;210,42
S;42;0;150,76;207,98
S;42;0;152,56;205,58
S;42;0;154,40;203,21
S;42;0;156,30;200,89
S;42;0;158,25;198,61
S;42;0;160,25;196,37
S;42;0;162,31;194,19
S;42;0;164,42;192,06
S;42;0;166,59;189,98
S;42;0;168,81;187,97
S;42;0;171,09;186,02
S;42;0;173,43;184,13
S;42;0;175,81;182,32
S;42;0;178,26;180,57
S;42;0;180,75;178,91
S;42;0;183,30;177,32
S;42;0;185,89;175,81
S;42;0;188,53;174,38
S;42;0;191,22;173,04
S;42;0;193,94;171,79
S;42;0;196,71;170,62
S;42;0;199,51;169,53
S;42;0;202,34;168,54
S;42;0;205,20;167,63
S;42;0;208,08;166,80
G;43;0000;cap_R
S;43;0;83,78;421,22
S;43;0;84,84;418,42
S;43;0;85,86;415,60
S;43;0;86,84;412,77
S;43;0;87,80;409,94
S;43;0;88,75;407,10
S;43;0;89,68;404,25
S;43;0;90,60;401,40
S;43;0;91,52;398,55
S;43;0;92,43;395,70
S;43;0;93,35;392,85
S;43;0;94,26;390,00
S;43;0;95,18;387,15
S;43;0;96,10;384,30
S;43;0;97,02;381,45
S;43;0;97,96;378,60
S;43;0;98,90;375,76
S;43;0;99,85;372,92
S;43;0;100,81;370,09
S;43;0;101,79;367,26
S;43;0;102,78;364,43
S;43;0;103,79;361,61
S;43;0;104,81;358,80
S;43;0;105,86;355,99
S;43;0;106,92;353,19
S;43;0;108,01;350,40
S;43;0;109,13;347,62
S;43;0;110,27;344,86
S;43;0;111,45;342,10
S;43;0;112,66;339,36
S;43;0;113,91;336,64
S;43;0;115,20;333,94
S;43;0;116,55;331,27
S;43;0;117,94;328,62
S;43;0;119,41;326,01
S;43;0;120,94;323,43
S;43;0;122,56;320,91
S;43;0;124,27;318,46
S;43;0;126,10;316,09
S;43;0;128,06;313,82
S;43;0;130,18;311,71
S;43;0;132,48;309,80
S;43;0;134,95;308,11
S;43;0;137,54;306,60
S;43;0;140,22;305,28
S;43;0;142,98;304,12
S;43;0;145,80;303,11
S;43;0;148,66;302,23
S;43;0;151,56;301,45
S;43;0;154,47;300,76
S;43;0;157,40;300,13
S;43;0;160,33;299,54
S;43;0;163,27;298,97
S;43;0;166,21;298,40
S;43;0;169,15;297,80
S;43;0;172,07;297,16
S;43;0;174,98;296,46
S;43;0;177,87;295,67
S;43;0;180,73;294,76
S;43;0;183,55;293,76
S;43;0;186,35;292,70
S;43;0;189,12;291,58
S;43;0;191,88;290,42
S;43;0;194,62;289,21
S;43;0;197,34;287,96
S;43;0;200,05;286,67
S;43;0;202,73;285,34
S;43;0;205,39;283,97
S;43;0;208,04;282,56
S;43;0;210,66;281,12
S;43;0;213,27;279,65
S;43;0;215,85;278,13
S;43;0;218,41;276,59
S;43;0;220,95;275,00
S;43;0;223,47;273,38
S;43;0;225,97;271,72
S;43;0;228,44;270,03
S;43;0;230,88;268,30
S;43;0;233,30;266,53
S;43;0;235,68;264,72
S;43;0;238,04;262,87
S;43;0;240,36;260,98
S;43;0;242,65;259,05
S;43;0;244,90;257,08
S;43;0;247,11;255,05
S;43;0;249,27;252,98
S;43;0;251,39;250,87
S;43;0;253,45;248,70
S;43;0;255,46;246,48
S;43;0;257,41;244,20
S;43;0;259,28;241,87
S;43;0;261,09;239,48
S;43;0;262,80;237,02
S;43;0;264,43;234,51
S;43;0;265,95;231,93
S;43;0;267,36;229,29
S;43;0;268,65;226,59
S;43;0;269,79;223,82
S;43;0;270,78;220,99
S;43;0;271,60;218,11
S;43;0;272,24;215,19
S;43;0;272,65;212,22
S;43;0;272,71;209,23
S;43;0;272,39;206,26
S;43;0;271,71;203,34
S;43;0;270,71;200,52
S;43;0;269,43;197,82
S;43;0;267,90;195,24
S;43;0;266,17;192,79
S;43;0;264,28;190,48
S;43;0;262,23;188,29
S;43;0;260,06;186,23
S;43;0;257,79;184,28
S;43;0;255,43;182,44
S;43;0;252,99;180,71
S;43;0;250,48;179,07
S;43;0;247,91;177,54
S;43;0;245,28;176,10
S;43;0;242,61;174,75
S;43;0;239,89;173,49
S;43;0;237,13;172,33
S;43;0;234,34;171,25
S;43;0;231,51;170,27
S;43;0;228,65;169,38
S;43;0;225,76;168,59
S;43;0;222,85;167,90
S;43;0;219,91;167,31
S;43;0;216,95;166,83
S;43;0;213,98;166,48
S;43;0;211,00;166,25
S;43;0;208,00;166,17
S;43;0;205,01;166,24
S;43;0;202,03;166,50
S;43;0;199,07;166,95
S;43;0;196,15;167,64
S;43;0;193,32;168,59
S;43;0;190,60;169,85
S;43;0;188,07;171,45
S;43;0;185,88;173,48
S;43;0;183,98;175,79
S;43;0;182,28;178,26
S;43;0;180,74;180,82
S;43;0;179,31;183,45
S;43;0;177,97;186,13
S;43;0;176,70;188,85
S;43;0;175,50;191,59
S;43;0;174,34;194,35
S;43;0;173,23;197,13
S;43;0;172,15;199,92
S;43;0;171,10;202,73
S;43;0;170,07;205,54
S;43;0;169,07;208,36
S;43;0;168,07;211,19
S;43;0;167,09;214,01
S;43;0;166,10;216,84
S;43;0;165,11;219,67
S;43;0;164,11;222,49
S;43;0;163,08;225,30
S;43;0;161,98;228,09
S;43;0;160,81;230,84
S;43;0;159,59;233,58
S;43;0;158,33;236,29
S;43;0;157,04;239,00
S;43;0;155,72;241,69
S;43;0;154,39;244,37
S;43;0;153,05;247,04
S;43;0;151,70;249,72
S;43;0;150,35;252,39
S;43;0;149,01;255,07
S;43;0;147,69;257,75
S;43;0;146,38;260,45
S;43;0;145,09;263,15
S;43;0;143,83;265,87
S;43;0;142,61;268,60
S;43;0;141,43;271,35
S;43;0;140,29;274,13
S;43;0;139,22;276,92
S;43;0;138,20;279,74
S;43;0;137,25;282,58
S;43;0;136,39;285,44
S;43;0;135,61;288,33
S;43;0;134,93;291,25
S;43;0;134,35;294,19
S;43;0;133,90;297,15
S;43;0;133,57;300,12
S;43;0;133,38;303,11
S;43;0;133,34;306,11
S;43;0;133,45;309,10
S;43;0;133,84;312,07
S;43;0;134,49;314,99
S;43;0;135,35;317,86
S;43;0;136,38;320,67
S;43;0;137,54;323,43
S;43;0;138,83;326,13
S;43;0;140,21;328,79
S;43;0;141,67;331,40
S;43;0;143,21;333,97
S;43;0;144,81;336,50
S;43;0;146,46;339,00
S;43;0;148,17;341,46
S;43;0;149,92;343,89
S;43;0;151,71;346,29
S;43;0;153,53;348,66
S;43;0;155,39;351,01
S;43;0;157,28;353,33
S;43;0;159,20;355,63
S;43;0;161,14;357,91
S;43;0;163,11;360,17
S;43;0;165,10;362,40
S;43;0;167,12;364,62
S;43;0;169,15;366,82
S;43;0;171,20;369,00
S;43;0;173,27;371,16
S;43;0;175,36;373,31
S;43;0;177,47;375,44
S;43;0;179,59;377,55
S;43;0;181,72;379,65
S;43;0;183,88;381,73
S;43;0;186,04;383,80
S;43;0;188,22;385,85
S;43;0;190,42;387,89
S;43;0;192,62;389,91
S;43;0;194,84;391,92
S;43;0;197,08;393,92
S;43;0;199,32;395,90
S;43;0;201,58;397,86
S;43;0;203,86;399,81
S;43;0;206,14;401,75
S;43;0;208,44;403,67
S;43;0;210,75;405,57
S;43;0;213,08;407,46
S;43;0;215,41;409,33
S;43;0;217,77;411,18
S;43;0;220,14;413,01
S;43;0;222,52;414,82
S;43;0;224,92;416,61
S;43;0;227,34;418,38
S;43;0;229,78;420,11
S;43;0;232,24;421,82
S;43;0;234,73;423,49
S;43;0;237,25;425,11
S;43;0;239,80;426,67
G;44;0000;cap_S
S;44;0;248,18;229,22
S;44;0;250,39;227,19
S;44;0;252,59;225,16
S;44;0;254,79;223,11
S;44;0;256,97;221,06
S;44;0;259,13;218,97
S;44;0;261,25;216,86
S;44;0;263,34;214,70
S;44;0;265,37;212,49
S;44;0;267,34;210,23
S;44;0;269,23;207,91
S;44;0;271,05;205,52
S;44;0;272,76;203,06
S;44;0;274,36;200,52
S;44;0;275,83;197,91
S;44;0;277,16;195,22
S;44;0;278,33;192,46
S;44;0;279,33;189,63
S;44;0;280,13;186,74
S;44;0;280,70;183,80
S;44;0;281,01;180,81
S;44;0;281,03;177,82
S;44;0;280,73;174,83
S;44;0;280,08;171,91
S;44;0;279,08;169,08
S;44;0;277,71;166,42
S;44;0;276,01;163,95
S;44;0;274,00;161,73
S;44;0;271,73;159,77
S;44;0;269,24;158,09
S;44;0;266,59;156,71
S;44;0;263,80;155,59
S;44;0;260,93;154,75
S;44;0;257,99;154,15
S;44;0;255,01;153,79
S;44;0;252,02;153,64
S;44;0;249,02;153,70
S;44;0;246,03;153,95
S;44;0;243,06;154,38
S;44;0;240,12;154,96
S;44;0;237,20;155,67
S;44;0;234,32;156,48
S;44;0;231,46;157,39
S;44;0;228,63;158,39
S;44;0;225,83;159,46
S;44;0;223,05;160,59
S;44;0;220,30;161,78
S;44;0;217,57;163,03
S;44;0;214,87;164,33
S;44;0;212,19;165,67
S;44;0;209,53;167,06
S;44;0;206,89;168,49
S;44;0;204,27;169,95
S;44;0;201,68;171,45
S;44;0;199,10;172,99
S;44;0;196,54;174,56
S;44;0;194,01;176,16
S;44;0;191,49;177,78
S;44;0;188,99;179,44
S;44;0;186,51;181,12
S;44;0;184,04;182,84
S;44;0;181,60;184,57
S;44;0;179,17;186,34
S;44;0;176,77;188,13
S;44;0;174,38;189,94
S;44;0;172,01;191,78
S;44;0;169,66;193,64
S;44;0;167,33;195,53
S;44;0;165,02;197,44
S;44;0;162,73;199,38
S;44;0;160,46;201,34
S;44;0;158,21;203,32
S;44;0;155,98;205,33
S;44;0;153,78;207,37
S;44;0;151,60;209,43
S;44;0;149,44;211,51
S;44;0;147,31;213,63
S;44;0;145,21;215,76
S;44;0;143,14;217,93
S;44;0;141,09;220,13
S;44;0;139,08;222,35
S;44;0;137,10;224,61
S;44;0;135,16;226,89
S;44;0;133,26;229,21
S;44;0;131,41;231,57
S;44;0;129,60;233,96
S;44;0;127,84;236,39
S;44;0;126,14;238,86
S;44;0;124,50;241,37
S;44;0;122,94;243,93
S;44;0;121,46;246,54
S;44;0;120,07;249,20
S;44;0;118,79;251,91
S;44;0;117,64;254,68
S;44;0;116,62;257,50
S;44;0;115,72;260,36
S;44;0;114,96;263,26
S;44;0;114,36;266,20
S;44;0;113,93;269,17
S;44;0;113,69;272,16
S;44;0;113,65;275,16
S;44;0;113,83;278,15
S;44;0;114,24;281,12
S;44;0;114,87;284,05
S;44;0;115,73;286,93
S;44;0;116,80;289,73
S;44;0;118,08;292,44
S;44;0;119,54;295,06
S;44;0;121,17;297,57
S;44;0;122,95;299,99
S;44;0;124,86;302,30
S;44;0;126,88;304,52
S;44;0;128,99;306,65
S;44;0;131,19;308,69
S;44;0;133,45;310,66
S;44;0;135,78;312,55
S;44;0;138,15;314,38
S;44;0;140,57;316,16
S;44;0;143,02;317,88
S;44;0;145,51;319,56
S;44;0;148,02;321,20
S;44;0;150,55;322,81
S;44;0;153,10;324,39
S;44;0;155,66;325,96
S;44;0;158,23;327,50
S;44;0;160,80;329,04
S;44;0;163,38;330,57
S;44;0;165,96;332,10
S;44;0;168,54;333,63
S;44;0;171,11;335,18
S;44;0;173,67;336,75
S;44;0;176,21;338,34
S;44;0;178,73;339,96
S;44;0;181,22;341,63
S;44;0;183,69;343,34
S;44;0;186,10;345,12
S;44;0;188,45;346,99
S;44;0;190,72;348,95
S;44;0;192,91;350,99
S;44;0;195,02;353,12
S;44;0;197,05;355,34
S;44;0;198,97;357,63
S;44;0;200,79;360,02
S;44;0;202,49;362,49
S;44;0;204,04;365,06
S;44;0;205,43;367,72
S;44;0;206,62;370,47
S;44;0;207,58;373,31
S;44;0;208,27;376,22
S;44;0;208,65;379,20
S;44;0;208,67;382,20
S;44;0;208,31;385,17
S;44;0;207,56;388,07
S;44;0;206,43;390,85
S;44;0;204,96;393,46
S;44;0;203,22;395,90
S;44;0;201,25;398,16
S;44;0;199,10;400,25
S;44;0;196,79;402,17
S;44;0;194,36;403,92
S;44;0;191,82;405,51
S;44;0;189,19;406,96
S;44;0;186,49;408,27
S;44;0;183,73;409,45
S;44;0;180,93;410,51
S;44;0;178,08;411,45
S;44;0;175,20;412,28
S;44;0;172,29;413,00
S;44;0;169,36;413,63
S;44;0;166,40;414,15
S;44;0;163,43;414,58
S;44;0;160,45;414,91
S;44;0;157,46;415,15
S;44;0;154,47;415,29
S;44;0;151,47;415,34
S;44;0;148,47;415,30
S;44;0;145,47;415,15
S;44;0;142,49;414,91
S;44;0;139,51;414,57
S;44;0;136,54;414,12
S;44;0;133,59;413,56
S;44;0;130,67;412,88
S;44;0;127,78;412,08
S;44;0;124,93;411,15
S;44;0;122,13;410,09
S;44;0;119,39;408,87
S;44;0;116,72;407,49
S;44;0;114,15;405,95
S;44;0;111,70;404,22
S;44;0;109,40;402,30
S;44;0;107,27;400,19
S;44;0;105,35;397,89
S;44;0;103,69;395,39
S;44;0;102,30;392,73
S;44;0;101,23;389,94
S;44;0;100,47;387,04
S;44;0;100,03;384,07
S;44;0;99,89;381,08
S;44;0;100,03;378,08
G;45;0000;cap_T
S;45;1;196,52;183,08
S;45;1;195,45;185,89
S;45;1;194,38;188,70
S;45;1;193,33;191,51
S;45;1;192,27;194,33
S;45;1;191,23;197,15
S;45;1;190,18;199,97
S;45;1;189,15;202,79
S;45;1;188,12;205,61
S;45;1;187,09;208,44
S;45;1;186,07;211,27
S;45;1;185,05;214,10
S;45;1;184,04;216,93
S;45;1;183,04;219,76
S;45;1;182,03;222,59
S;45;1;181,04;225,43
S;45;1;180,04;228,27
S;45;1;179,05;231,11
S;45;1;178,07;233,95
S;45;1;177,09;236,79
S;45;1;176,11;239,63
S;45;1;175,14;242,48
S;45;1;174,17;245,32
S;45;1;173,20;248,17
S;45;1;172,24;251,02
S;45;1;171,28;253,86
S;45;1;170,32;256,71
S;45;1;169,37;259,57
S;45;1;168,42;262,42
S;45;1;167,47;265,27
S;45;1;166,52;268,12
S;45;1;165,58;270,98
S;45;1;164,64;273,83
S;45;1;163,70;276,69
S;45;1;162,77;279,55
S;45;1;161,83;282,40
S;45;1;160,90;285,26
S;45;1;159,97;288,12
S;45;1;159,04;290,98
S;45;1;158,12;293,84
S;45;1;157,19;296,70
S;45;1;156,27;299,56
S;45;1;155,34;302,42
S;45;1;154,42;305,28
S;45;1;153,50;308,14
S;45;1;152,58;311,01
S;45;1;151,66;313,87
S;45;1;150,74;316,73
S;45;1;149,83;319,59
S;45;1;148,91;322,46
S;45;1;147,99;325,32
S;45;1;147,07;328,18
S;45;1;146,16;331,05
S;45;1;145,24;333,91
S;45;1;144,32;336,77
S;45;1;143,41;339,63
S;45;1;142,49;342,50
S;45;1;141,57;345,36
S;45;1;140,65;348,22
S;45;1;139,73;351,08
S;45;1;138,81;353,95
S;45;1;137,89;356,81
S;45;1;136,96;359,67
S;45;1;136,04;362,53
S;45;1;135,11;365,39
S;45;1;134,19;368,25
S;45;1;133,26;371,11
S;45;1;132,33;373,97
S;45;1;131,39;376,82
S;45;1;130,46;379,68
S;45;1;129,52;382,54
S;45;1;128,58;385,39
S;45;1;127,64;388,25
S;45;1;126,70;391,10
S;45;1;125,75;393,96
S;45;1;124,80;396,81
S;45;1;123,85;399,66
S;45;1;122,89;402,51
S;45;1;121,94;405,36
S;45;1;120,97;408,21
S;45;1;120,01;411,05
S;45;1;119,04;413,90
S;45;0;115,28;187,30
S;45;0;118,26;187,23
S;45;0;121,24;187,04
S;45;0;124,20;186,74
S;45;0;127,16;186,37
S;45;0;130,11;185,93
S;45;0;133,05;185,45
S;45;0;135,99;184,94
S;45;0;138,93;184,42
S;45;0;141,86;183,91
S;45;0;144,80;183,41
S;45;0;147,75;182,96
S;45;0;150,71;182,56
S;45;0;153,67;182,21
S;45;0;156,63;181,90
S;45;0;159,60;181,63
S;45;0;162,57;181,38
S;45;0;165,55;181,16
S;45;0;168,52;180,96
S;45;0;171,50;180,77
S;45;0;174,47;180,58
S;45;0;177,45;180,39
S;45;0;180,42;180,20
S;45;0;183,40;180,00
S;45;0;186,37;179,77
S;45;0;189,34;179,53
S;45;0;192,31;179,25
S;45;0;195,28;178,96
S;45;0;198,25;178,67
S;45;0;201,22;178,37
S;45;0;204,18;178,07
S;45;0;207,15;177,78
S;45;0;210,12;177,50
S;45;0;213,09;177,23
S;45;0;216,06;176,97
S;45;0;219,03;176,75
S;45;0;222,01;176,55
S;45;0;224,98;176,40
S;45;0;227,96;176,30
S;45;0;230,95;176,26
S;45;0;233,93;176,29
S;45;0;236,91;176,40
S;45;0;239,88;176,60
S;45;0;242,85;176,89
S;45;0;245,81;177,27
S;45;0;248,75;177,76
S;45;0;251,67;178,33
S;45;0;254,58;179,00
S;45;0;257,46;179,76
S;45;0;260,33;180,59
S;45;0;263,17;181,50
S;45;0;265,98;182,48
S;45;0;268,78;183,51
S;45;0;271,55;184,60
S;45;0;274,31;185,74
S;45;0;277,05;186,92
S;45;0;279,77;188,14
S;45;0;282,48;189,39
S;45;0;285,17;190,67
G;46;0000;cap_U
S;46;0;164,49;162,16
S;46;0;162,73;164,60
S;46;0;161,02;167,06
S;46;0;159,34;169,56
S;46;0;157,70;172,07
S;46;0;156,09;174,61
S;46;0;154,52;177,17
S;46;0;152,97;179,75
S;46;0;151,46;182,34
S;46;0;149,98;184,96
S;46;0;148,52;187,58
S;46;0;147,09;190,23
S;46;0;145,69;192,88
S;46;0;144,31;195,55
S;46;0;142,95;198,23
S;46;0;141,62;200,93
S;46;0;140,31;203,63
S;46;0;139,02;206,34
S;46;0;137,76;209,07
S;46;0;136,51;211,80
S;46;0;135,29;214,55
S;46;0;134,09;217,30
S;46;0;132,90;220,06
S;46;0;131,74;222,83
S;46;0;130,59;225,61
S;46;0;129,47;228,39
S;46;0;128,36;231,19
S;46;0;127,27;233,99
S;46;0;126,20;236,79
S;46;0;125,14;239,61
S;46;0;124,11;242,43
S;46;0;123,09;245,25
S;46;0;122,09;248,09
S;46;0;121,10;250,93
S;46;0;120,14;253,77
S;46;0;119,19;256,62
S;46;0;118,26;259,48
S;46;0;117,34;262,34
S;46;0;116,45;265,21
S;46;0;115,57;268,08
S;46;0;114,70;270,96
S;46;0;113,86;273,84
S;46;0;113,03;276,73
S;46;0;112,22;279,62
S;46;0;111,43;282,52
S;46;0;110,66;285,43
S;46;0;109,91;288,33
S;46;0;109,17;291,25
S;46;0;108,46;294,16
S;46;0;107,76;297,09
S;46;0;107,08;300,01
S;46;0;106,43;302,95
S;46;0;105,79;305,88
S;46;0;105,18;308,82
S;46;0;104,59;311,77
S;46;0;104,02;314,72
S;46;0;103,47;317,67
S;46;0;102,95;320,63
S;46;0;102,46;323,60
S;46;0;101,99;326,56
S;46;0;101,55;329,54
S;46;0;101,13;332,51
S;46;0;100,75;335,49
S;46;0;100,40;338,48
S;46;0;100,08;341,46
S;46;0;99,80;344,45
S;46;0;99,56;347,45
S;46;0;99,31;350,44
S;46;0;99,07;353,44
S;46;0;98,85;356,43
S;46;0;98,66;359,43
S;46;0;98,49;362,43
S;46;0;98,38;365,43
S;46;0;98,31;368,44
S;46;0;98,31;371,44
S;46;0;98,38;374,45
S;46;0;98,53;377,45
S;46;0;98,77;380,44
S;46;0;99,12;383,42
S;46;0;99,60;386,39
S;46;0;100,21;389,33
S;46;0;100,99;392,23
S;46;0;101,95;395,08
S;46;0;103,11;397,85
S;46;0;104,49;400,52
S;46;0;106,12;403,04
S;46;0;107,99;405,39
S;46;0;110,11;407,51
S;46;0;112,46;409,38
S;46;0;115,01;410,97
S;46;0;117,72;412,28
S;46;0;120,54;413,30
S;46;0;123,44;414,07
S;46;0;126,40;414,59
S;46;0;129,39;414,86
S;46;0;132,40;414,88
S;46;0;135,39;414,64
S;46;0;138,35;414,16
S;46;0;141,27;413,44
S;46;0;144,13;412,52
S;46;0;146,92;411,39
S;46;0;149,63;410,10
S;46;0;152,26;408,66
S;46;0;154,82;407,08
S;46;0;157,30;405,38
S;46;0;159,70;403,58
S;46;0;162,04;401,69
S;46;0;164,30;399,72
S;46;0;166,51;397,68
S;46;0;168,66;395,58
S;46;0;170,75;393,43
S;46;0;172,80;391,22
S;46;0;174,80;388,98
S;46;0;176,75;386,70
S;46;0;178,67;384,39
S;46;0;180,55;382,04
S;46;0;182,40;379,68
S;46;0;184,22;377,29
S;46;0;186,02;374,88
S;46;0;187,79;372,46
S;46;0;189,55;370,02
S;46;0;191,30;367,58
S;46;0;193,05;365,13
S;46;0;194,79;362,68
S;46;0;196,52;360,23
S;46;0;198,25;357,77
S;46;0;199,97;355,31
S;46;0;201,68;352,84
S;46;0;203,39;350,36
S;46;0;205,08;347,88
S;46;0;206,77;345,40
S;46;0;208,44;342,90
S;46;0;210,10;340,40
S;46;0;211,76;337,89
S;46;0;213,40;335,37
S;46;0;215,03;332,85
S;46;0;216,64;330,32
S;46;0;218,24;327,77
S;46;0;219,82;325,22
S;46;0;221,39;322,66
S;46;0;222,95;320,09
S;46;0;224,48;317,50
S;46;0;226,00;314,91
S;46;0;227,50;312,31
S;46;0;228,98;309,70
S;46;0;230,44;307,07
S;46;0;231,88;304,43
S;46;0;233,30;301,78
S;46;0;234,70;299,12
S;46;0;236,07;296,45
S;46;0;237,42;293,77
S;46;0;238,74;291,07
S;46;0;240,04;288,36
S;46;0;241,31;285,64
S;46;0;242,55;282,90
S;46;0;243,76;280,15
S;46;0;244,94;277,39
S;46;0;246,07;274,60
S;46;0;247,16;271,80
S;46;0;248,21;268,99
S;46;0;249,23;266,16
S;46;0;250,22;263,32
S;46;0;251,17;260,48
S;46;0;252,11;257,62
S;46;0;253,03;254,76
S;46;0;253,93;251,90
S;46;0;254,83;249,03
S;46;0;255,71;246,16
S;46;0;256,60;243,29
S;46;0;257,49;240,42
S;46;0;258,38;237,55
S;46;0;259,29;234,68
S;46;0;260,21;231,82
S;46;0;261,15;228,97
S;46;0;262,11;226,12
S;46;0;263,09;223,28
S;46;0;264,08;220,45
S;46;0;265,06;217,61
S;46;0;266,05;214,77
S;46;0;267,03;211,93
S;46;0;267,98;209,08
S;46;0;268,92;206,23
S;46;0;269,83;203,36
S;46;0;270,71;200,49
S;46;0;271,54;197,60
S;46;0;272,32;194,70
S;46;0;273,05;191,79
S;46;0;273,72;188,86
S;46;0;274,32;185,91
S;46;0;274,84;182,96
S;46;0;275,28;179,98
S;46;0;275,62;177,00
S;46;0;275,87;174,00
S;46;0;276,02;171,00
S;46;0;276,05;168,00
S;46;0;275,97;165,00
S;46;0;275,77;162,00
S;46;0;275,45;159,01
S;46;0;275,01;156,04
G;47;0000;cap_V
S;47;1;281,11;162,49
S;47;1;279,28;164,89
S;47;1;277,47;167,29
S;47;1;275,67;169,71
S;47;1;273,89;172,15
S;47;1;272,13;174,59
S;47;1;270,38;177,04
S;47;1;268,64;179,51
S;47;1;266,92;181,98
S;47;1;265,22;184,46
S;47;1;263,53;186,96
S;47;1;261,85;189,46
S;47;1;260,19;191,98
S;47;1;258,54;194,50
S;47;1;256,90;197,03
S;47;1;255,28;199,57
S;47;1;253,67;202,12
S;47;1;252,07;204,67
S;47;1;250,49;207,24
S;47;1;248,92;209,81
S;47;1;247,36;212,39
S;47;1;245,81;214,97
S;47;1;244,28;217,57
S;47;1;242,76;220,17
S;47;1;241,24;222,77
S;47;1;239,74;225,39
S;47;1;238,25;228,01
S;47;1;236,77;230,63
S;47;1;235,30;233,26
S;47;1;233,84;235,90
S;47;1;232,39;238,54
S;47;1;230,95;241,19
S;47;1;229,52;243,84
S;47;1;228,10;246,50
S;47;1;226,69;249,16
S;47;1;225,28;251,83
S;47;1;223,89;254,50
S;47;1;222,50;257,17
S;47;1;221,12;259,85
S;47;1;219,75;262,53
S;47;1;218,38;265,22
S;47;1;217,02;267,91
S;47;1;215,67;270,60
S;47;1;214,33;273,30
S;47;1;212,99;276,00
S;47;1;211,65;278,70
S;47;1;210,33;281,41
S;47;1;209,00;284,12
S;47;1;207,69;286,83
S;47;1;206,38;289,54
S;47;1;205,07;292,26
S;47;1;203,77;294,97
S;47;1;202,47;297,69
S;47;1;201,17;300,41
S;47;1;199,88;303,14
S;47;1;198,59;305,86
S;47;1;197,31;308,59
S;47;1;196,03;311,31
S;47;1;194,75;314,04
S;47;1;193,47;316,77
S;47;1;192,19;319,50
S;47;1;190,92;322,23
S;47;1;189,65;324,97
S;47;1;188,38;327,70
S;47;1;187,11;330,43
S;47;1;185,84;333,16
S;47;1;184,57;335,90
S;47;1;183,30;338,63
S;47;1;182,03;341,36
S;47;1;180,76;344,10
S;47;1;179,49;346,83
S;47;1;178,22;349,56
S;47;1;176,95;352,30
S;47;1;175,68;355,03
S;47;1;174,40;357,76
S;47;1;173,12;360,49
S;47;1;171,84;363,22
S;47;1;170,56;365,94
S;47;1;169,28;368,67
S;47;1;167,99;371,39
S;47;1;166,70;374,12
S;47;1;165,40;376,84
S;47;1;164,10;379,56
S;47;1;162,80;382,27
S;47;1;161,49;384,99
S;47;1;160,18;387,70
S;47;1;158,86;390,41
S;47;1;157,54;393,12
S;47;1;156,21;395,82
S;47;1;154,87;398,53
S;47;1;153,53;401,22
S;47;1;152,19;403,92
S;47;1;150,83;406,61
S;47;1;149,47;409,30
S;47;0;142,48;159,84
S;47;0;142,52;162,83
S;47;0;142,50;165,82
S;47;0;142,43;168,81
S;47;0;142,30;171,80
S;47;0;142,13;174,78
S;47;0;141,92;177,77
S;47;0;141,66;180,75
S;47;0;141,37;183,72
S;47;0;141,05;186,70
S;47;0;140,71;189,67
S;47;0;140,34;192,64
S;47;0;139,95;195,60
S;47;0;139,55;198,56
S;47;0;139,14;201,53
S;47;0;138,72;204,49
S;47;0;138,31;207,45
S;47;0;137,89;210,41
S;47;0;137,49;213,38
S;47;0;137,10;216,34
S;47;0;136,72;219,31
S;47;0;136,37;222,28
S;47;0;136,04;225,25
S;47;0;135,71;228,22
S;47;0;135,39;231,20
S;47;0;135,07;234,17
S;47;0;134,76;237,14
S;47;0;134,44;240,12
S;47;0;134,13;243,09
S;47;0;133,83;246,07
S;47;0;133,52;249,04
S;47;0;133,23;252,02
S;47;0;132,93;254,99
S;47;0;132,64;257,97
S;47;0;132,36;260,95
S;47;0;132,07;263,93
S;47;0;131,80;266,90
S;47;0;131,53;269,88
S;47;0;131,26;272,86
S;47;0;131,00;275,84
S;47;0;130,75;278,82
S;47;0;130,50;281,80
S;47;0;130,26;284,78
S;47;0;130,02;287,76
S;47;0;129,80;290,74
S;47;0;129,57;293,73
S;47;0;129,36;296,71
S;47;0;129,15;299,69
S;47;0;128,95;302,68
S;47;0;128,76;305,66
S;47;0;128,58;308,65
S;47;0;128,40;311,63
S;47;0;128,24;314,62
S;47;0;128,08;317,60
S;47;0;127,93;320,59
S;47;0;127,79;323,58
S;47;0;127,66;326,57
S;47;0;127,54;329,56
S;47;0;127,42;332,54
S;47;0;127,32;335,53
S;47;0;127,23;338,52
S;47;0;127,15;341,51
S;47;0;127,08;344,50
S;47;0;126,99;347,49
S;47;0;126,86;350,48
S;47;0;126,71;353,47
S;47;0;126,57;356,45
S;47;0;126,43;359,44
S;47;0;126,33;362,43
S;47;0;126,26;365,42
S;47;0;126,24;368,41
S;47;0;126,29;371,40
S;47;0;126,42;374,39
S;47;0;126,63;377,37
S;47;0;126,96;380,34
S;47;0;127,41;383,30
S;47;0;128,01;386,23
S;47;0;128,78;389,12
S;47;0;129,74;391,95
S;47;0;130,93;394,69
S;47;0;132,36;397,32
S;47;0;134,05;399,78
S;47;0;136,01;402,04
S;47;0;138,22;404,05
S;47;0;140,65;405,79
S;47;0;143,27;407,24
S;47;0;146,02;408,40
G;48;0000;cap_W
S;48;1;229,33;241,18
S;48;1;230,68;243,85
S;48;1;231,82;246,61
S;48;1;232,72;249,46
S;48;1;233,40;252,38
S;48;1;233,85;255,33
S;48;1;234,10;258,31
S;48;1;234,15;261,30
S;48;1;234,04;264,29
S;48;1;233,77;267,27
S;48;1;233,38;270,23
S;48;1;232,88;273,18
S;48;1;232,28;276,11
S;48;1;231,61;279,03
S;48;1;230,88;281,93
S;48;1;230,11;284,82
S;48;1;229,31;287,70
S;48;1;228,49;290,58
S;48;1;227,68;293,45
S;48;1;226,87;296,34
S;48;1;226,11;299,23
S;48;1;225,38;302,13
S;48;1;224,69;305,04
S;48;1;224,03;307,96
S;48;1;223,40;310,88
S;48;1;222,80;313,81
S;48;1;222,22;316,74
S;48;1;221,66;319,68
S;48;1;221,12;322,62
S;48;1;220,61;325,57
S;48;1;220,12;328,52
S;48;1;219,66;331,48
S;48;1;219,22;334,43
S;48;1;218,80;337,40
S;48;1;218,41;340,36
S;48;1;218,05;343,33
S;48;1;217,71;346,30
S;48;1;217,41;349,28
S;48;1;217,14;352,26
S;48;1;216,90;355,24
S;48;1;216,69;358,22
S;48;1;216,53;361,21
S;48;1;216,40;364,20
S;48;1;216,32;367,19
S;48;1;216,29;370,18
S;48;1;216,31;373,17
S;48;1;216,40;376,16
S;48;1;216,55;379,15
S;48;1;216,77;382,13
S;48;1;217,08;385,10
S;48;1;217,49;388,06
S;48;1;218,01;391,01
S;48;1;218,67;393,93
S;48;1;219,49;396,80
S;48;1;220,49;399,62
S;48;1;221,73;402,34
S;48;1;223,25;404,92
S;48;1;225,07;407,29
S;48;1;227,16;409,42
S;48;1;229,56;411,20
S;48;1;232,27;412,45
S;48;1;235,20;413,01
S;48;1;238,18;412,85
S;48;1;241,06;412,06
S;48;1;243,78;410,81
S;48;1;246,31;409,23
S;48;1;248,69;407,42
S;48;1;250,94;405,44
S;48;1;253,07;403,34
S;48;1;255,09;401,14
S;48;1;257,04;398,87
S;48;1;258,91;396,53
S;48;1;260,71;394,15
S;48;1;262,46;391,72
S;48;1;264,16;389,26
S;48;1;265,82;386,77
S;48;1;267,43;384,25
S;48;1;269,02;381,72
S;48;1;270,57;379,16
S;48;1;272,10;376,59
S;48;1;273,62;374,01
S;48;1;275,12;371,43
S;48;1;276,64;368,85
S;48;1;278,20;366,30
S;48;1;279,77;363,75
S;48;1;281,32;361,20
S;48;1;282,86;358,63
S;48;1;284,38;356,06
S;48;1;285,89;353,48
S;48;1;287,39;350,89
S;48;1;288,87;348,29
S;48;1;290,34;345,68
S;48;1;291,80;343,07
S;48;1;293,24;340,45
S;48;1;294,67;337,83
S;48;1;296,09;335,19
S;48;1;297,50;332,55
S;48;1;298,89;329,91
S;48;1;300,27;327,25
S;48;1;301,64;324,59
S;48;1;303,00;321,93
S;48;1;304,35;319,26
S;48;1;305,68;316,58
S;48;1;307,01;313,90
S;48;1;308,32;311,21
S;48;1;309,62;308,52
S;48;1;310,92;305,83
S;48;1;312,20;303,12
S;48;1;313,47;300,42
S;48;1;314,74;297,71
S;48;1;315,99;294,99
S;48;1;317,24;292,27
S;48;1;318,47;289,55
S;48;1;319,70;286,82
S;48;1;320,92;284,09
S;48;1;322,13;281,35
S;48;1;323,33;278,61
S;48;1;324,52;275,87
S;48;1;325,71;273,13
S;48;1;326,89;270,38
S;48;1;328,06;267,63
S;48;1;329,23;264,87
S;48;1;330,39;262,12
S;48;1;331,54;259,36
S;48;1;332,69;256,59
S;48;1;333,83;253,83
S;48;1;334,96;251,06
S;48;1;336,09;248,29
S;48;1;337,22;245,52
S;48;1;338,34;242,75
S;48;1;339,46;239,97
S;48;1;340,57;237,19
S;48;1;341,67;234,42
S;48;1;342,78;231,64
S;48;1;343,88;228,86
S;48;1;344,97;226,07
S;48;1;346,07;223,29
S;48;1;347,16;220,50
S;48;1;348,24;217,72
S;48;1;349,33;214,93
S;48;1;350,41;212,14
S;48;1;351,49;209,35
S;48;1;352,57;206,56
S;48;1;353,65;203,77
S;48;1;354,73;200,98
S;48;1;355,81;198,19
S;48;1;356,88;195,40
S;48;1;357,96;192,61
S;48;1;359,03;189,82
S;48;1;360,11;187,03
S;48;1;361,19;184,24
S;48;1;362,26;181,45
S;48;1;363,34;178,66
S;48;1;364,42;175,87
S;48;0;146,40;175,39
S;48;0;146,03;178,36
S;48;0;145,58;181,33
S;48;0;145,08;184,28
S;48;0;144,51;187,23
S;48;0;143,89;190,16
S;48;0;143,23;193,08
S;48;0;142,52;195,99
S;48;0;141,77;198,90
S;48;0;140,99;201,79
S;48;0;140,18;204,68
S;48;0;139,35;207,56
S;48;0;138,50;210,43
S;48;0;137,64;213,30
S;48;0;136,78;216,17
S;48;0;135,91;219,04
S;48;0;135,06;221,92
S;48;0;134,21;224,79
S;48;0;133,37;227,67
S;48;0;132,56;230,55
S;48;0;131,78;233,45
S;48;0;131,02;236,35
S;48;0;130,31;239,26
S;48;0;129,62;242,18
S;48;0;128,94;245,10
S;48;0;128,28;248,02
S;48;0;127,63;250,95
S;48;0;127,00;253,88
S;48;0;126,38;256,81
S;48;0;125,77;259,74
S;48;0;125,17;262,68
S;48;0;124,59;265,62
S;48;0;124,02;268,56
S;48;0;123,45;271,51
S;48;0;122,90;274,45
S;48;0;122,36;277,40
S;48;0;121,83;280,35
S;48;0;121,30;283,30
S;48;0;120,79;286,25
S;48;0;120,28;289,21
S;48;0;119,78;292,16
S;48;0;119,29;295,12
S;48;0;118,81;298,08
S;48;0;118,33;301,04
S;48;0;117,86;304,00
S;48;0;117,39;306,96
S;48;0;116,93;309,92
S;48;0;116,47;312,88
S;48;0;116,02;315,85
S;48;0;115,57;318,81
S;48;0;115,12;321,77
S;48;0;114,68;324,74
S;48;0;114,23;327,70
S;48;0;113,79;330,67
S;48;0;113,35;333,63
S;48;0;112,92;336,60
S;48;0;112,48;339,56
S;48;0;112,04;342,53
S;48;0;111,59;345,49
S;48;0;111,08;348,44
S;48;0;110,55;351,40
S;48;0;110,03;354,35
S;48;0;109,52;357,30
S;48;0;109,03;360,26
S;48;0;108,58;363,22
S;48;0;108,17;366,19
S;48;0;107,80;369,16
S;48;0;107,48;372,15
S;48;0;107,23;375,13
S;48;0;107,06;378,12
S;48;0;106,98;381,12
S;48;0;107,01;384,12
S;48;0;107,19;387,11
S;48;0;107,55;390,08
S;48;0;108,15;393,02
S;48;0;109,09;395,86
S;48;0;110,49;398,51
S;48;0;112,49;400,72
S;48;0;115,09;402,19
S;48;0;118,02;402,73
S;48;0;120,98;402,33
S;48;0;123,77;401,23
S;48;0;126,34;399,69
S;48;0;128,71;397,87
S;48;0;130,93;395,85
S;48;0;133,02;393,71
S;48;0;135,01;391,46
S;48;0;136,91;389,14
S;48;0;138,73;386,76
S;48;0;140,49;384,33
S;48;0;142,19;381,87
S;48;0;143,84;379,36
S;48;0;145,44;376,83
S;48;0;147,01;374,28
S;48;0;148,54;371,70
S;48;0;150,04;369,11
S;48;0;151,51;366,50
S;48;0;152,96;363,87
S;48;0;154,38;361,23
S;48;0;155,79;358,58
S;48;0;157,18;355,93
S;48;0;158,58;353,28
S;48;0;159,98;350,63
S;48;0;161,37;347,97
S;48;0;162,75;345,31
S;48;0;164,12;342,65
S;48;0;165,49;339,98
S;48;0;166,86;337,31
S;48;0;168,22;334,65
S;48;0;169,59;331,98
S;48;0;170,95;329,30
S;48;0;172,31;326,63
S;48;0;173,67;323,96
S;48;0;175,03;321,29
S;48;0;176,39;318,62
S;48;0;177,75;315,95
S;48;0;179,12;313,29
S;48;0;180,49;310,62
S;48;0;181,87;307,96
S;48;0;183,25;305,30
S;48;0;184,64;302,64
S;48;0;186,04;299,99
S;48;0;187,44;297,34
S;48;0;188,85;294,70
S;48;0;190,27;292,06
S;48;0;191,70;289,42
S;48;0;193,14;286,79
S;48;0;194,60;284,17
S;48;0;196,07;281,56
S;48;0;197,55;278,96
S;48;0;199,05;276,36
S;48;0;200,56;273,77
S;48;0;202,10;271,20
S;48;0;203,65;268,64
S;48;0;205,23;266,09
S;48;0;206,83;263,55
S;48;0;208,46;261,04
S;48;0;210,18;258,58
S;48;0;211,98;256,19
S;48;0;213,86;253,85
S;48;0;215,79;251,56
S;48;0;217,77;249,31
S;48;0;219,77;247,08
S;48;0;221,78;244,86
S;48;0;223,80;242,64
S;48;0;225,81;240,41
S;48;0;227,79;238,16
S;48;0;229,73;235,88
S;48;0;231,61;233,55
S;48;0;233,43;231,17
S;48;0;235,17;228,72
S;48;0;236,80;226,21
S;48;0;238,32;223,62
S;48;0;239,72;220,98
S;48;0;241,03;218,28
S;48;0;242,24;215,54
S;48;0;243,39;212,77
S;48;0;244,48;209,98
S;48;0;245,54;207,17
S;48;0;246,59;204,37
S;48;0;247,63;201,56
S;48;0;248,70;198,75
S;48;0;249,80;195,97
S;48;0;250,96;193,20
S;48;0;252,18;190,47
S;48;0;253,49;187,77
S;48;0;254,91;185,13
S;48;0;256,44;182,55
S;48;0;258,09;180,05
G;49;0000;cap_X
S;49;1;285,76;169,91
S;49;1;284,48;172,62
S;49;1;283,17;175,32
S;49;1;281,82;177,99
S;49;1;280,44;180,65
S;49;1;279,02;183,30
S;49;1;277,57;185,92
S;49;1;276,09;188,53
S;49;1;274,58;191,12
S;49;1;273,05;193,69
S;49;1;271,48;196,25
S;49;1;269,88;198,79
S;49;1;268,26;201,31
S;49;1;266,61;203,81
S;49;1;264,94;206,30
S;49;1;263,24;208,77
S;49;1;261,51;211,22
S;49;1;259,76;213,66
S;49;1;257,99;216,08
S;49;1;256,20;218,48
S;49;1;254,39;220,87
S;49;1;252,55;223,24
S;49;1;250,70;225,60
S;49;1;248,82;227,94
S;49;1;246,93;230,26
S;49;1;245,02;232,57
S;49;1;243,09;234,86
S;49;1;241,14;237,14
S;49;1;239,18;239,41
S;49;1;237,20;241,66
S;49;1;235,20;243,90
S;49;1;233,19;246,12
S;49;1;231,17;248,33
S;49;1;229,13;250,53
S;49;1;227,07;252,72
S;49;1;225,01;254,89
S;49;1;222,93;257,05
S;49;1;220,83;259,19
S;49;1;218,73;261,33
S;49;1;216,61;263,45
S;49;1;214,49;265,57
S;49;1;212,35;267,67
S;49;1;210,20;269,76
S;49;1;208,02;271,82
S;49;1;205,77;273,80
S;49;1;203,47;275,72
S;49;1;201,13;277,59
S;49;1;198,77;279,45
S;49;1;196,41;281,29
S;49;1;194,05;283,14
S;49;1;191,71;285,02
S;49;1;189,41;286,94
S;49;1;187,16;288,92
S;49;1;184,98;290,98
S;49;1;182,91;293,14
S;49;1;181,07;295,52
S;49;1;179,47;298,05
S;49;1;178,04;300,68
S;49;1;176,69;303,36
S;49;1;175,35;306,04
S;49;1;173,93;308,68
S;49;1;172,36;311,23
S;49;1;170,56;313,63
S;49;1;168,48;315,79
S;49;1;166,28;317,82
S;49;1;164,07;319,85
S;49;1;161,85;321,87
S;49;1;159,64;323,89
S;49;1;157,41;325,90
S;49;1;155,19;327,91
S;49;1;152,96;329,92
S;49;1;150,73;331,92
S;49;1;148,49;333,92
S;49;1;146,26;335,92
S;49;1;144,03;337,92
S;49;1;141,80;339,92
S;49;1;139,57;341,93
S;49;1;137,34;343,93
S;49;1;135,11;345,94
S;49;1;132,89;347,96
S;49;1;130,67;349,97
S;49;1;128,46;352,00
S;49;1;126,25;354,02
S;49;1;124,05;356,06
S;49;1;121,86;358,10
S;49;1;119,67;360,15
S;49;1;117,49;362,21
S;49;1;115,32;364,28
S;49;1;113,17;366,36
S;49;1;111,02;368,46
S;49;1;108,88;370,56
S;49;1;106,76;372,67
S;49;1;104,64;374,80
S;49;1;102,55;376,95
S;49;1;100,46;379,10
S;49;1;98,40;381,27
S;49;1;96,35;383,46
S;49;1;94,31;385,66
S;49;1;92,30;387,88
S;49;1;90,30;390,12
S;49;1;88,33;392,38
S;49;1;86,37;394,65
S;49;1;84,44;396,94
S;49;1;82,53;399,26
S;49;1;80,65;401,59
S;49;1;78,79;403,94
S;49;1;76,96;406,31
S;49;1;75,15;408,71
S;49;1;73,38;411,12
S;49;1;71,63;413,56
S;49;0;154,19;170,08
S;49;0;154,46;173,05
S;49;0;154,74;176,02
S;49;0;155,02;178,99
S;49;0;155,31;181,97
S;49;0;155,61;184,94
S;49;0;155,91;187,90
S;49;0;156,21;190,87
S;49;0;156,52;193,84
S;49;0;156,84;196,81
S;49;0;157,17;199,77
S;49;0;157,51;202,74
S;49;0;157,85;205,70
S;49;0;158,20;208,67
S;49;0;158,56;211,63
S;49;0;158,92;214,59
S;49;0;159,30;217,55
S;49;0;159,68;220,51
S;49;0;160,08;223,47
S;49;0;160,48;226,43
S;49;0;160,90;229,38
S;49;0;161,32;232,34
S;49;0;161,75;235,29
S;49;0;162,20;238,24
S;49;0;162,66;241,19
S;49;0;163,12;244,14
S;49;0;163,60;247,09
S;49;0;164,09;250,03
S;49;0;164,60;252,97
S;49;0;165,11;255,91
S;49;0;165,64;258,85
S;49;0;166,18;261,78
S;49;0;166,74;264,71
S;49;0;167,31;267,64
S;49;0;167,89;270,57
S;49;0;168,49;273,50
S;49;0;169,10;276,42
S;49;0;169,73;279,33
S;49;0;170,37;282,25
S;49;0;171,04;285,16
S;49;0;171,71;288,06
S;49;0;172,41;290,97
S;49;0;173,12;293,87
S;49;0;173,85;296,76
S;49;0;174,60;299,65
S;49;0;175,36;302,53
S;49;0;176,15;305,41
S;49;0;176,96;308,29
S;49;0;177,78;311,15
S;49;0;178,63;314,01
S;49;0;179,50;316,87
S;49;0;180,39;319,72
S;49;0;181,30;322,56
S;49;0;182,23;325,39
S;49;0;183,19;328,22
S;49;0;184,18;331,04
S;49;0;185,18;333,85
S;49;0;186,22;336,65
S;49;0;187,28;339,44
S;49;0;188,36;342,22
S;49;0;189,48;344,98
S;49;0;190,62;347,74
S;49;0;191,79;350,49
S;49;0;192,99;353,22
S;49;0;194,22;355,94
S;49;0;195,42;358,67
S;49;0;196,62;361,41
S;49;0;197,81;364,14
S;49;0;199,01;366,87
S;49;0;200,23;369,60
S;49;0;201,47;372,31
S;49;0;202,75;375,01
S;49;0;204,08;377,68
S;49;0;205,45;380,33
S;49;0;206,89;382,94
S;49;0;208,40;385,52
S;49;0;209,99;388,04
S;49;0;211,68;390,51
S;49;0;213,46;392,90
S;49;0;215,35;395,21
S;49;0;217,36;397,41
S;49;0;219,50;399,50
S;49;0;221,76;401,44
S;49;0;224,15;403,23
S;49;0;226,66;404,84
S;49;0;229,29;406,25
S;49;0;232,03;407,44
S;49;0;234,84;408,42
S;49;0;237,73;409,18
G;50;0000;cap_Y
S;50;1;141,57;153,44
S;50;1;141,58;156,42
S;50;1;141,57;159,41
S;50;1;141,55;162,39
S;50;1;141,52;165,37
S;50;1;141,49;168,36
S;50;1;141,45;171,34
S;50;1;141,40;174,33
S;50;1;141,36;177,31
S;50;1;141,32;180,29
S;50;1;141,29;183,28
S;50;1;141,26;186,26
S;50;1;141,25;189,24
S;50;1;141,25;192,23
S;50;1;141,26;195,21
S;50;1;141,29;198,19
S;50;1;141,34;201,18
S;50;1;141,42;204,16
S;50;1;141,52;207,14
S;50;1;141,65;210,12
S;50;1;141,81;213,10
S;50;1;142,01;216,08
S;50;1;142,25;219,05
S;50;1;142,53;222,02
S;50;1;142,85;224,99
S;50;1;143,22;227,95
S;50;1;143,64;230,90
S;50;1;144,12;233,85
S;50;1;144,65;236,78
S;50;1;145,25;239,71
S;50;1;145,90;242,62
S;50;1;146,63;245,51
S;50;1;147,42;248,39
S;50;1;148,28;251,25
S;50;1;149,22;254,08
S;50;1;150,23;256,89
S;50;1;151,31;259,66
S;50;1;152,48;262,41
S;50;1;153,72;265,13
S;50;1;155,03;267,80
S;50;1;156,43;270,44
S;50;1;157,90;273,03
S;50;1;159,45;275,58
S;50;1;161,08;278,09
S;50;1;162,78;280,54
S;50;1;164,54;282,94
S;50;1;166,38;285,29
S;50;1;168,28;287,59
S;50;1;170,25;289,84
S;50;1;172,27;292,03
S;50;0;292,34;159,31
S;50;0;291,60;162,20
S;50;0;290,65;165,03
S;50;0;289,51;167,79
S;50;0;288,19;170,48
S;50;0;286,73;173,08
S;50;0;285,14;175,61
S;50;0;283,44;178,06
S;50;0;281,64;180,45
S;50;0;279,76;182,77
S;50;0;277,81;185,03
S;50;0;275,81;187,25
S;50;0;273,76;189,42
S;50;0;271,68;191,56
S;50;0;269,57;193,67
S;50;0;267,44;195,77
S;50;0;265,30;197,86
S;50;0;263,16;199,94
S;50;0;261,03;202,04
S;50;0;258,92;204,15
S;50;0;256,83;206,28
S;50;0;254,78;208,46
S;50;0;252,76;210,65
S;50;0;250,75;212,87
S;50;0;248,77;215,10
S;50;0;246,80;217,35
S;50;0;244,85;219,61
S;50;0;242,91;221,88
S;50;0;240,98;224,16
S;50;0;239,06;226,44
S;50;0;237,15;228,74
S;50;0;235,24;231,03
S;50;0;233,33;233,33
S;50;0;231,42;235,63
S;50;0;229,51;237,93
S;50;0;227,60;240,22
S;50;0;225,68;242,51
S;50;0;223,75;244,79
S;50;0;221,81;247,06
S;50;0;219,85;249,32
S;50;0;217,89;251,57
S;50;0;215,90;253,80
S;50;0;213,90;256,01
S;50;0;211,87;258,20
S;50;0;209,81;260,37
S;50;0;207,73;262,51
S;50;0;205,63;264,64
S;50;0;203,52;266,75
S;50;0;201,39;268,84
S;50;0;199,26;270,93
S;50;0;197,12;273,02
S;50;0;194,98;275,10
S;50;0;192,84;277,19
S;50;0;190,71;279,28
S;50;0;188,58;281,38
S;50;0;186,47;283,49
S;50;0;184,37;285,62
S;50;0;182,30;287,76
S;50;0;180,24;289,93
S;50;0;178,21;292,13
S;50;0;176,22;294,35
S;50;0;174,34;296,66
S;50;0;172,66;299,14
S;50;0;171,20;301,74
S;50;0;169,92;304,44
S;50;0;168,81;307,21
S;50;0;167,84;310,04
S;50;0;166,99;312,90
S;50;0;166,24;315,79
S;50;0;165,56;318,70
S;50;0;164,92;321,62
S;50;0;164,32;324,54
S;50;0;163,72;327,47
S;50;0;163,10;330,39
S;50;0;162,43;333,30
S;50;0;161,70;336,20
S;50;0;160,88;339,07
S;50;0;160,02;341,93
S;50;0;159,13;344,78
S;50;0;158,23;347,63
S;50;0;157,31;350,47
S;50;0;156,38;353,31
S;50;0;155,44;356,14
S;50;0;154,49;358,98
S;50;0;153,53;361,80
S;50;0;152,57;364,63
S;50;0;151,60;367,46
S;50;0;150,64;370,28
S;50;0;149,67;373,11
S;50;0;148,71;375,94
S;50;0;147,76;378,77
S;50;0;146,81;381,60
S;50;0;145,87;384,44
S;50;0;144,95;387,28
S;50;0;144,03;390,12
S;50;0;143,14;392,97
S;50;0;142,26;395,83
S;50;0;141,41;398,69
S;50;0;140,58;401,56
S;50;0;139,77;404,43
S;50;0;138,99;407,32
S;50;0;138,24;410,21
S;50;0;137,52;413,11
S;50;0;136,84;416,01
S;50;0;136,19;418,93
G;51;0000;cap_Z
S;51;0;153,84;169,43
S;51;0;156,78;168,85
S;51;0;159,72;168,31
S;51;0;162,67;167,81
S;51;0;165,63;167,36
S;51;0;168,59;166,93
S;51;0;171,56;166,55
S;51;0;174,53;166,21
S;51;0;177,51;165,90
S;51;0;180,49;165,63
S;51;0;183,48;165,39
S;51;0;186,46;165,20
S;51;0;189,45;165,03
S;51;0;192,44;164,90
S;51;0;195,43;164,81
S;51;0;198,43;164,74
S;51;0;201,42;164,71
S;51;0;204,41;164,71
S;51;0;207,40;164,74
S;51;0;210,40;164,79
S;51;0;213,39;164,82
S;51;0;216,38;164,84
S;51;0;219,37;164,87
S;51;0;222,37;164,91
S;51;0;225,36;164,98
S;51;0;228,35;165,06
S;51;0;231,34;165,18
S;51;0;234,33;165,34
S;51;0;237,32;165,54
S;51;0;240,30;165,79
S;51;0;243,28;166,09
S;51;0;246,25;166,46
S;51;0;249,21;166,91
S;51;0;252,15;167,44
S;51;0;255,08;168,08
S;51;0;257,97;168,85
S;51;0;260,81;169,78
S;51;0;263,58;170,91
S;51;0;266,24;172,29
S;51;0;268,69;174,00
S;51;0;270,81;176,11
S;51;0;272,46;178,60
S;51;0;273,75;181,30
S;51;0;274,63;184,16
S;51;0;275,08;187,11
S;51;0;275,12;190,11
S;51;0;274,79;193,08
S;51;0;274,14;196,00
S;51;0;273,24;198,85
S;51;0;272,12;201,63
S;51;0;270,83;204,33
S;51;0;269,40;206,96
S;51;0;267,85;209,52
S;51;0;266,22;212,03
S;51;0;264,50;214,48
S;51;0;262,73;216,89
S;51;0;260,90;219,26
S;51;0;259,03;221,60
S;51;0;257,13;223,91
S;51;0;255,22;226,21
S;51;0;253,30;228,51
S;51;0;251,39;230,81
S;51;0;249,50;233,14
S;51;0;247,60;235,45
S;51;0;245,68;237,74
S;51;0;243,74;240,02
S;51;0;241,78;242,29
S;51;0;239,81;244,54
S;51;0;237,82;246,78
S;51;0;235,82;249,00
S;51;0;233,81;251,21
S;51;0;231,78;253,41
S;51;0;229,73;255,60
S;51;0;227,68;257,78
S;51;0;225,61;259,94
S;51;0;223,53;262,09
S;51;0;221,44;264,24
S;51;0;219,34;266,37
S;51;0;217,23;268,49
S;51;0;215,11;270,60
S;51;0;212,98;272,70
S;51;0;210,84;274,80
S;51;0;208,69;276,88
S;51;0;206,53;278,96
S;51;0;204,37;281,03
S;51;0;202,20;283,09
S;51;0;200,03;285,14
S;51;0;197,84;287,19
S;51;0;195,66;289,23
S;51;0;193,46;291,27
S;51;0;191,27;293,30
S;51;0;189,06;295,33
S;51;0;186,86;297,36
S;51;0;184,65;299,37
S;51;0;182,44;301,39
S;51;0;180,22;303,40
S;51;0;178,01;305,42
S;51;0;175,79;307,42
S;51;0;173,57;309,43
S;51;0;171,35;311,44
S;51;0;169,12;313,44
S;51;0;166,90;315,45
S;51;0;164,68;317,45
S;51;0;162,46;319,46
S;51;0;160,24;321,47
S;51;0;158,02;323,48
S;51;0;155,80;325,49
S;51;0;153,59;327,50
S;51;0;151,38;329,52
S;51;0;149,17;331,54
S;51;0;146,96;333,56
S;51;0;144,76;335,59
S;51;0;142,56;337,62
S;51;0;140,37;339,66
S;51;0;138,18;341,70
S;51;0;136,00;343,75
S;51;0;133,83;345,80
S;51;0;131,66;347,87
S;51;0;129,49;349,93
S;51;0;127,29;351,96
S;51;0;125,02;353,91
S;51;0;122,73;355,83
S;51;0;120,42;357,75
S;51;0;118,12;359,66
S;51;0;115,83;361,58
S;51;0;113,54;363,51
S;51;0;111,27;365,46
S;51;0;109,02;367,43
S;51;0;106,78;369,43
S;51;0;104,58;371,45
S;51;0;102,40;373,50
S;51;0;100,26;375,59
S;51;0;98,16;377,72
S;51;0;96,11;379,91
S;51;0;94,12;382,15
S;51;0;92,22;384,45
S;51;0;90,41;386,84
S;51;0;88,72;389,31
S;51;0;87,22;391,89
S;51;0;85,95;394,60
S;51;0;85,04;397,45
S;51;0;84,65;400,41
S;51;0;85,00;403,38
S;51;0;86,22;406,10
S;51;0;88,21;408,32
S;51;0;90,72;409,93
S;51;0;93,51;411,02
S;51;0;96,41;411,73
S;51;0;99,37;412,16
S;51;0;102,36;412,37
S;51;0;105,35;412,43
S;51;0;108,34;412,37
S;51;0;111,33;412,20
S;51;0;114,32;411,97
S;51;0;117,30;411,68
S;51;0;120,27;411,38
S;51;0;123,25;411,09
S;51;0;126,23;410,80
S;51;0;129,20;410,46
S;51;0;132,17;410,10
S;51;0;135,14;409,70
S;51;0;138,11;409,29
S;51;0;141,07;408,87
S;51;0;144,03;408,44
S;51;0;146,99;408,01
S;51;0;149,96;407,59
S;51;0;152,92;407,20
S;51;0;155,89;406,82
S;51;0;158,87;406,47
S;51;0;161,84;406,17
S;51;0;164,83;405,90
S;51;0;167,81;405,69
S;51;0;170,80;405,52
S;51;0;173,79;405,37
S;51;0;176,78;405,25
S;51;0;179,77;405,15
S;51;0;182,76;405,06
S;51;0;185,75;404,99
S;51;0;188,75;404,94
S;51;0;191,74;404,89
S;51;0;194,73;404,85
S;51;0;197,73;404,82
S;51;0;200,72;404,78
S;51;0;203,71;404,75
S;51;0;206,70;404,72
S;51;0;209,70;404,68
S;51;0;212,69;404,63
S;51;0;215,68;404,57
S;51;0;218,67;404,50
S;51;0;221,67;404,41
S;51;0;224,66;404,30
S;51;0;227,65;404,18
S;51;0;230,64;404,02
S;51;0;233,62;403,85
S;51;0;236,61;403,64
G;52;0000;at
S;52;1;201,41;295,60
S;52;1;204,38;295,10
S;52;1;207,39;294,89
S;52;1;210,40;295,03
S;52;1;213,36;295,56
S;52;1;216,22;296,51
S;52;1;218,89;297,91
S;52;1;221,30;299,71
S;52;1;223,40;301,87
S;52;1;225,15;304,32
S;52;1;226,57;306,98
S;52;1;227,64;309,80
S;52;1;228,40;312,71
S;52;1;228,87;315,69
S;52;1;229,05;318,70
S;52;1;228,98;321,71
S;52;1;228,66;324,71
S;52;1;228,12;327,67
S;52;1;227,44;330,61
S;52;1;226,68;333,53
S;52;1;225,82;336,42
S;52;1;224,87;339,28
S;52;1;223,84;342,11
S;52;1;222,72;344,91
S;52;1;221,51;347,67
S;52;1;220,22;350,39
S;52;1;218,84;353,07
S;52;1;217,37;355,71
S;52;1;215,81;358,29
S;52;1;214,16;360,81
S;52;1;212,42;363,27
S;52;1;210,58;365,66
S;52;1;208,65;367,98
S;52;1;206,62;370,21
S;52;1;204,50;372,35
S;52;1;202,27;374,38
S;52;1;199,95;376,30
S;52;1;197,53;378,10
S;52;1;195,01;379,76
S;52;1;192,40;381,27
S;52;1;189,71;382,62
S;52;1;186,94;383,81
S;52;1;184,10;384,81
S;52;1;181,19;385,62
S;52;1;178,22;386,10
S;52;1;175,21;386,20
S;52;1;172,21;385,90
S;52;1;169,29;385,18
S;52;1;166,49;384,05
S;52;1;163,89;382,53
S;52;1;161,52;380,68
S;52;1;159,41;378,52
S;52;1;157,60;376,12
S;52;1;156,09;373,51
S;52;1;154,91;370,73
S;52;1;154,06;367,84
S;52;1;153,55;364,87
S;52;1;153,38;361,86
S;52;1;153,56;358,86
S;52;1;154,07;355,89
S;52;1;154,83;352,97
S;52;1;155,67;350,07
S;52;1;156,59;347,20
S;52;1;157,58;344,36
S;52;1;158,66;341,54
S;52;1;159,81;338,75
S;52;1;161,03;336,00
S;52;1;162,34;333,28
S;52;1;163,72;330,60
S;52;1;165,18;327,96
S;52;1;166,72;325,37
S;52;1;168,33;322,83
S;52;1;170,03;320,34
S;52;1;171,81;317,90
S;52;1;173,68;315,53
S;52;1;175,62;313,23
S;52;1;177,65;311,00
S;52;1;179,77;308,86
S;52;1;181,98;306,80
S;52;1;184,27;304,84
S;52;1;186,64;302,98
S;52;1;189,10;301,24
S;52;1;191,64;299,62
S;52;1;194,26;298,12
S;52;1;196,95;296,77
S;52;1;199,72;295,56
S;52;1;202,54;294,51
S;52;0;218,96;356,65
S;52;0;220,58;359,18
S;52;0;222,37;361,59
S;52;0;224,35;363,85
S;52;0;226,51;365,93
S;52;0;228,87;367,80
S;52;0;231,40;369,41
S;52;0;234,10;370,73
S;52;0;236,92;371,74
S;52;0;239,85;372,41
S;52;0;242,83;372,76
S;52;0;245,83;372,78
S;52;0;248,82;372,50
S;52;0;251,78;371,94
S;52;0;254,67;371,13
S;52;0;257,49;370,10
S;52;0;260,22;368,86
S;52;0;262,87;367,44
S;52;0;265,42;365,86
S;52;0;267,88;364,13
S;52;0;270,23;362,26
S;52;0;272,47;360,26
S;52;0;274,61;358,15
S;52;0;276,63;355,93
S;52;0;278,53;353,61
S;52;0;280,32;351,19
S;52;0;281,97;348,68
S;52;0;283,55;346,13
S;52;0;285,06;343,53
S;52;0;286,49;340,89
S;52;0;287,85;338,21
S;52;0;289,12;335,49
S;52;0;290,32;332,73
S;52;0;291,43;329,94
S;52;0;292,45;327,12
S;52;0;293,37;324,26
S;52;0;294,20;321,37
S;52;0;294,93;318,46
S;52;0;295,55;315,52
S;52;0;296,06;312,56
S;52;0;296,46;309,58
S;52;0;296,74;306,59
S;52;0;296,90;303,59
S;52;0;296,93;300,59
S;52;0;296,83;297,58
S;52;0;296,61;294,59
S;52;0;296,25;291,61
S;52;0;295,75;288,64
S;52;0;295,12;285,71
S;52;0;294,35;282,80
S;52;0;293,46;279,94
S;52;0;292,44;277,11
S;52;0;291,30;274,33
S;52;0;290,05;271,60
S;52;0;288,69;268,92
S;52;0;287,22;266,30
S;52;0;285,65;263,74
S;52;0;283,99;261,24
S;52;0;282,23;258,81
S;52;0;280,38;256,44
S;52;0;278,44;254,14
S;52;0;276,42;251,92
S;52;0;274,32;249,77
S;52;0;272,14;247,71
S;52;0;269,88;245,72
S;52;0;267,56;243,82
S;52;0;265,16;242,01
S;52;0;262,70;240,29
S;52;0;260,17;238,67
S;52;0;257,58;237,15
S;52;0;254,93;235,73
S;52;0;252,23;234,43
S;52;0;249,47;233,23
S;52;0;246,66;232,16
S;52;0;243,82;231,20
S;52;0;240,93;230,38
S;52;0;238,01;229,68
S;52;0;235,05;229,13
S;52;0;232,08;228,71
S;52;0;229,09;228,44
S;52;0;226,09;228,32
S;52;0;223,08;228,35
S;52;0;220,09;228,54
S;52;0;217,10;228,87
S;52;0;214,13;229,32
S;52;0;211,17;229,86
S;52;0;208,24;230,49
S;52;0;205,32;231,22
S;52;0;202,43;232,03
S;52;0;199,56;232,92
S;52;0;196,72;233,90
S;52;0;193,91;234,96
S;52;0;191,13;236,08
S;52;0;188,37;237,29
S;52;0;185,65;238,56
S;52;0;182,96;239,89
S;52;0;180,30;241,29
S;52;0;177,68;242,75
S;52;0;175,09;244,27
S;52;0;172,53;245,85
S;52;0;170,00;247,47
S;52;0;167,51;249,15
S;52;0;165,06;250,88
S;52;0;162,63;252,66
S;52;0;160,24;254,48
S;52;0;157,89;256,34
S;52;0;155,56;258,24
S;52;0;153,27;260,19
S;52;0;151,02;262,17
S;52;0;148,80;264,19
S;52;0;146,61;266,25
S;52;0;144,45;268,34
S;52;0;142,33;270,47
S;52;0;140,24;272,63
S;52;0;138,18;274,82
S;52;0;136,16;277,04
S;52;0;134,17;279,29
S;52;0;132,21;281,56
S;52;0;130,29;283,87
S;52;0;128,39;286,20
S;52;0;126,53;288,56
S;52;0;124,71;290,95
S;52;0;122,92;293,36
S;52;0;121,16;295,80
S;52;0;119,44;298,26
S;52;0;117,75;300,74
S;52;0;116,09;303,25
S;52;0;114,47;305,78
S;52;0;112,89;308,33
S;52;0;111,34;310,90
S;52;0;109,83;313,50
S;52;0;108,36;316,12
S;52;0;106,92;318,76
S;52;0;105,52;321,42
S;52;0;104,17;324,10
S;52;0;102,86;326,80
S;52;0;101,58;329,52
S;52;0;100,36;332,26
S;52;0;99,17;335,02
S;52;0;98,04;337,81
S;52;0;96,95;340,61
S;52;0;95,92;343,43
S;52;0;94,94;346,27
S;52;0;94,01;349,12
S;52;0;93,12;351,99
S;52;0;92,25;354,87
S;52;0;91,42;357,75
S;52;0;90,63;360,65
S;52;0;89,91;363,57
S;52;0;89,26;366,50
S;52;0;88,70;369,45
S;52;0;88,24;372,42
S;52;0;87,90;375,41
S;52;0;87,69;378,40
S;52;0;87,62;381,40
S;52;0;87,70;384,41
S;52;0;87,96;387,40
S;52;0;88,38;390,37
S;52;0;88,98;393,32
S;52;0;89,76;396,22
S;52;0;90,75;399,05
S;52;0;91,98;401,79
S;52;0;93,38;404,45
S;52;0;94,93;407,02
S;52;0;96,61;409,51
S;52;0;98,40;411,93
S;52;0;100,28;414,27
S;52;0;102,24;416,54
S;52;0;104,28;418,75
S;52;0;106,39;420,89
S;52;0;108,56;422,96
S;52;0;110,79;424,97
S;52;0;113,08;426,92
S;52;0;115,43;428,79
S;52;0;117,83;430,60
S;52;0;120,28;432,34
S;52;0;122,78;434,00
S;52;0;125,33;435,58
S;52;0;127,93;437,08
S;52;0;130,59;438,50
S;52;0;133,29;439,81
S;52;0;136,03;441,03
S;52;0;138,83;442,12
S;52;0;141,67;443,10
S;52;0;144,56;443,93
S;52;0;147,48;444,61
S;52;0;150,44;445,11
S;52;0;153,43;445,42
S;52;0;156,43;445,50
S;52;0;159,43;445,34
S;52;0;162,40;444,91
S;52;0;165,32;444,18
S;52;0;168,14;443,15
S;52;0;170,83;441,81
S;52;0;173,35;440,18
S;52;0;175,67;438,28
S;52;0;177,78;436,14
G;53;0000;u20ac
S;53;2;54,96;322,32
S;53;2;57,06;324,34
S;53;2;59,87;325,38
S;53;2;62,79;326,06
S;53;2;65,75;326,54
S;53;2;68,72;326,90
S;53;2;71,71;327,17
S;53;2;74,70;327,37
S;53;2;77,69;327,51
S;53;2;80,69;327,61
S;53;2;83,68;327,67
S;53;2;86,68;327,67
S;53;2;89,67;327,53
S;53;2;92,66;327,25
S;53;2;95,63;326,87
S;53;2;98,59;326,43
S;53;2;101,55;325,96
S;53;2;104,52;325,51
S;53;2;107,49;325,12
S;53;2;110,47;324,84
S;53;2;113,46;324,69
S;53;2;116,46;324,75
S;53;2;119,44;325,04
S;53;2;122,40;325,49
S;53;2;125,36;326,00
S;53;2;128,32;326,48
S;53;2;131,29;326,85
S;53;2;134,28;327,03
S;53;2;137,28;327,08
S;53;2;140,27;327,02
S;53;2;143,27;326,90
S;53;2;146,26;326,73
S;53;2;149,25;326,54
S;53;2;152,24;326,35
S;53;2;155,24;326,20
S;53;2;158,23;326,11
S;53;2;161,23;326,10
S;53;2;164,21;326,34
S;53;2;167,17;326,83
S;53;2;170,10;327,46
S;53;2;173,02;328,15
S;53;2;175,93;328,84
S;53;2;178,87;329,44
S;53;2;181,84;329,85
S;53;2;184,83;329,90
S;53;1;72,99;267,01
S;53;1;75,04;269,15
S;53;1;77,55;270,72
S;53;1;80,34;271,73
S;53;1;83,25;272,30
S;53;1;86,20;272,57
S;53;1;89,17;272,64
S;53;1;92,14;272,61
S;53;1;95,11;272,55
S;53;1;98,08;272,53
S;53;1;101,04;272,68
S;53;1;104,00;272,95
S;53;1;106,97;273,03
S;53;1;109,93;272,89
S;53;1;112,88;272,52
S;53;1;115,79;271,97
S;53;1;118,69;271,33
S;53;1;121,60;270,72
S;53;1;124,53;270,24
S;53;1;127,48;269,93
S;53;1;130,45;269,83
S;53;1;133,41;269,97
S;53;1;136,36;270,29
S;53;1;139,30;270,71
S;53;1;142,24;271,17
S;53;1;145,17;271,62
S;53;1;148,12;271,99
S;53;1;151,08;272,23
S;53;1;154,04;272,32
S;53;1;157,01;272,35
S;53;1;159,98;272,31
S;53;1;162,95;272,23
S;53;1;165,92;272,13
S;53;1;168,88;272,02
S;53;1;171,85;271,91
S;53;1;174,82;271,81
S;53;1;177,78;271,75
S;53;1;180,75;271,73
S;53;1;183,72;271,77
S;53;1;186,69;271,88
S;53;1;189,65;272,08
S;53;1;192,60;272,39
S;53;1;195,54;272,83
S;53;1;198,45;273,42
S;53;1;201,30;274,23
S;53;1;203,93;275,60
S;53;1;206,15;277,56
S;53;1;208,06;279,83
S;53;0;234,04;232,75
S;53;0;236,94;232,01
S;53;0;239,73;230,90
S;53;0;242,32;229,41
S;53;0;244,66;227,53
S;53;0;246,67;225,31
S;53;0;248,32;222,82
S;53;0;249,60;220,11
S;53;0;250,53;217,26
S;53;0;251,13;214,33
S;53;0;251,43;211,34
S;53;0;251,46;208,35
S;53;0;251,23;205,36
S;53;0;250,78;202,40
S;53;0;250,11;199,48
S;53;0;249,24;196,61
S;53;0;248,18;193,81
S;53;0;246,93;191,08
S;53;0;245,49;188,45
S;53;0;243,87;185,93
S;53;0;242,06;183,54
S;53;0;240,08;181,30
S;53;0;237,91;179,23
S;53;0;235,57;177,36
S;53;0;233,05;175,73
S;53;0;230,39;174,36
S;53;0;227,59;173,30
S;53;0;224,69;172,55
S;53;0;221,72;172,14
S;53;0;218,72;172,05
S;53;0;215,73;172,26
S;53;0;212,78;172,74
S;53;0;209,87;173,48
S;53;0;207,03;174,45
S;53;0;204,27;175,61
S;53;0;201,59;176,94
S;53;0;198,98;178,42
S;53;0;196,45;180,03
S;53;0;193,99;181,74
S;53;0;191,59;183,54
S;53;0;189,26;185,42
S;53;0;186,98;187,37
S;53;0;184,75;189,37
S;53;0;182,57;191,42
S;53;0;180,42;193,52
S;53;0;178,31;195,65
S;53;0;176,23;197,80
S;53;0;174,17;199,98
S;53;0;172,12;202,17
S;53;0;170,09;204,37
S;53;0;168,05;206,57
S;53;0;166,04;208,79
S;53;0;164,05;211,03
S;53;0;162,09;213,30
S;53;0;160,16;215,60
S;53;0;158,26;217,91
S;53;0;156,38;220,25
S;53;0;154,52;222,60
S;53;0;152,69;224,98
S;53;0;150,88;227,36
S;53;0;149,09;229,77
S;53;0;147,32;232,19
S;53;0;145,58;234,62
S;53;0;143,85;237,07
S;53;0;142,14;239,54
S;53;0;140,45;242,01
S;53;0;138,77;244,50
S;53;0;137,12;247,00
S;53;0;135,49;249,51
S;53;0;133,87;252,04
S;53;0;132,27;254,57
S;53;0;130,69;257,12
S;53;0;129,13;259,68
S;53;0;127,59;262,25
S;53;0;126,07;264,83
S;53;0;124,57;267,43
S;53;0;123,08;270,03
S;53;0;121,62;272,65
S;53;0;120,18;275,27
S;53;0;118,76;277,91
S;53;0;117,35;280,56
S;53;0;115,97;283,22
S;53;0;114,62;285,90
S;53;0;113,28;288,58
S;53;0;111,97;291,28
S;53;0;110,68;293,98
S;53;0;109,42;296,70
S;53;0;108,19;299,43
S;53;0;106,98;302,18
S;53;0;105,80;304,93
S;53;0;104,65;307,70
S;53;0;103,53;310,48
S;53;0;102,45;313,28
S;53;0;101,39;316,08
S;53;0;100,38;318,90
S;53;0;99,40;321,74
S;53;0;98,46;324,58
S;53;0;97,56;327,44
S;53;0;96,71;330,32
S;53;0;95,91;333,20
S;53;0;95,16;336,11
S;53;0;94,47;339,02
S;53;0;93,83;341,95
S;53;0;93,26;344,90
S;53;0;92,76;347,85
S;53;0;92,34;350,82
S;53;0;92,00;353,80
S;53;0;91,76;356,78
S;53;0;91,61;359,78
S;53;0;91,57;362,78
S;53;0;91,63;365,77
S;53;0;91,80;368,76
S;53;0;92,09;371,75
S;53;0;92,52;374,71
S;53;0;93,09;377,66
S;53;0;93,82;380,56
S;53;0;94,75;383,41
S;53;0;95,87;386,19
S;53;0;97,20;388,87
S;53;0;98,77;391,43
S;53;0;100,57;393,83
S;53;0;102,60;396,03
S;53;0;104,84;398,02
S;53;0;107,27;399,77
S;53;0;109,86;401,27
S;53;0;112,58;402,53
S;53;0;115,40;403,55
S;53;0;118,29;404,34
S;53;0;121,23;404,94
S;53;0;124,20;405,34
S;53;0;127,18;405,59
S;53;0;130,18;405,68
S;53;0;133,18;405,64
S;53;0;136,17;405,48
S;53;0;139,16;405,22
S;53;0;142,13;404,86
S;53;0;145,10;404,41
S;53;0;148,05;403,88
S;53;0;150,98;403,28
S;53;0;153,91;402,61
S;53;0;156,81;401,88
S;53;0;159,71;401,10
S;53;0;162,59;400,27
S;53;0;165,45;399,39
S;53;0;168,30;398,46
S;53;0;171,14;397,49
S;53;0;173,96;396,48
S;53;0;176,77;395,43
S;53;0;179,56;394,35
S;53;0;182,35;393,24
S;53;0;185,12;392,10
S;53;0;187,88;390,92
S;53;0;190,62;389,72
S;53;0;193,35;388,49
S;53;0;196,07;387,23
S;53;0;198,78;385,94
S;53;0;201,48;384,64
S;53;0;204,17;383,30
S;53;0;206,84;381,95
S;53;0;209,50;380,57
S;53;0;212,15;379,17
S;53;0;214,79;377,74
S;53;0;217,41;376,29
S;53;0;220,02;374,82
S;53;0;222,62;373,32
S;53;0;225,20;371,80
G;54;0000;dollar
S;54;1;71,72;358,30
S;54;1;71,44;361,29
S;54;1;71,60;364,28
S;54;1;72,31;367,20
S;54;1;73,59;369,90
S;54;1;75,41;372,29
S;54;1;77,64;374,29
S;54;1;80,15;375,94
S;54;1;82,84;377,27
S;54;1;85,64;378,35
S;54;1;88,51;379,22
S;54;1;91,43;379,93
S;54;1;94,38;380,49
S;54;1;97,34;380,96
S;54;1;100,32;381,33
S;54;1;103,31;381,65
S;54;1;106,30;381,89
S;54;1;109,30;382,00
S;54;1;112,30;381,95
S;54;1;115,30;381,72
S;54;1;118,28;381,33
S;54;1;121,23;380,81
S;54;1;124,17;380,21
S;54;1;127,11;379,57
S;54;1;130,04;378,92
S;54;1;132,98;378,31
S;54;1;135,92;377,72
S;54;1;138,87;377,17
S;54;1;141,83;376,62
S;54;1;144,78;376,08
S;54;1;147,73;375,52
S;54;1;150,68;374,94
S;54;1;153,61;374,31
S;54;1;156,54;373,63
S;54;1;159,44;372,87
S;54;1;162,32;372,01
S;54;1;165,16;371,04
S;54;1;167,96;369,95
S;54;1;170,70;368,72
S;54;1;173,36;367,35
S;54;1;175,95;365,82
S;54;1;178,43;364,13
S;54;1;180,81;362,30
S;54;1;183,07;360,32
S;54;1;185,21;358,21
S;54;1;187,22;355,99
S;54;1;189,12;353,66
S;54;1;190,89;351,24
S;54;1;192,39;348,64
S;54;1;193,54;345,87
S;54;1;194,39;342,99
S;54;1;194,97;340,04
S;54;1;195,32;337,06
S;54;1;195,47;334,07
S;54;1;195,43;331,06
S;54;1;195,16;328,07
S;54;1;194,64;325,12
S;54;1;193,90;322,21
S;54;1;192,95;319,36
S;54;1;191,82;316,58
S;54;1;190,53;313,87
S;54;1;189,10;311,23
S;54;1;187,55;308,66
S;54;1;185,90;306,15
S;54;1;184,16;303,70
S;54;1;182,35;301,30
S;54;1;180,48;298,96
S;54;1;178,55;296,65
S;54;1;176,59;294,39
S;54;1;174,58;292,15
S;54;1;172,55;289,94
S;54;1;170,50;287,74
S;54;1;168,44;285,56
S;54;1;166,36;283,39
S;54;1;164,29;281,22
S;54;1;162,22;279,05
S;54;1;160,15;276,87
S;54;1;158,11;274,67
S;54;1;156,09;272,44
S;54;1;154,11;270,19
S;54;1;152,18;267,89
S;54;1;150,31;265,54
S;54;1;148,52;263,13
S;54;1;146,82;260,65
S;54;1;145,26;258,09
S;54;1;143,86;255,43
S;54;1;142,67;252,68
S;54;1;141,75;249,82
S;54;1;141,15;246,88
S;54;1;140,94;243,89
S;54;1;141,16;240,89
S;54;1;141,80;237,96
S;54;1;142,83;235,15
S;54;1;144,21;232,48
S;54;1;145,86;229,97
S;54;1;147,72;227,62
S;54;1;149,76;225,41
S;54;1;151,92;223,34
S;54;1;154,20;221,38
S;54;1;156,56;219,52
S;54;1;158,92;217,67
S;54;1;161,23;215,75
S;54;1;163,52;213,80
S;54;1;165,80;211,86
S;54;1;168,13;209,95
S;54;1;170,51;208,12
S;54;1;172,97;206,41
S;54;1;175,54;204,85
S;54;1;178,21;203,48
S;54;1;180,98;202,34
S;54;1;183,84;201,42
S;54;1;186,77;200,74
S;54;1;189,73;200,25
S;54;1;192,71;199,92
S;54;1;195,70;199,67
S;54;1;198,70;199,43
S;54;1;201,69;199,15
S;54;1;204,66;198,76
S;54;1;207,62;198,24
S;54;1;210,40;197,14
S;54;1;212,81;195,36
S;54;1;215,05;193,36
S;54;1;217,43;191,53
S;54;1;220,14;190,26
S;54;1;223,09;189,77
S;54;1;226,08;190,00
S;54;1;228,98;190,78
S;54;1;231,75;191,93
S;54;1;234,41;193,32
S;54;1;236,98;194,88
S;54;1;239,48;196,53
S;54;1;241,96;198,23
S;54;1;244,44;199,92
S;54;1;246,98;201,52
S;54;0;242,44;134,19
S;54;0;241,78;137,12
S;54;0;240,99;140,01
S;54;0;240,10;142,88
S;54;0;239,13;145,72
S;54;0;238,10;148,54
S;54;0;237,03;151,34
S;54;0;235,91;154,13
S;54;0;234,76;156,90
S;54;0;233,57;159,66
S;54;0;232,36;162,40
S;54;0;231,11;165,14
S;54;0;229,84;167,85
S;54;0;228,54;170,56
S;54;0;227,22;173,26
S;54;0;225,87;175,94
S;54;0;224,49;178,60
S;54;0;223,08;181,25
S;54;0;221,63;183,88
S;54;0;220,14;186,49
S;54;0;218,56;189,04
S;54;0;216,83;191,49
S;54;0;215,01;193,88
S;54;0;213,17;196,26
S;54;0;211,39;198,67
S;54;0;209,73;201,17
S;54;0;208,26;203,79
S;54;0;206,96;206,49
S;54;0;205,67;209,20
S;54;0;204,36;211,90
S;54;0;203,05;214,60
S;54;0;201,73;217,30
S;54;0;200,40;219,99
S;54;0;199,06;222,68
S;54;0;197,72;225,36
S;54;0;196,38;228,05
S;54;0;195,03;230,73
S;54;0;193,67;233,41
S;54;0;192,32;236,08
S;54;0;190,95;238,76
S;54;0;189,59;241,43
S;54;0;188,22;244,11
S;54;0;186,86;246,78
S;54;0;185,49;249,45
S;54;0;184,12;252,12
S;54;0;182,75;254,79
S;54;0;181,38;257,46
S;54;0;180,01;260,14
S;54;0;178,64;262,81
S;54;0;177,28;265,48
S;54;0;175,92;268,16
S;54;0;174,56;270,83
S;54;0;173,20;273,51
S;54;0;171,92;276,23
S;54;0;170,91;279,05
S;54;0;170,09;281,94
S;54;0;169,34;284,84
S;54;0;168,51;287,73
S;54;0;167,49;290,55
S;54;0;166,22;293,27
S;54;0;164,87;295,95
S;54;0;163,49;298,62
S;54;0;162,08;301,27
S;54;0;160,65;303,91
S;54;0;159,21;306,54
S;54;0;157,77;309,17
S;54;0;156,32;311,80
S;54;0;154,87;314,43
S;54;0;153,44;317,07
S;54;0;152,03;319,72
S;54;0;150,64;322,38
S;54;0;149,28;325,06
S;54;0;147,95;327,75
S;54;0;146,67;330,47
S;54;0;145,45;333,20
S;54;0;144,30;335,98
S;54;0;143,24;338,79
S;54;0;142,24;341,62
S;54;0;141,28;344,46
S;54;0;140,33;347,31
S;54;0;139,37;350,16
S;54;0;138,38;352,99
S;54;0;137,32;355,80
S;54;0;136,19;358,57
S;54;0;134,97;361,32
S;54;0;133,71;364,05
S;54;0;132,44;366,76
S;54;0;131,14;369,47
S;54;0;129,84;372,18
S;54;0;128,53;374,88
S;54;0;127,22;377,57
S;54;0;125,90;380,28
S;54;0;124,60;382,98
S;54;0;123,30;385,68
S;54;0;122,01;388,39
S;54;0;120,73;391,11
S;54;0;119,47;393,83
S;54;0;118,22;396,57
S;54;0;117,00;399,31
S;54;0;115,80;402,06
S;54;0;114,63;404,82
S;54;0;113,49;407,60
S;54;0;112,38;410,39
S;54;0;111,31;413,19
S;54;0;110,29;416,02
S;54;0;109,31;418,85
S;54;0;108,39;421,71
S;54;0;107,53;424,59
S;54;0;106,75;427,49
S;54;0;106,04;430,40
S;54;0;105,43;433,34
S;54;0;104,93;436,30
S;54;0;104,55;439,28
S;54;0;104,32;442,27
S;54;0;104,27;445,27
S;54;0;104,42;448,27
G;55;0000;u00a7
S;55;1;151,24;267,30
S;55;1;148,94;269,22
S;55;1;146,65;271,16
S;55;1;144,38;273,12
S;55;1;142,15;275,12
S;55;1;139,94;277,15
S;55;1;137,78;279,23
S;55;1;135,66;281,35
S;55;1;133,61;283,54
S;55;1;131,64;285,80
S;55;1;129,76;288,13
S;55;1;128,00;290,56
S;55;1;126,38;293,08
S;55;1;124,94;295,71
S;55;1;123,71;298,44
S;55;1;122,71;301,27
S;55;1;121,98;304,18
S;55;1;121,53;307,14
S;55;1;121,35;310,13
S;55;1;121,44;313,13
S;55;1;121,77;316,11
S;55;1;122,31;319,06
S;55;1;123,04;321,97
S;55;1;123,93;324,83
S;55;1;124,94;327,65
S;55;1;126,08;330,43
S;55;1;127,30;333,16
S;55;1;128,61;335,86
S;55;1;130,00;338,52
S;55;1;131,44;341,15
S;55;1;132,93;343,75
S;55;1;134,55;346,27
S;55;1;136,34;348,68
S;55;1;138,22;351,02
S;55;1;140,14;353,32
S;55;1;142,08;355,61
S;55;1;143,99;357,92
S;55;1;145,84;360,28
S;55;1;147,59;362,71
S;55;1;149,20;365,24
S;55;1;150,60;367,89
S;55;1;151,71;370,67
S;55;1;152,44;373,58
S;55;1;152,68;376,56
S;55;1;152,39;379,54
S;55;1;151,60;382,43
S;55;1;150,34;385,15
S;55;1;148,63;387,61
S;55;1;146,53;389,75
S;55;1;144,14;391,55
S;55;1;141,53;393,03
S;55;1;138,77;394,20
S;55;1;135,91;395,09
S;55;1;132,99;395,74
S;55;1;130,02;396,17
S;55;1;127,03;396,39
S;55;1;124,03;396,42
S;55;1;121,04;396,28
S;55;1;118,06;395,95
S;55;1;115,10;395,46
S;55;1;112,17;394,80
S;55;1;109,30;393,96
S;55;1;106,48;392,93
S;55;1;103,74;391,71
S;55;1;101,11;390,28
S;55;1;98,61;388,62
S;55;1;96,30;386,71
S;55;1;94,25;384,53
S;55;1;92,54;382,07
S;55;0;210,94;221,37
S;55;0;212,16;218,64
S;55;0;213,14;215,82
S;55;0;213,92;212,93
S;55;0;214,49;209,99
S;55;0;214,85;207,02
S;55;0;214,97;204,04
S;55;0;214,81;201,05
S;55;0;214,31;198,10
S;55;0;213,40;195,26
S;55;0;211,95;192,65
S;55;0;209,90;190,48
S;55;0;207,32;188,99
S;55;0;204,43;188,25
S;55;0;201,45;188,15
S;55;0;198,48;188,53
S;55;0;195,58;189,25
S;55;0;192,74;190,20
S;55;0;189,97;191,32
S;55;0;187,27;192,61
S;55;0;184,64;194,03
S;55;0;182,09;195,58
S;55;0;179,60;197,24
S;55;0;177,18;199,01
S;55;0;174,84;200,86
S;55;0;172,56;202,80
S;55;0;170,36;204,82
S;55;0;168,22;206,92
S;55;0;166,16;209,08
S;55;0;164,17;211,32
S;55;0;162,26;213,62
S;55;0;160,43;215,98
S;55;0;158,68;218,41
S;55;0;157,03;220,90
S;55;0;155,47;223,46
S;55;0;154,03;226,07
S;55;0;152,71;228,76
S;55;0;151,54;231,51
S;55;0;150,54;234,33
S;55;0;149,73;237,21
S;55;0;149,14;240,14
S;55;0;148,82;243,11
S;55;0;148,79;246,10
S;55;0;149,05;249,08
S;55;0;149,63;252,01
S;55;0;150,50;254,87
S;55;0;151,63;257,64
S;55;0;152,99;260,31
S;55;0;154,53;262,87
S;55;0;156,22;265,34
S;55;0;158,02;267,73
S;55;0;159,89;270,06
S;55;0;161,83;272,34
S;55;0;163,79;274,59
S;55;0;165,76;276,84
S;55;0;167,73;279,10
S;55;0;169,66;281,38
S;55;0;171,55;283,70
S;55;0;173,36;286,08
S;55;0;175,07;288,53
S;55;0;176,66;291,07
S;55;0;178,09;293,69
S;55;0;179,34;296,41
S;55;0;180,38;299,21
S;55;0;181,11;302,11
S;55;0;181,46;305,08
S;55;0;181,37;308,07
S;55;0;180,82;311,00
S;55;0;179,79;313,81
S;55;0;178,33;316,41
S;55;0;176,49;318,77
S;55;0;174,35;320,85
S;55;0;171,96;322,66
S;55;0;169,39;324,18
S;55;0;166,68;325,43
S;55;0;163,85;326,41
S;55;0;160,95;327,13
S;55;0;158,00;327,59
S;55;0;155,01;327,77
S;55;0;152,02;327,69
S;55;0;149,04;327,45
S;55;0;146,07;327,14
S;55;0;143,10;326,77
S;55;0;140,13;326,37
S;55;0;137,17;325,95
S;55;0;134,21;325,54
S;55;0;131,24;325,16
S;55;0;128,27;324,84
G;56;0000;amp
S;56;0;276,80;293,85
S;56;0;274,86;296,14
S;56;0;272,90;298,41
S;56;0;270,91;300,65
S;56;0;268,90;302,88
S;56;0;266,88;305,10
S;56;0;264,83;307,29
S;56;0;262,77;309,47
S;56;0;260,69;311,63
S;56;0;258,59;313,77
S;56;0;256,48;315,90
S;56;0;254,35;318,02
S;56;0;252,20;320,11
S;56;0;250,04;322,20
S;56;0;247,87;324,27
S;56;0;245,68;326,32
S;56;0;243,48;328,36
S;56;0;241,26;330,38
S;56;0;239,04;332,39
S;56;0;236,79;334,38
S;56;0;234,54;336,36
S;56;0;232,27;338,32
S;56;0;229,98;340,26
S;56;0;227,69;342,19
S;56;0;225,38;344,11
S;56;0;223,06;346,01
S;56;0;220,72;347,89
S;56;0;218,37;349,75
S;56;0;216,00;351,60
S;56;0;213,63;353,43
S;56;0;211,24;355,24
S;56;0;208,83;357,03
S;56;0;206,41;358,81
S;56;0;203,98;360,56
S;56;0;201,53;362,29
S;56;0;199,06;364,01
S;56;0;196,58;365,70
S;56;0;194,09;367,36
S;56;0;191,58;369,00
S;56;0;189,05;370,62
S;56;0;186,51;372,21
S;56;0;183,95;373,78
S;56;0;181,37;375,31
S;56;0;178,78;376,82
S;56;0;176,16;378,29
S;56;0;173,53;379,73
S;56;0;170,88;381,13
S;56;0;168,21;382,49
S;56;0;165,52;383,82
S;56;0;162,80;385,10
S;56;0;160,07;386,33
S;56;0;157,31;387,51
S;56;0;154,53;388,64
S;56;0;151,73;389,71
S;56;0;148,90;390,72
S;56;0;146,05;391,65
S;56;0;143,17;392,48
S;56;0;140,26;393,23
S;56;0;137,33;393,88
S;56;0;134,39;394,45
S;56;0;131,43;394,92
S;56;0;128,45;395,30
S;56;0;125,46;395,57
S;56;0;122,47;395,74
S;56;0;119,47;395,78
S;56;0;116,47;395,70
S;56;0;113,48;395,48
S;56;0;110,50;395,10
S;56;0;107,55;394,55
S;56;0;104,65;393,81
S;56;0;101,80;392,87
S;56;0;99,04;391,70
S;56;0;96,39;390,29
S;56;0;93,89;388,63
S;56;0;91,58;386,72
S;56;0;89,49;384,57
S;56;0;87,64;382,21
S;56;0;86,06;379,66
S;56;0;84,76;376,96
S;56;0;83,77;374,13
S;56;0;83,14;371,20
S;56;0;82,93;368,21
S;56;0;83,12;365,22
S;56;0;83,69;362,28
S;56;0;84,60;359,42
S;56;0;85,78;356,66
S;56;0;87,18;354,01
S;56;0;88,75;351,45
S;56;0;90,45;348,98
S;56;0;92,24;346,57
S;56;0;94,10;344,22
S;56;0;96,00;341,90
S;56;0;97,93;339,60
S;56;0;99,86;337,30
S;56;0;101,77;334,99
S;56;0;103,63;332,63
S;56;0;105,46;330,26
S;56;0;107,32;327,91
S;56;0;109,21;325,58
S;56;0;111,13;323,27
S;56;0;113,08;320,99
S;56;0;115,05;318,73
S;56;0;117,04;316,49
S;56;0;119,06;314,26
S;56;0;121,10;312,06
S;56;0;123,16;309,88
S;56;0;125,24;307,72
S;56;0;127,33;305,57
S;56;0;129,44;303,44
S;56;0;131,57;301,33
S;56;0;133,72;299,23
S;56;0;135,87;297,14
S;56;0;138,04;295,07
S;56;0;140,22;293,01
S;56;0;142,41;290,96
S;56;0;144,61;288,92
S;56;0;146,81;286,88
S;56;0;149,02;284,86
S;56;0;151,24;282,83
S;56;0;153,46;280,82
S;56;0;155,69;278,81
S;56;0;157,92;276,80
S;56;0;160,15;274,79
S;56;0;162,38;272,78
S;56;0;164,60;270,78
S;56;0;166,83;268,76
S;56;0;169,06;266,75
S;56;0;171,28;264,73
S;56;0;173,49;262,71
S;56;0;175,70;260,68
S;56;0;177,90;258,65
S;56;0;180,10;256,60
S;56;0;182,28;254,55
S;56;0;184,46;252,48
S;56;0;186,62;250,40
S;56;0;188,78;248,31
S;56;0;190,92;246,21
S;56;0;193,04;244,09
S;56;0;195,15;241,96
S;56;0;197,27;239,84
S;56;0;199,45;237,77
S;56;0;201,64;235,73
S;56;0;203,84;233,69
S;56;0;206,03;231,64
S;56;0;208,20;229,57
S;56;0;210,34;227,46
S;56;0;212,44;225,32
S;56;0;214,49;223,13
S;56;0;216,48;220,88
S;56;0;218,38;218,56
S;56;0;220,19;216,17
S;56;0;221,86;213,68
S;56;0;223,37;211,09
S;56;0;224,67;208,39
S;56;0;225,70;205,57
S;56;0;226,38;202,65
S;56;0;226,63;199,66
S;56;0;226,38;196,68
S;56;0;225,61;193,78
S;56;0;224,37;191,05
S;56;0;222,74;188,54
S;56;0;220,79;186,26
S;56;0;218,60;184,21
S;56;0;216,20;182,42
S;56;0;213,62;180,88
S;56;0;210,92;179,59
S;56;0;208,12;178,51
S;56;0;205,25;177,63
S;56;0;202,34;176,91
S;56;0;199,40;176,32
S;56;0;196,43;175,87
S;56;0;193,45;175,60
S;56;0;190,45;175,53
S;56;0;187,45;175,65
S;56;0;184,47;175,97
S;56;0;181,51;176,46
S;56;0;178,59;177,14
S;56;0;175,71;177,98
S;56;0;172,88;178,99
S;56;0;170,11;180,14
S;56;0;167,41;181,44
S;56;0;164,77;182,86
S;56;0;162,20;184,41
S;56;0;159,71;186,08
S;56;0;157,29;187,85
S;56;0;154,94;189,73
S;56;0;152,68;191,69
S;56;0;150,50;193,75
S;56;0;148,39;195,89
S;56;0;146,38;198,11
S;56;0;144,44;200,40
S;56;0;142,59;202,77
S;56;0;140,84;205,20
S;56;0;139,17;207,69
S;56;0;137,59;210,24
S;56;0;136,11;212,85
S;56;0;134,73;215,51
S;56;0;133,45;218,23
S;56;0;132,28;220,99
S;56;0;131,21;223,79
S;56;0;130,27;226,64
S;56;0;129,44;229,53
S;56;0;128,75;232,44
S;56;0;128,19;235,39
S;56;0;127,77;238,36
S;56;0;127,49;241,35
S;56;0;127,38;244,35
S;56;0;127,43;247,34
S;56;0;127,66;250,33
S;56;0;128,06;253,31
S;56;0;128,66;256,25
S;56;0;129,43;259,15
S;56;0;130,31;262,01
S;56;0;131,28;264,85
S;56;0;132,34;267,66
S;56;0;133,48;270,43
S;56;0;134,68;273,18
S;56;0;135,95;275,90
S;56;0;137,28;278,59
S;56;0;138,67;281,25
S;56;0;140,11;283,88
S;56;0;141,59;286,49
S;56;0;143,11;289,07
S;56;0;144,68;291,63
S;56;0;146,28;294,17
S;56;0;147,92;296,68
S;56;0;149,59;299,17
S;56;0;151,29;301,64
S;56;0;153,02;304,09
S;56;0;154,78;306,53
S;56;0;156,56;308,94
S;56;0;158,37;311,34
S;56;0;160,19;313,72
S;56;0;162,04;316,08
S;56;0;163,90;318,43
S;56;0;165,79;320,77
S;56;0;167,69;323,09
S;56;0;169,61;325,39
S;56;0;171,54;327,69
S;56;0;173,48;329,97
S;56;0;175,44;332,24
S;56;0;177,41;334,51
S;56;0;179,40;336,76
S;56;0;181,39;339,00
S;56;0;183,39;341,23
S;56;0;185,41;343,46
S;56;0;187,43;345,68
S;56;0;189,45;347,89
S;56;0;191,49;350,09
S;56;0;193,53;352,29
S;56;0;195,58;354,48
S;56;0;197,63;356,67
S;56;0;199,68;358,86
S;56;0;201,74;361,04
S;56;0;203,80;363,22
S;56;0;205,86;365,41
S;56;0;207,91;367,59
S;56;0;209,97;369,77
S;56;0;212,01;371,98
S;56;0;214,01;374,21
S;56;0;215,99;376,46
S;56;0;217,95;378,73
S;56;0;219,90;381,01
S;56;0;221,85;383,29
S;56;0;223,81;385,57
S;56;0;225,78;387,83
S;56;0;227,77;390,07
S;56;0;229,78;392,30
S;56;0;231,84;394,48
S;56;0;233,93;396,63
S;56;0;236,07;398,73
S;56;0;238,27;400,78
S;56;0;240,52;402,76
S;56;0;242,83;404,67
S;56;0;245,22;406,49
S;56;0;247,68;408,20
S;56;0;250,22;409,80
S;56;0;252,81;411,31
S;56;0;255,44;412,75
S;56;0;258,10;414,13
S;56;0;260,79;415,47
S;56;0;263,49;416,78
S;56;0;266,19;418,08
S;56;0;268,89;419,39
S;56;0;271,58;420,72
S;56;0;274,25;422,10
S;56;0;276,88;423,53
S;56;0;279,48;425,04
S;56;0;282,02;426,63
S;56;0;284,49;428,33
S;56;0;286,88;430,14
G;57;0000;question
S;57;1;117,52;389,53
S;57;1;117,87;389,22
S;57;1;118,26;388,96
S;57;1;118,70;388,80
S;57;1;119,14;388,91
S;57;1;119,25;389,35
S;57;1;119,09;389,79
S;57;1;118,83;390,18
S;57;1;118,52;390,53
S;57;0;148,87;206,24
S;57;0;146,67;204,20
S;57;0;144,75;201,90
S;57;0;143,18;199,35
S;57;0;142,03;196,58
S;57;0;141,34;193,67
S;57;0;141,11;190,68
S;57;0;141,31;187,69
S;57;0;141,88;184,74
S;57;0;142,75;181,88
S;57;0;143,88;179,10
S;57;0;145,22;176,42
S;57;0;146,74;173,83
S;57;0;148,41;171,34
S;57;0;150,21;168,94
S;57;0;152,12;166,62
S;57;0;154,12;164,39
S;57;0;156,22;162,25
S;57;0;158,39;160,18
S;57;0;160,64;158,20
S;57;0;162,95;156,29
S;57;0;165,33;154,45
S;57;0;167,76;152,70
S;57;0;170,25;151,03
S;57;0;172,80;149,44
S;57;0;175,39;147,93
S;57;0;178,03;146,51
S;57;0;180,72;145,18
S;57;0;183,46;143,96
S;57;0;186,24;142,83
S;57;0;189,07;141,83
S;57;0;191,93;140,95
S;57;0;194,84;140,21
S;57;0;197,78;139,62
S;57;0;200,75;139,21
S;57;0;203,74;139,01
S;57;0;206,74;139,03
S;57;0;209,73;139,31
S;57;0;212,67;139,89
S;57;0;215,53;140,79
S;57;0;218,25;142,05
S;57;0;220,78;143,66
S;57;0;223,06;145,61
S;57;0;225,05;147,85
S;57;0;226,74;150,32
S;57;0;228,13;152,98
S;57;0;229,24;155,76
S;57;0;230,15;158,62
S;57;0;230,87;161,53
S;57;0;231,41;164,48
S;57;0;231,80;167,46
S;57;0;232,05;170,45
S;57;0;232,15;173,44
S;57;0;232,14;176,44
S;57;0;232,00;179,44
S;57;0;231,76;182,43
S;57;0;231,41;185,41
S;57;0;230,95;188,37
S;57;0;230,40;191,32
S;57;0;229,76;194,25
S;57;0;229,02;197,16
S;57;0;228,23;200,05
S;57;0;227,37;202,93
S;57;0;226,44;205,78
S;57;0;225,45;208,61
S;57;0;224,37;211,41
S;57;0;223,21;214,18
S;57;0;221,97;216,91
S;57;0;220,64;219,60
S;57;0;219,23;222,24
S;57;0;217,73;224,84
S;57;0;216,14;227,38
S;57;0;214,46;229,87
S;57;0;212,69;232,29
S;57;0;210,85;234,66
S;57;0;208,92;236,96
S;57;0;206,92;239,19
S;57;0;204,85;241,36
S;57;0;202,71;243,47
S;57;0;200,53;245,52
S;57;0;198,31;247,54
S;57;0;196,05;249,51
S;57;0;193,77;251,46
S;57;0;191,46;253,38
S;57;0;189,14;255,27
S;57;0;186,80;257,15
S;57;0;184,45;259,02
S;57;0;182,10;260,89
S;57;0;179,75;262,75
S;57;0;177,40;264,62
S;57;0;175,06;266,49
S;57;0;172,73;268,37
S;57;0;170,41;270,28
S;57;0;168,11;272,20
S;57;0;165,83;274,15
S;57;0;163,58;276,13
S;57;0;161,35;278,15
S;57;0;159,17;280,20
S;57;0;157,03;282,30
S;57;0;154,93;284,45
S;57;0;152,89;286,65
S;57;0;150,91;288,90
S;57;0;149,01;291,22
S;57;0;147,18;293,60
S;57;0;145,44;296,04
S;57;0;143,79;298,55
S;57;0;142,26;301,12
S;57;0;140,83;303,76
S;57;0;139,54;306,47
S;57;0;138,37;309,23
S;57;0;137,35;312,05
S;57;0;136,47;314,92
S;57;0;135,74;317,83
S;57;0;135,16;320,77
S;57;0;134,73;323,74
G;58;0000;hash
S;58;3;69,15;328,36
S;58;3;72,11;328,86
S;58;3;75,09;329,30
S;58;3;78,07;329,68
S;58;3;81,05;330,01
S;58;3;84,04;330,30
S;58;3;87,04;330,54
S;58;3;90,04;330,74
S;58;3;93,04;330,90
S;58;3;96,04;331,03
S;58;3;99,04;331,13
S;58;3;102,05;331,21
S;58;3;105,05;331,25
S;58;3;108,06;331,28
S;58;3;111,06;331,28
S;58;3;114,07;331,27
S;58;3;117,07;331,24
S;58;3;120,08;331,19
S;58;3;123,08;331,14
S;58;3;126,07;330,92
S;58;3;129,02;330,32
S;58;3;131,93;329,58
S;58;3;134,87;328,96
S;58;3;137,86;328,71
S;58;3;140,86;328,70
S;58;3;143,87;328,73
S;58;3;146,87;328,81
S;58;3;149,88;328,92
S;58;3;152,88;329,06
S;58;3;155,88;329,22
S;58;3;158,88;329,40
S;58;3;161,88;329,59
S;58;3;164,87;329,79
S;58;3;167,87;329,99
S;58;3;170,87;330,20
S;58;3;173,87;330,39
S;58;3;176,87;330,58
S;58;3;179,87;330,74
S;58;3;182,87;330,89
S;58;3;185,87;331,01
S;58;3;188,88;331,09
S;58;3;191,88;331,14
S;58;3;194,89;331,15
S;58;3;197,89;331,10
S;58;3;200,89;331,01
S;58;3;203,89;330,85
S;58;3;206,89;330,63
S;58;3;209,88;330,37
S;58;3;212,87;330,07
S;58;3;215,86;329,74
S;58;3;218,84;329,38
S;58;3;221,83;329,02
S;58;3;224,81;328,65
S;58;3;227,79;328,28
S;58;3;230,77;327,92
S;58;3;233,76;327,58
S;58;3;236,75;327,27
S;58;3;239,74;327,00
S;58;3;242,74;326,76
S;58;3;245,74;326,58
S;58;3;248,74;326,46
S;58;3;251,74;326,41
S;58;3;254,75;326,44
S;58;3;257,75;326,55
S;58;3;260,75;326,75
S;58;3;263,74;327,06
S;58;3;266,71;327,48
S;58;3;269,67;328,01
S;58;2;99,73;254,07
S;58;2;102,71;254,52
S;58;2;105,72;254,72
S;58;2;108,73;254,84
S;58;2;111,75;254,93
S;58;2;114,76;254,98
S;58;2;117,78;255,02
S;58;2;120,79;255,03
S;58;2;123,81;255,04
S;58;2;126,83;255,03
S;58;2;129,84;255,01
S;58;2;132,86;254,97
S;58;2;135,88;254,93
S;58;2;138,89;254,88
S;58;2;141,91;254,81
S;58;2;144,92;254,73
S;58;2;147,94;254,63
S;58;2;150,95;254,51
S;58;2;153,96;254,34
S;58;2;156,96;254,01
S;58;2;159,90;253,35
S;58;2;162,80;252,52
S;58;2;165,72;251,75
S;58;2;168,69;251,25
S;58;2;171,70;251,10
S;58;2;174,72;250,99
S;58;2;177,73;250,90
S;58;2;180,75;250,81
S;58;2;183,76;250,75
S;58;2;186,78;250,70
S;58;2;189,79;250,67
S;58;2;192,81;250,67
S;58;2;195,83;250,70
S;58;2;198,84;250,76
S;58;2;201,86;250,86
S;58;2;204,87;250,99
S;58;2;207,88;251,18
S;58;2;210,88;251,46
S;58;2;213,87;251,88
S;58;2;216,85;252,35
S;58;2;219,83;252,82
S;58;2;222,82;253,23
S;58;2;225,82;253,54
S;58;2;228,83;253,66
S;58;2;231,84;253,54
S;58;2;234,84;253,21
S;58;2;237,83;252,83
S;58;2;240,82;252,43
S;58;2;243,81;252,01
S;58;2;246,80;251,59
S;58;2;249,79;251,18
S;58;2;252,78;250,79
S;58;2;255,77;250,42
S;58;2;258,77;250,08
S;58;2;261,77;249,77
S;58;2;264,77;249,51
S;58;2;267,78;249,31
S;58;2;270,79;249,17
S;58;2;273,81;249,10
S;58;2;276,83;249,14
S;58;2;279,84;249,28
S;58;2;282,84;249,56
S;58;2;285,82;250,02
S;58;2;288,76;250,71
S;58;2;291,61;251,68
S;58;2;294,25;253,12
S;58;2;296,61;255,00
S;58;2;298,85;257,02
S;58;2;301,20;258,91
S;58;1;290,19;127,43
S;58;1;289,40;130,33
S;58;1;288,57;133,21
S;58;1;287,69;136,09
S;58;1;286,78;138,95
S;58;1;285,84;141,80
S;58;1;284,85;144,63
S;58;1;283,84;147,46
S;58;1;282,80;150,28
S;58;1;281,73;153,08
S;58;1;280,64;155,88
S;58;1;279,52;158,67
S;58;1;278,39;161,45
S;58;1;277,24;164,22
S;58;1;276,07;166,99
S;58;1;274,89;169,75
S;58;1;273,70;172,51
S;58;1;272,50;175,26
S;58;1;271,29;178,01
S;58;1;270,09;180,76
S;58;1;268,87;183,51
S;58;1;267,66;186,26
S;58;1;266,45;189,00
S;58;1;265,25;191,75
S;58;1;264,05;194,51
S;58;1;262,86;197,27
S;58;1;261,68;200,03
S;58;1;260,52;202,80
S;58;1;259,37;205,57
S;58;1;258,29;208,37
S;58;1;257,28;211,20
S;58;1;256,33;214,05
S;58;1;255,43;216,91
S;58;1;254,55;219,79
S;58;1;253,69;222,66
S;58;1;252,82;225,54
S;58;1;251,94;228,41
S;58;1;251,01;231,26
S;58;1;250,03;234,10
S;58;1;248,98;236,91
S;58;1;247,86;239,70
S;58;1;246,68;242,46
S;58;1;245,45;245,20
S;58;1;244,18;247,92
S;58;1;242,88;250,63
S;58;1;241,56;253,33
S;58;1;240,22;256,02
S;58;1;238,88;258,70
S;58;1;237,54;261,39
S;58;1;236,22;264,08
S;58;1;234,91;266,79
S;58;1;233,63;269,51
S;58;1;232,39;272,24
S;58;1;231,20;275,00
S;58;1;230,07;277,78
S;58;1;229,01;280,59
S;58;1;228,07;283,44
S;58;1;227,22;286,32
S;58;1;226,45;289,22
S;58;1;225,71;292,13
S;58;1;225,00;295,05
S;58;1;224,30;297,97
S;58;1;223,57;300,88
S;58;1;222,79;303,78
S;58;1;221,95;306,67
S;58;1;221,05;309,53
S;58;1;220,13;312,39
S;58;1;219,17;315,24
S;58;1;218,20;318,08
S;58;1;217,21;320,91
S;58;1;216,20;323,74
S;58;1;215,19;326,57
S;58;1;214,16;329,39
S;58;1;213,13;332,21
S;58;1;212,10;335,03
S;58;1;211,07;337,85
S;58;1;210,05;340,68
S;58;1;209,04;343,50
S;58;1;208,04;346,33
S;58;1;207,05;349,17
S;58;1;206,08;352,01
S;58;1;205,14;354,86
S;58;1;204,21;357,72
S;58;1;203,27;360,57
S;58;1;202,33;363,42
S;58;1;201,38;366,27
S;58;1;200,44;369,12
S;58;1;199,50;371,97
S;58;1;198,56;374,83
S;58;1;197,62;377,68
S;58;1;196,70;380,54
S;58;1;195,79;383,40
S;58;1;194,88;386,26
S;58;1;194,00;389,13
S;58;1;193,13;392,01
S;58;1;192,28;394,89
S;58;1;191,45;397,77
S;58;1;190,65;400,67
S;58;1;189,88;403,57
S;58;1;189,13;406,48
S;58;1;188,41;409,39
S;58;1;187,73;412,32
S;58;1;187,09;415,25
S;58;1;186,48;418,19
S;58;1;185,92;421,14
S;58;1;185,40;424,10
S;58;1;184,93;427,07
S;58;1;184,50;430,04
S;58;1;184,13;433,02
S;58;1;183,82;436,00
S;58;1;183,56;439,00
S;58;1;183,37;441,99
S;58;1;183,24;444,99
S;58;1;183,17;448,00
S;58;1;183,18;451,00
S;58;1;183,25;454,00
S;58;0;196,64;117,49
S;58;0;198,55;119,81
S;58;0;200,24;122,29
S;58;0;201,66;124,93
S;58;0;202,78;127,72
S;58;0;203,52;130,62
S;58;0;203,81;133,61
S;58;0;203,65;136,61
S;58;0;203,17;139,57
S;58;0;202,50;142,50
S;58;0;201,70;145,39
S;58;0;200,79;148,25
S;58;0;199,81;151,09
S;58;0;198,77;153,91
S;58;0;197,69;156,71
S;58;0;196,57;159,50
S;58;0;195,41;162,27
S;58;0;194,23;165,03
S;58;0;193,03;167,78
S;58;0;191,81;170,52
S;58;0;190,58;173,26
S;58;0;189,33;176,00
S;58;0;188,08;178,73
S;58;0;186,83;181,46
S;58;0;185,57;184,18
S;58;0;184,32;186,91
S;58;0;183,07;189,64
S;58;0;181,84;192,38
S;58;0;180,62;195,13
S;58;0;179,43;197,88
S;58;0;178,27;200,66
S;58;0;177,18;203,45
S;58;0;176,16;206,28
S;58;0;175,15;209,10
S;58;0;174,10;211,92
S;58;0;173,01;214,72
S;58;0;171,90;217,51
S;58;0;170,76;220,28
S;58;0;169,59;223,05
S;58;0;168,41;225,81
S;58;0;167,22;228,57
S;58;0;166,01;231,32
S;58;0;164,79;234,06
S;58;0;163,57;236,81
S;58;0;162,35;239,55
S;58;0;161,14;242,30
S;58;0;159,93;245,04
S;58;0;158,72;247,80
S;58;0;157,54;250,55
S;58;0;156,37;253,32
S;58;0;155,22;256,09
S;58;0;154,09;258,88
S;58;0;152,99;261,67
S;58;0;151,93;264,48
S;58;0;150,90;267,30
S;58;0;149,91;270,14
S;58;0;148,93;272,98
S;58;0;147,97;275,82
S;58;0;147,01;278,67
S;58;0;146,06;281,52
S;58;0;145,12;284,37
S;58;0;144,18;287,22
S;58;0;143,26;290,08
S;58;0;142,33;292,94
S;58;0;141,42;295,80
S;58;0;140,50;298,66
S;58;0;139,59;301,52
S;58;0;138,69;304,38
S;58;0;137,78;307,24
S;58;0;136,88;310,11
S;58;0;135,98;312,97
S;58;0;135,07;315,84
S;58;0;134,17;318,70
S;58;0;133,27;321,56
S;58;0;132,36;324,43
S;58;0;131,45;327,29
S;58;0;130,53;330,15
S;58;0;129,62;333,01
S;58;0;128,69;335,87
S;58;0;127,76;338,72
S;58;0;126,83;341,58
S;58;0;125,89;344,43
S;58;0;124,94;347,28
S;58;0;123,98;350,12
S;58;0;123,01;352,96
S;58;0;122,03;355,80
S;58;0;121,04;358,64
S;58;0;120,04;361,47
S;58;0;119,03;364,30
S;58;0;118,01;367,12
S;58;0;116,99;369,95
S;58;0;115,97;372,77
S;58;0;114,95;375,60
S;58;0;113,94;378,42
S;58;0;112,93;381,25
S;58;0;111,93;384,08
S;58;0;110,95;386,92
S;58;0;109,98;389,76
S;58;0;109,02;392,61
S;58;0;108,09;395,46
S;58;0;107,18;398,33
S;58;0;106,29;401,19
S;58;0;105,43;404,07
S;58;0;104,59;406,96
S;58;0;103,80;409,85
S;58;0;103,03;412,76
S;58;0;102,30;415,67
S;58;0;101,62;418,59
S;58;0;100,98;421,53
S;58;0;100,39;424,47
S;58;0;99,85;427,42
S;58;0;99,36;430,39
S;58;0;98,94;433,36
S;58;0;98,58;436,34
S;58;0;98,28;439,33
S;58;0;98,06;442,32
S;58;0;97,91;445,32
S;58;0;97,84;448,33
S;58;0;97,86;451,33
S;58;0;97,97;454,33
G;59;0000;plus
S;59;1;85,39;330,14
S;59;1;88,36;330,43
S;59;1;91,34;330,67
S;59;1;94,32;330,85
S;59;1;97,30;330,98
S;59;1;100,29;331,07
S;59;1;103,27;331,11
S;59;1;106,26;331,11
S;59;1;109,24;331,08
S;59;1;112,23;331,01
S;59;1;115,21;330,91
S;59;1;118,20;330,78
S;59;1;121,18;330,62
S;59;1;124,16;330,44
S;59;1;127,14;330,24
S;59;1;130,12;330,03
S;59;1;133,09;329,80
S;59;1;136,07;329,56
S;59;1;139,05;329,30
S;59;1;142,02;329,05
S;59;1;144,99;328,78
S;59;1;147,97;328,52
S;59;1;150,94;328,26
S;59;1;153,92;328,00
S;59;1;156,89;327,75
S;59;1;159,87;327,51
S;59;1;162,85;327,28
S;59;1;165,83;327,06
S;59;1;168,80;326,86
S;59;1;171,79;326,69
S;59;1;174,77;326,53
S;59;1;177,75;326,40
S;59;1;180,74;326,30
S;59;1;183,72;326,24
S;59;1;186,71;326,20
S;59;1;189,69;326,21
S;59;1;192,68;326,26
S;59;1;195,66;326,35
S;59;1;198,64;326,49
S;59;1;201,62;326,68
S;59;1;204,60;326,93
S;59;1;207,57;327,23
S;59;1;210,53;327,59
S;59;1;213,49;328,02
S;59;0;149,98;271,20
S;59;0;149,66;274,22
S;59;0;149,43;277,24
S;59;0;149,27;280,27
S;59;0;149,19;283,31
S;59;0;149,17;286,34
S;59;0;149,21;289,37
S;59;0;149,30;292,41
S;59;0;149,43;295,44
S;59;0;149,60;298,47
S;59;0;149,81;301,49
S;59;0;150,05;304,52
S;59;0;150,30;307,54
S;59;0;150,58;310,56
S;59;0;150,87;313,58
S;59;0;151,17;316,60
S;59;0;151,47;319,62
S;59;0;151,78;322,64
S;59;0;152,07;325,66
S;59;0;152,35;328,68
S;59;0;152,62;331,70
S;59;0;152,87;334,73
S;59;0;153,08;337,76
S;59;0;153,26;340,78
S;59;0;153,39;343,82
S;59;0;153,48;346,85
S;59;0;153,53;349,88
S;59;0;153,54;352,92
S;59;0;153,53;355,95
S;59;0;153,50;358,98
S;59;0;153,46;362,02
S;59;0;153,40;365,05
S;59;0;153,35;368,09
S;59;0;153,30;371,12
S;59;0;153,27;374,15
S;59;0;153,25;377,19
S;59;0;153,26;380,22
S;59;0;153,29;383,26
S;59;0;153,37;386,29
S;59;0;153,49;389,32
G;60;0000;star
S;60;2;112,99;249,26
S;60;2;115,21;247,34
S;60;2;117,17;245,11
S;60;2;119,08;242,83
S;60;2;120,95;240,53
S;60;2;122,81;238,21
S;60;2;124,67;235,90
S;60;2;126,53;233,59
S;60;2;128,49;231,35
S;60;2;130,49;229,16
S;60;2;132,51;226,99
S;60;2;134,57;224,84
S;60;2;136,64;222,72
S;60;2;138,75;220,62
S;60;2;140,87;218,55
S;60;2;143,01;216,50
S;60;2;145,18;214,46
S;60;2;147,36;212,45
S;60;2;149,57;210,46
S;60;2;151,79;208,49
S;60;2;154,02;206,54
S;60;2;156,27;204,60
S;60;2;158,54;202,69
S;60;2;160,82;200,78
S;60;2;163,12;198,90
S;60;2;165,42;197,03
S;60;2;167,74;195,17
S;60;2;170,07;193,33
S;60;2;172,41;191,51
S;60;2;174,74;189,66
S;60;2;177,03;187,78
S;60;2;179,26;185,82
S;60;2;181,17;183,58
S;60;1;148,63;153,55
S;60;1;149,74;156,33
S;60;1;150,81;159,12
S;60;1;151,88;161,91
S;60;1;152,97;164,69
S;60;1;154,12;167,45
S;60;1;155,36;170,17
S;60;1;156,72;172,84
S;60;1;158,23;175,42
S;60;1;159,93;177,88
S;60;1;161,85;180,16
S;60;1;164,03;182,21
S;60;1;166,46;183,95
S;60;1;169,12;185,31
S;60;1;171,95;186,25
S;60;1;174,89;186,78
S;60;1;177,88;186,94
S;60;1;180,86;186,70
S;60;1;183,80;186,17
S;60;1;186,71;185,48
S;60;1;189,59;184,69
S;60;1;192,46;183,85
S;60;1;195,31;182,96
S;60;1;198,16;182,06
S;60;1;201,01;181,14
S;60;1;203,86;180,23
S;60;1;206,71;179,33
S;60;1;209,57;178,46
S;60;1;212,44;177,61
S;60;1;215,32;176,82
S;60;1;218,22;176,08
S;60;1;221,14;175,44
S;60;1;224,08;174,91
S;60;1;227,05;174,56
S;60;1;230,04;174,45
S;60;1;233,01;174,74
S;60;1;235,83;175,70
S;60;1;238,07;177,64
S;60;0;202,62;128,12
S;60;0;201,75;130,97
S;60;0;200,69;133,75
S;60;0;199,47;136,47
S;60;0;198,12;139,13
S;60;0;196,69;141,74
S;60;0;195,21;144,33
S;60;0;193,71;146,91
S;60;0;192,24;149,50
S;60;0;190,83;152,13
S;60;0;189,52;154,80
S;60;0;188,28;157,51
S;60;0;187,11;160,25
S;60;0;186,00;163,02
S;60;0;184,99;165,82
S;60;0;184,07;168,66
S;60;0;183,28;171,53
S;60;0;182,62;174,43
S;60;0;182,12;177,37
S;60;0;181,79;180,33
S;60;0;181,62;183,31
S;60;0;181,62;186,29
S;60;0;181,77;189,26
S;60;0;182,03;192,23
S;60;0;182,37;195,19
S;60;0;182,78;198,15
S;60;0;183,21;201,09
S;60;0;183,66;204,04
S;60;0;184,10;206,99
S;60;0;184,53;209,94
S;60;0;184,94;212,89
S;60;0;185,31;215,85
S;60;0;185,72;218,80
S;60;0;186,20;221,74
S;60;0;186,78;224,66
S;60;0;187,49;227,56
S;60;0;188,36;230,41
S;60;0;189,42;233,19
S;60;0;190,71;235,87
S;60;0;192,27;238,41
S;60;0;194,14;240,73
S;60;0;196,32;242,76
S;60;0;198,79;244,42
G;61;0000;slash
S;61;0;221,53;149,63
S;61;0;219,74;152,03
S;61;0;217,96;154,43
S;61;0;216,19;156,84
S;61;0;214,42;159,25
S;61;0;212,67;161,68
S;61;0;210,92;164,10
S;61;0;209,18;166,54
S;61;0;207,45;168,98
S;61;0;205,73;171,42
S;61;0;204,01;173,87
S;61;0;202,30;176,33
S;61;0;200,61;178,79
S;61;0;198,92;181,26
S;61;0;197,23;183,73
S;61;0;195,56;186,21
S;61;0;193,89;188,69
S;61;0;192,23;191,18
S;61;0;190,57;193,67
S;61;0;188,92;196,17
S;61;0;187,28;198,67
S;61;0;185,65;201,17
S;61;0;184,02;203,69
S;61;0;182,40;206,20
S;61;0;180,79;208,72
S;61;0;179,18;211,24
S;61;0;177,58;213,77
S;61;0;175,99;216,30
S;61;0;174,40;218,83
S;61;0;172,82;221,37
S;61;0;171,24;223,91
S;61;0;169,67;226,46
S;61;0;168,11;229,01
S;61;0;166,55;231,56
S;61;0;165,00;234,12
S;61;0;163,45;236,68
S;61;0;161,90;239,24
S;61;0;160,37;241,80
S;61;0;158,83;244,37
S;61;0;157,30;246,94
S;61;0;155,78;249,52
S;61;0;154,26;252,10
S;61;0;152,75;254,68
S;61;0;151,24;257,26
S;61;0;149,73;259,84
S;61;0;148,23;262,43
S;61;0;146,74;265,02
S;61;0;145,24;267,61
S;61;0;143,75;270,21
S;61;0;142,27;272,80
S;61;0;140,79;275,40
S;61;0;139,31;278,00
S;61;0;137,84;280,60
S;61;0;136,36;283,21
S;61;0;134,90;285,82
S;61;0;133,43;288,42
S;61;0;131,97;291,03
S;61;0;130,51;293,64
S;61;0;129,06;296,26
S;61;0;127,60;298,87
S;61;0;126,15;301,49
S;61;0;124,70;304,11
S;61;0;123,26;306,72
S;61;0;121,81;309,34
S;61;0;120,37;311,96
S;61;0;118,93;314,59
S;61;0;117,50;317,21
S;61;0;116,06;319,83
S;61;0;114,63;322,46
S;61;0;113,19;325,08
S;61;0;111,75;327,70
S;61;0;110,31;330,33
S;61;0;108,88;332,95
S;61;0;107,44;335,57
S;61;0;106,00;338,20
S;61;0;104,56;340,82
S;61;0;103,13;343,44
S;61;0;101,69;346,07
S;61;0;100,26;348,69
S;61;0;98,83;351,32
S;61;0;97,40;353,95
S;61;0;95,98;356,58
S;61;0;94,56;359,21
S;61;0;93,14;361,85
S;61;0;91,73;364,48
S;61;0;90,32;367,12
S;61;0;88,92;369,77
S;61;0;87,53;372,41
S;61;0;86,14;375,06
S;61;0;84,75;377,71
S;61;0;83,38;380,37
S;61;0;82,01;383,03
S;61;0;80,65;385,69
S;61;0;79,30;388,36
S;61;0;77,95;391,03
S;61;0;76,62;393,71
S;61;0;75,29;396,39
S;61;0;73,98;399,08
S;61;0;72,68;401,77
S;61;0;71,38;404,47
S;61;0;70,10;407,17
S;61;0;68,83;409,88
S;61;0;67,57;412,59
S;61;0;66,33;415,31
S;61;0;65,10;418,04
S;61;0;63,88;420,77
S;61;0;62,68;423,51
S;61;0;61,49;426,26
S;61;0;60,32;429,01
S;61;0;59,16;431,77
S;61;0;58,02;434,53
G;62;0000;cap_Ü
S;62;2;260,82;104,70
S;62;2;261,17;104,39
S;62;2;261,56;104,13
S;62;2;262,00;103,97
S;62;2;262,45;104,08
S;62;2;262,55;104,52
S;62;2;262,39;104,96
S;62;2;262,13;105,35
S;62;2;261,82;105,70
S;62;1;211,21;104,74
S;62;1;211,56;104,43
S;62;1;211,95;104,17
S;62;1;212,39;104,01
S;62;1;212,84;104,12
S;62;1;212,94;104,56
S;62;1;212,78;105,00
S;62;1;212,52;105,39
S;62;1;212,21;105,74
S;62;0;164,49;162,16
S;62;0;162,73;164,60
S;62;0;161,02;167,06
S;62;0;159,34;169,56
S;62;0;157,70;172,07
S;62;0;156,09;174,61
S;62;0;154,52;177,17
S;62;0;152,97;179,75
S;62;0;151,46;182,34
S;62;0;149,98;184,96
S;62;0;148,52;187,58
S;62;0;147,09;190,23
S;62;0;145,69;192,88
S;62;0;144,31;195,55
S;62;0;142,95;198,23
S;62;0;141,62;200,93
S;62;0;140,31;203,63
S;62;0;139,02;206,34
S;62;0;137,76;209,07
S;62;0;136,51;211,80
S;62;0;135,29;214,55
S;62;0;134,09;217,30
S;62;0;132,90;220,06
S;62;0;131,74;222,83
S;62;0;130,59;225,61
S;62;0;129,47;228,39
S;62;0;128,36;231,19
S;62;0;127,27;233,99
S;62;0;126,20;236,79
S;62;0;125,14;239,61
S;62;0;124,11;242,43
S;62;0;123,09;245,25
S;62;0;122,09;248,09
S;62;0;121,10;250,93
S;62;0;120,14;253,77
S;62;0;119,19;256,62
S;62;0;118,26;259,48
S;62;0;117,34;262,34
S;62;0;116,45;265,21
S;62;0;115,57;268,08
S;62;0;114,70;270,96
S;62;0;113,86;273,84
S;62;0;113,03;276,73
S;62;0;112,22;279,62
S;62;0;111,43;282,52
S;62;0;110,66;285,43
S;62;0;109,91;288,33
S;62;0;109,17;291,25
S;62;0;108,46;294,16
S;62;0;107,76;297,09
S;62;0;107,08;300,01
S;62;0;106,43;302,95
S;62;0;105,79;305,88
S;62;0;105,18;308,82
S;62;0;104,59;311,77
S;62;0;104,02;314,72
S;62;0;103,47;317,67
S;62;0;102,95;320,63
S;62;0;102,46;323,60
S;62;0;101,99;326,56
S;62;0;101,55;329,54
S;62;0;101,13;332,51
S;62;0;100,75;335,49
S;62;0;100,40;338,48
S;62;0;100,08;341,46
S;62;0;99,80;344,45
S;62;0;99,56;347,45
S;62;0;99,31;350,44
S;62;0;99,07;353,44
S;62;0;98,85;356,43
S;62;0;98,66;359,43
S;62;0;98,49;362,43
S;62;0;98,38;365,43
S;62;0;98,31;368,44
S;62;0;98,31;371,44
S;62;0;98,38;374,45
S;62;0;98,53;377,45
S;62;0;98,77;380,44
S;62;0;99,12;383,42
S;62;0;99,60;386,39
S;62;0;100,21;389,33
S;62;0;100,99;392,23
S;62;0;101,95;395,08
S;62;0;103,11;397,85
S;62;0;104,49;400,52
S;62;0;106,12;403,04
S;62;0;107,99;405,39
S;62;0;110,11;407,51
S;62;0;112,46;409,38
S;62;0;115,01;410,97
S;62;0;117,72;412,28
S;62;0;120,54;413,30
S;62;0;123,44;414,07
S;62;0;126,40;414,59
S;62;0;129,39;414,86
S;62;0;132,40;414,88
S;62;0;135,39;414,64
S;62;0;138,35;414,16
S;62;0;141,27;413,44
S;62;0;144,13;412,52
S;62;0;146,92;411,39
S;62;0;149,63;410,10
S;62;0;152,26;408,66
S;62;0;154,82;407,08
S;62;0;157,30;405,38
S;62;0;159,70;403,58
S;62;0;162,04;401,69
S;62;0;164,30;399,72
S;62;0;166,51;397,68
S;62;0;168,66;395,58
S;62;0;170,75;393,43
S;62;0;172,80;391,22
S;62;0;174,80;388,98
S;62;0;176,75;386,70
S;62;0;178,67;384,39
S;62;0;180,55;382,04
S;62;0;182,40;379,68
S;62;0;184,22;377,29
S;62;0;186,02;374,88
S;62;0;187,79;372,46
S;62;0;189,55;370,02
S;62;0;191,30;367,58
S;62;0;193,05;365,13
S;62;0;194,79;362,68
S;62;0;196,52;360,23
S;62;0;198,25;357,77
S;62;0;199,97;355,31
S;62;0;201,68;352,84
S;62;0;203,39;350,36
S;62;0;205,08;347,88
S;62;0;206,77;345,40
S;62;0;208,44;342,90
S;62;0;210,10;340,40
S;62;0;211,76;337,89
S;62;0;213,40;335,37
S;62;0;215,03;332,85
S;62;0;216,64;330,32
S;62;0;218,24;327,77
S;62;0;219,82;325,22
S;62;0;221,39;322,66
S;62;0;222,95;320,09
S;62;0;224,48;317,50
S;62;0;226,00;314,91
S;62;0;227,50;312,31
S;62;0;228,98;309,70
S;62;0;230,44;307,07
S;62;0;231,88;304,43
S;62;0;233,30;301,78
S;62;0;234,70;299,12
S;62;0;236,07;296,45
S;62;0;237,42;293,77
S;62;0;238,74;291,07
S;62;0;240,04;288,36
S;62;0;241,31;285,64
S;62;0;242,55;282,90
S;62;0;243,76;280,15
S;62;0;244,94;277,39
S;62;0;246,07;274,60
S;62;0;247,16;271,80
S;62;0;248,21;268,99
S;62;0;249,23;266,16
S;62;0;250,22;263,32
S;62;0;251,17;260,48
S;62;0;252,11;257,62
S;62;0;253,03;254,76
S;62;0;253,93;251,90
S;62;0;254,83;249,03
S;62;0;255,71;246,16
S;62;0;256,60;243,29
S;62;0;257,49;240,42
S;62;0;258,38;237,55
S;62;0;259,29;234,68
S;62;0;260,21;231,82
S;62;0;261,15;228,97
S;62;0;262,11;226,12
S;62;0;263,09;223,28
S;62;0;264,08;220,45
S;62;0;265,06;217,61
S;62;0;266,05;214,77
S;62;0;267,03;211,93
S;62;0;267,98;209,08
S;62;0;268,92;206,23
S;62;0;269,83;203,36
S;62;0;270,71;200,49
S;62;0;271,54;197,60
S;62;0;272,32;194,70
S;62;0;273,05;191,79
S;62;0;273,72;188,86
S;62;0;274,32;185,91
S;62;0;274,84;182,96
S;62;0;275,28;179,98
S;62;0;275,62;177,00
S;62;0;275,87;174,00
S;62;0;276,02;171,00
S;62;0;276,05;168,00
S;62;0;275,97;165,00
S;62;0;275,77;162,00
S;62;0;275,45;159,01
S;62;0;275,01;156,04
G;63;0000;cap_Ö
S;63;2;266,55;104,79
S;63;2;266,90;104,48
S;63;2;267,29;104,22
S;63;2;267,73;104,06
S;63;2;268,18;104,17
S;63;2;268,28;104,61
S;63;2;268,12;105,05
S;63;2;267,86;105,44
S;63;2;267,55;105,79
S;63;1;217,01;104,70
S;63;1;217,36;104,39
S;63;1;217,75;104,13
S;63;1;218,19;103,97
S;63;1;218,64;104,08
S;63;1;218,74;104,52
S;63;1;218,58;104,96
S;63;1;218,32;105,35
S;63;1;218,01;105,70
S;63;0;205,94;165,39
S;63;0;208,93;165,66
S;63;0;211,90;166,10
S;63;0;214,84;166,70
S;63;0;217,74;167,48
S;63;0;220,58;168,45
S;63;0;223,35;169,62
S;63;0;226,02;171,00
S;63;0;228,58;172,57
S;63;0;231,01;174,33
S;63;0;233,30;176,27
S;63;0;235,43;178,38
S;63;0;237,41;180,64
S;63;0;239,22;183,03
S;63;0;240,88;185,54
S;63;0;242,38;188,14
S;63;0;243,73;190,82
S;63;0;244,94;193,57
S;63;0;246,01;196,38
S;63;0;246,96;199,22
S;63;0;247,79;202,11
S;63;0;248,52;205,02
S;63;0;249,14;207,96
S;63;0;249,67;210,92
S;63;0;250,12;213,89
S;63;0;250,48;216,87
S;63;0;250,77;219,86
S;63;0;250,98;222,85
S;63;0;251,13;225,85
S;63;0;251,22;228,85
S;63;0;251,24;231,86
S;63;0;251,21;234,86
S;63;0;251,13;237,86
S;63;0;251,00;240,86
S;63;0;250,82;243,86
S;63;0;250,58;246,85
S;63;0;250,26;249,84
S;63;0;249,88;252,82
S;63;0;249,44;255,79
S;63;0;248,94;258,75
S;63;0;248,39;261,70
S;63;0;247,78;264,64
S;63;0;247,14;267,58
S;63;0;246,45;270,50
S;63;0;245,72;273,41
S;63;0;244,95;276,31
S;63;0;244,14;279,21
S;63;0;243,30;282,09
S;63;0;242,42;284,96
S;63;0;241,51;287,82
S;63;0;240,57;290,68
S;63;0;239,60;293,52
S;63;0;238,60;296,35
S;63;0;237,56;299,17
S;63;0;236,50;301,98
S;63;0;235,41;304,78
S;63;0;234,30;307,56
S;63;0;233,15;310,34
S;63;0;231,98;313,11
S;63;0;230,78;315,86
S;63;0;229,55;318,60
S;63;0;228,30;321,33
S;63;0;227,02;324,05
S;63;0;225,71;326,75
S;63;0;224,38;329,44
S;63;0;223,02;332,12
S;63;0;221,63;334,78
S;63;0;220,22;337,43
S;63;0;218,78;340,07
S;63;0;217,31;342,68
S;63;0;215,81;345,29
S;63;0;214,28;347,87
S;63;0;212,73;350,44
S;63;0;211,15;353,00
S;63;0;209,53;355,53
S;63;0;207,89;358,04
S;63;0;206,22;360,54
S;63;0;204,51;363,01
S;63;0;202,77;365,46
S;63;0;201,00;367,88
S;63;0;199,20;370,28
S;63;0;197,36;372,66
S;63;0;195,48;375,00
S;63;0;193,57;377,32
S;63;0;191,62;379,60
S;63;0;189,64;381,86
S;63;0;187,61;384,07
S;63;0;185,54;386,25
S;63;0;183,43;388,39
S;63;0;181,28;390,48
S;63;0;179,08;392,52
S;63;0;176,83;394,51
S;63;0;174,53;396,45
S;63;0;172,19;398,33
S;63;0;169,80;400,14
S;63;0;167,35;401,88
S;63;0;164,85;403,54
S;63;0;162,30;405,12
S;63;0;159,69;406,61
S;63;0;157,02;408,00
S;63;0;154,31;409,28
S;63;0;151,54;410,44
S;63;0;148,72;411,48
S;63;0;145,86;412,39
S;63;0;142,97;413,22
S;63;0;140,06;413,94
S;63;0;137,12;414,55
S;63;0;134,15;415,03
S;63;0;131,17;415,36
S;63;0;128,17;415,51
S;63;0;125,17;415,46
S;63;0;122,18;415,19
S;63;0;119,22;414,66
S;63;0;116,33;413,85
S;63;0;113,55;412,73
S;63;0;110,91;411,31
S;63;0;108,45;409,58
S;63;0;106,21;407,58
S;63;0;104,21;405,34
S;63;0;102,45;402,91
S;63;0;100,92;400,33
S;63;0;99,60;397,63
S;63;0;98,49;394,84
S;63;0;97,55;391,99
S;63;0;96,77;389,09
S;63;0;96,13;386,16
S;63;0;95,62;383,20
S;63;0;95,23;380,22
S;63;0;94,93;377,23
S;63;0;94,73;374,24
S;63;0;94,60;371,24
S;63;0;94,56;368,23
S;63;0;94,58;365,23
S;63;0;94,66;362,23
S;63;0;94,80;359,23
S;63;0;95,00;356,23
S;63;0;95,24;353,24
S;63;0;95,54;350,25
S;63;0;95,87;347,27
S;63;0;96,25;344,29
S;63;0;96,66;341,31
S;63;0;97,11;338,34
S;63;0;97,59;335,38
S;63;0;98,11;332,42
S;63;0;98,67;329,47
S;63;0;99,29;326,53
S;63;0;99,95;323,60
S;63;0;100,67;320,68
S;63;0;101,42;317,78
S;63;0;102,22;314,88
S;63;0;103,06;312,00
S;63;0;103,94;309,13
S;63;0;104,86;306,27
S;63;0;105,81;303,42
S;63;0;106,79;300,58
S;63;0;107,80;297,75
S;63;0;108,83;294,93
S;63;0;109,89;292,12
S;63;0;110,98;289,32
S;63;0;112,08;286,53
S;63;0;113,21;283,75
S;63;0;114,35;280,97
S;63;0;115,51;278,20
S;63;0;116,68;275,43
S;63;0;117,86;272,67
S;63;0;119,05;269,91
S;63;0;120,25;267,16
S;63;0;121,46;264,42
S;63;0;122,69;261,68
S;63;0;123,94;258,94
S;63;0;125,20;256,22
S;63;0;126,49;253,50
S;63;0;127,79;250,80
S;63;0;129,11;248,10
S;63;0;130,46;245,42
S;63;0;131,84;242,75
S;63;0;133,24;240,09
S;63;0;134,67;237,45
S;63;0;136,12;234,83
S;63;0;137,61;232,22
S;63;0;139,14;229,63
S;63;0;140,70;227,06
S;63;0;142,29;224,52
S;63;0;143,93;222,00
S;63;0;145,60;219,51
S;63;0;147,31;217,04
S;63;0;149,07;214,60
S;63;0;150,86;212,19
S;63;0;152,70;209,82
S;63;0;154,58;207,48
S;63;0;156,51;205,18
S;63;0;158,48;202,91
S;63;0;160,50;200,69
S;63;0;162,56;198,50
S;63;0;164,66;196,36
S;63;0;166,81;194,26
S;63;0;169,00;192,20
S;63;0;171,23;190,19
S;63;0;173,50;188,23
S;63;0;175,81;186,31
S;63;0;178,16;184,44
S;63;0;180,54;182,61
S;63;0;182,96;180,83
S;63;0;185,42;179,10
S;63;0;187,90;177,41
S;63;0;190,42;175,77
S;63;0;192,96;174,18
S;63;0;195,53;172,63
S;63;0;198,13;171,12
S;63;0;200,75;169,66
S;63;0;203,40;168,23
S;63;0;206,06;166,85
S;63;0;208,75;165,51
G;64;0000;cap_Ä
S;64;3;268,45;104,80
S;64;3;268,80;104,49
S;64;3;269,19;104,23
S;64;3;269,63;104,07
S;64;3;270,08;104,18
S;64;3;270,18;104,62
S;64;3;270,02;105,06
S;64;3;269,76;105,45
S;64;3;269,45;105,80
S;64;2;218,91;104,73
S;64;2;219,26;104,42
S;64;2;219,65;104,16
S;64;2;220,09;104,00
S;64;2;220,54;104,11
S;64;2;220,64;104,55
S;64;2;220,48;104,99
S;64;2;220,22;105,38
S;64;2;219,91;105,73
S;64;1;132,06;304,56
S;64;1;134,86;305,59
S;64;1;137,73;306,39
S;64;1;140,66;306,98
S;64;1;143,62;307,35
S;64;1;146,60;307,54
S;64;1;149,58;307,56
S;64;1;152,57;307,44
S;64;1;155,54;307,20
S;64;1;158,50;306,85
S;64;1;161,46;306,41
S;64;1;164,40;305,91
S;64;1;167,33;305,35
S;64;1;170,26;304,75
S;64;1;173,18;304,13
S;64;1;176,09;303,50
S;64;1;179,01;302,86
S;64;1;181,93;302,24
S;64;1;184,85;301,65
S;64;1;187,79;301,10
S;64;1;190,73;300,61
S;64;1;193,69;300,20
S;64;1;196,65;299,88
S;64;1;199,63;299,67
S;64;1;202,62;299,60
S;64;1;205,60;299,70
S;64;1;208,57;299,98
S;64;1;211,51;300,47
S;64;1;214,41;301,19
S;64;1;217,23;302,17
S;64;1;219,95;303,39
S;64;0;69,22;417,76
S;64;0;70,06;414,88
S;64;0;70,96;412,01
S;64;0;71,91;409,16
S;64;0;72,91;406,33
S;64;0;73,94;403,50
S;64;0;75,00;400,69
S;64;0;76,09;397,90
S;64;0;77,22;395,11
S;64;0;78,36;392,33
S;64;0;79,53;389,57
S;64;0;80,72;386,81
S;64;0;81,93;384,06
S;64;0;83,16;381,32
S;64;0;84,41;378,58
S;64;0;85,67;375,86
S;64;0;86,95;373,14
S;64;0;88,25;370,43
S;64;0;89,56;367,73
S;64;0;90,89;365,04
S;64;0;92,24;362,35
S;64;0;93,60;359,67
S;64;0;94,97;357,00
S;64;0;96,36;354,34
S;64;0;97,77;351,68
S;64;0;99,20;349,04
S;64;0;100,64;346,40
S;64;0;102,10;343,78
S;64;0;103,57;341,16
S;64;0;105,07;338,56
S;64;0;106,59;335,97
S;64;0;108,14;333,39
S;64;0;109,71;330,83
S;64;0;111,31;328,29
S;64;0;113,00;325,81
S;64;0;114,79;323,39
S;64;0;116,63;321,02
S;64;0;118,51;318,68
S;64;0;120,40;316,34
S;64;0;122,28;314,00
S;64;0;124,12;311,62
S;64;0;125,89;309,19
S;64;0;127,56;306,70
S;64;0;129,11;304,13
S;64;0;130,52;301,47
S;64;0;131,82;298,77
S;64;0;133,03;296,02
S;64;0;134,18;293,24
S;64;0;135,30;290,45
S;64;0;136,41;287,66
S;64;0;137,54;284,88
S;64;0;138,72;282,12
S;64;0;139,97;279,39
S;64;0;141,32;276,70
S;64;0;142,71;274,04
S;64;0;144,11;271,38
S;64;0;145,54;268,74
S;64;0;146,98;266,10
S;64;0;148,44;263,48
S;64;0;149,92;260,86
S;64;0;151,41;258,25
S;64;0;152,92;255,66
S;64;0;154,44;253,06
S;64;0;155,97;250,48
S;64;0;157,52;247,91
S;64;0;159,08;245,34
S;64;0;160,65;242,77
S;64;0;162,22;240,22
S;64;0;163,81;237,67
S;64;0;165,40;235,12
S;64;0;167,00;232,58
S;64;0;168,60;230,04
S;64;0;170,21;227,50
S;64;0;171,83;224,97
S;64;0;173,45;222,44
S;64;0;175,07;219,91
S;64;0;176,69;217,38
S;64;0;178,26;214,82
S;64;0;179,77;212,22
S;64;0;181,26;209,61
S;64;0;182,76;207,01
S;64;0;184,27;204,41
S;64;0;185,79;201,82
S;64;0;187,33;199,24
S;64;0;188,90;196,68
S;64;0;190,50;194,13
S;64;0;192,12;191,61
S;64;0;193,78;189,11
S;64;0;195,49;186,63
S;64;0;197,24;184,19
S;64;0;199,04;181,79
S;64;0;200,90;179,43
S;64;0;202,84;177,13
S;64;0;204,85;174,91
S;64;0;206,97;172,77
S;64;0;209,20;170,76
S;64;0;211,57;168,92
S;64;0;214,11;167,31
S;64;0;216,84;166,07
S;64;0;219,75;165,37
S;64;0;222,75;165,44
S;64;0;225,59;166,38
S;64;0;228,08;168,05
S;64;0;230,21;170,16
S;64;0;232,06;172,53
S;64;0;233,59;175,11
S;64;0;234,80;177,86
S;64;0;235,71;180,72
S;64;0;236,34;183,66
S;64;0;236,73;186,63
S;64;0;236,92;189,63
S;64;0;236,94;192,64
S;64;0;236,82;195,64
S;64;0;236,58;198,63
S;64;0;236,26;201,62
S;64;0;235,86;204,60
S;64;0;235,41;207,57
S;64;0;234,92;210,53
S;64;0;234,41;213,49
S;64;0;233,90;216,45
S;64;0;233,40;219,41
S;64;0;232,94;222,38
S;64;0;232,55;225,36
S;64;0;232,25;228,35
S;64;0;232,07;231,35
S;64;0;231,88;234,35
S;64;0;231,65;237,34
S;64;0;231,39;240,33
S;64;0;231,09;243,32
S;64;0;230,77;246,31
S;64;0;230,43;249,29
S;64;0;230,06;252,28
S;64;0;229,66;255,25
S;64;0;229,26;258,23
S;64;0;228,83;261,20
S;64;0;228,40;264,18
S;64;0;227,95;267,15
S;64;0;227,50;270,12
S;64;0;227,05;273,09
S;64;0;226,60;276,06
S;64;0;226,14;279,03
S;64;0;225,70;282,00
S;64;0;225,26;284,97
S;64;0;224,83;287,94
S;64;0;224,42;290,92
S;64;0;224,02;293,90
S;64;0;223,64;296,88
S;64;0;223,32;299,86
S;64;0;223,06;302,86
S;64;0;222,85;305,85
S;64;0;222,68;308,85
S;64;0;222,55;311,85
S;64;0;222,45;314,86
S;64;0;222,37;317,86
S;64;0;222,29;320,86
S;64;0;222,22;323,86
S;64;0;222,15;326,87
S;64;0;222,06;329,87
S;64;0;221,95;332,87
S;64;0;221,81;335,87
S;64;0;221,63;338,87
S;64;0;221,43;341,87
S;64;0;221,22;344,87
S;64;0;221,00;347,86
S;64;0;220,76;350,86
S;64;0;220,52;353,85
S;64;0;220,28;356,85
S;64;0;220,03;359,84
S;64;0;219,79;362,83
S;64;0;219,56;365,83
S;64;0;219,33;368,82
S;64;0;219,12;371,82
S;64;0;218,92;374,82
S;64;0;218,74;377,82
S;64;0;218,59;380,82
S;64;0;218,46;383,82
S;64;0;218,36;386,82
S;64;0;218,29;389,82
S;64;0;218,25;392,83
S;64;0;218,25;395,83
S;64;0;218,29;398,84
S;64;0;218,38;401,84
S;64;0;218,51;404,84
